MSBuild version 18.4.0+6e61e96ac for .NET Framework
Build started 3/21/2026 11:05:18 AM.

Project "D:\XML\PersonalFinanceManager\PersonalFinanceManager.slnx" on node 1 (Rebuild target(s)).
ValidateSolutionConfiguration:
  Building solution configuration "Debug|Any CPU".
Project "D:\XML\PersonalFinanceManager\PersonalFinanceManager.slnx" (1) is building "D:\XML\PersonalFinanceManager\PersonalFinanceManager.BLL\PersonalFinanceManager.BLL.csproj" (2) on node 1 (Rebuild target(s)).
CoreClean:
  Deleting file "D:\XML\PersonalFinanceManager\PersonalFinanceManager.BLL\bin\Debug\PersonalFinanceManager.BLL.dll.config".
  Deleting file "D:\XML\PersonalFinanceManager\PersonalFinanceManager.BLL\bin\Debug\PersonalFinanceManager.BLL.dll".
  Deleting file "D:\XML\PersonalFinanceManager\PersonalFinanceManager.BLL\bin\Debug\PersonalFinanceManager.BLL.pdb".
  Deleting file "D:\XML\PersonalFinanceManager\PersonalFinanceManager.BLL\bin\Debug\BCrypt.Net-Next.dll".
  Deleting file "D:\XML\PersonalFinanceManager\PersonalFinanceManager.BLL\bin\Debug\FluentValidation.dll".
  Deleting file "D:\XML\PersonalFinanceManager\PersonalFinanceManager.BLL\bin\Debug\Microsoft.Bcl.AsyncInterfaces.dll".
  Deleting file "D:\XML\PersonalFinanceManager\PersonalFinanceManager.BLL\bin\Debug\Microsoft.Bcl.Numerics.dll".
  Deleting file "D:\XML\PersonalFinanceManager\PersonalFinanceManager.BLL\bin\Debug\Microsoft.ML.Core.dll".
  Deleting file "D:\XML\PersonalFinanceManager\PersonalFinanceManager.BLL\bin\Debug\Microsoft.ML.CpuMath.dll".
  Deleting file "D:\XML\PersonalFinanceManager\PersonalFinanceManager.BLL\bin\Debug\Microsoft.ML.Data.dll".
  Deleting file "D:\XML\PersonalFinanceManager\PersonalFinanceManager.BLL\bin\Debug\Microsoft.ML.DataView.dll".
  Deleting file "D:\XML\PersonalFinanceManager\PersonalFinanceManager.BLL\bin\Debug\Microsoft.ML.FastTree.dll".
  Deleting file "D:\XML\PersonalFinanceManager\PersonalFinanceManager.BLL\bin\Debug\Microsoft.ML.KMeansClustering.dll".
  Deleting file "D:\XML\PersonalFinanceManager\PersonalFinanceManager.BLL\bin\Debug\Microsoft.ML.PCA.dll".
  Deleting file "D:\XML\PersonalFinanceManager\PersonalFinanceManager.BLL\bin\Debug\Microsoft.ML.StandardTrainers.dll".
  Deleting file "D:\XML\PersonalFinanceManager\PersonalFinanceManager.BLL\bin\Debug\Microsoft.ML.Transforms.dll".
  Deleting file "D:\XML\PersonalFinanceManager\PersonalFinanceManager.BLL\bin\Debug\Newtonsoft.Json.dll".
  Deleting file "D:\XML\PersonalFinanceManager\PersonalFinanceManager.BLL\bin\Debug\PersonalFinanceManager.Common.dll".
  Deleting file "D:\XML\PersonalFinanceManager\PersonalFinanceManager.BLL\bin\Debug\PersonalFinanceManager.DAL.dll".
  Deleting file "D:\XML\PersonalFinanceManager\PersonalFinanceManager.BLL\bin\Debug\PersonalFinanceManager.Models.dll".
  Deleting file "D:\XML\PersonalFinanceManager\PersonalFinanceManager.BLL\bin\Debug\System.Buffers.dll".
  Deleting file "D:\XML\PersonalFinanceManager\PersonalFinanceManager.BLL\bin\Debug\System.CodeDom.dll".
  Deleting file "D:\XML\PersonalFinanceManager\PersonalFinanceManager.BLL\bin\Debug\System.Collections.Immutable.dll".
  Deleting file "D:\XML\PersonalFinanceManager\PersonalFinanceManager.BLL\bin\Debug\System.Memory.dll".
  Deleting file "D:\XML\PersonalFinanceManager\PersonalFinanceManager.BLL\bin\Debug\System.Numerics.Tensors.dll".
  Deleting file "D:\XML\PersonalFinanceManager\PersonalFinanceManager.BLL\bin\Debug\System.Numerics.Vectors.dll".
  Deleting file "D:\XML\PersonalFinanceManager\PersonalFinanceManager.BLL\bin\Debug\System.Runtime.CompilerServices.Unsafe.dll".
  Deleting file "D:\XML\PersonalFinanceManager\PersonalFinanceManager.BLL\bin\Debug\System.Threading.Channels.dll".
  Deleting file "D:\XML\PersonalFinanceManager\PersonalFinanceManager.BLL\bin\Debug\System.Threading.Tasks.Extensions.dll".
  Deleting file "D:\XML\PersonalFinanceManager\PersonalFinanceManager.BLL\bin\Debug\System.Data.SQLite.dll".
  Deleting file "D:\XML\PersonalFinanceManager\PersonalFinanceManager.BLL\bin\Debug\Dapper.dll".
  Deleting file "D:\XML\PersonalFinanceManager\PersonalFinanceManager.BLL\bin\Debug\PersonalFinanceManager.Common.pdb".
  Deleting file "D:\XML\PersonalFinanceManager\PersonalFinanceManager.BLL\bin\Debug\PersonalFinanceManager.DAL.pdb".
  Deleting file "D:\XML\PersonalFinanceManager\PersonalFinanceManager.BLL\bin\Debug\PersonalFinanceManager.DAL.dll.config".
  Deleting file "D:\XML\PersonalFinanceManager\PersonalFinanceManager.BLL\bin\Debug\PersonalFinanceManager.Models.pdb".
  Deleting file "D:\XML\PersonalFinanceManager\PersonalFinanceManager.BLL\bin\Debug\BCrypt.Net-Next.xml".
  Deleting file "D:\XML\PersonalFinanceManager\PersonalFinanceManager.BLL\bin\Debug\FluentValidation.xml".
  Deleting file "D:\XML\PersonalFinanceManager\PersonalFinanceManager.BLL\bin\Debug\Microsoft.Bcl.AsyncInterfaces.xml".
  Deleting file "D:\XML\PersonalFinanceManager\PersonalFinanceManager.BLL\bin\Debug\Microsoft.Bcl.Numerics.xml".
  Deleting file "D:\XML\PersonalFinanceManager\PersonalFinanceManager.BLL\bin\Debug\Microsoft.ML.Core.xml".
  Deleting file "D:\XML\PersonalFinanceManager\PersonalFinanceManager.BLL\bin\Debug\Microsoft.ML.CpuMath.xml".
  Deleting file "D:\XML\PersonalFinanceManager\PersonalFinanceManager.BLL\bin\Debug\Microsoft.ML.Data.xml".
  Deleting file "D:\XML\PersonalFinanceManager\PersonalFinanceManager.BLL\bin\Debug\Microsoft.ML.DataView.xml".
  Deleting file "D:\XML\PersonalFinanceManager\PersonalFinanceManager.BLL\bin\Debug\Microsoft.ML.FastTree.xml".
  Deleting file "D:\XML\PersonalFinanceManager\PersonalFinanceManager.BLL\bin\Debug\Microsoft.ML.KMeansClustering.xml".
  Deleting file "D:\XML\PersonalFinanceManager\PersonalFinanceManager.BLL\bin\Debug\Microsoft.ML.PCA.xml".
  Deleting file "D:\XML\PersonalFinanceManager\PersonalFinanceManager.BLL\bin\Debug\Microsoft.ML.StandardTrainers.xml".
  Deleting file "D:\XML\PersonalFinanceManager\PersonalFinanceManager.BLL\bin\Debug\Microsoft.ML.Transforms.xml".
  Deleting file "D:\XML\PersonalFinanceManager\PersonalFinanceManager.BLL\bin\Debug\Newtonsoft.Json.xml".
  Deleting file "D:\XML\PersonalFinanceManager\PersonalFinanceManager.BLL\bin\Debug\System.Buffers.xml".
  Deleting file "D:\XML\PersonalFinanceManager\PersonalFinanceManager.BLL\bin\Debug\System.CodeDom.xml".
  Deleting file "D:\XML\PersonalFinanceManager\PersonalFinanceManager.BLL\bin\Debug\System.Collections.Immutable.xml".
  Deleting file "D:\XML\PersonalFinanceManager\PersonalFinanceManager.BLL\bin\Debug\System.Memory.xml".
  Deleting file "D:\XML\PersonalFinanceManager\PersonalFinanceManager.BLL\bin\Debug\System.Numerics.Tensors.xml".
  Deleting file "D:\XML\PersonalFinanceManager\PersonalFinanceManager.BLL\bin\Debug\System.Numerics.Vectors.xml".
  Deleting file "D:\XML\PersonalFinanceManager\PersonalFinanceManager.BLL\bin\Debug\System.Runtime.CompilerServices.Unsafe.xml".
  Deleting file "D:\XML\PersonalFinanceManager\PersonalFinanceManager.BLL\bin\Debug\System.Threading.Channels.xml".
  Deleting file "D:\XML\PersonalFinanceManager\PersonalFinanceManager.BLL\bin\Debug\System.Threading.Tasks.Extensions.xml".
  Deleting file "D:\XML\PersonalFinanceManager\PersonalFinanceManager.BLL\bin\Debug\Dapper.xml".
  Deleting file "D:\XML\PersonalFinanceManager\PersonalFinanceManager.BLL\bin\Debug\System.Data.SQLite.xml".
  Deleting file "D:\XML\PersonalFinanceManager\PersonalFinanceManager.BLL\bin\Debug\BouncyCastle.Cryptography.dll".
  Deleting file "D:\XML\PersonalFinanceManager\PersonalFinanceManager.BLL\bin\Debug\EntityFramework.dll".
  Deleting file "D:\XML\PersonalFinanceManager\PersonalFinanceManager.BLL\bin\Debug\EntityFramework.SqlServer.dll".
  Deleting file "D:\XML\PersonalFinanceManager\PersonalFinanceManager.BLL\bin\Debug\EPPlus.dll".
  Deleting file "D:\XML\PersonalFinanceManager\PersonalFinanceManager.BLL\bin\Debug\EPPlus.Interfaces.dll".
  Deleting file "D:\XML\PersonalFinanceManager\PersonalFinanceManager.BLL\bin\Debug\Guna.Charts.WinForms.dll".
  Deleting file "D:\XML\PersonalFinanceManager\PersonalFinanceManager.BLL\bin\Debug\Guna.UI2.dll".
  Deleting file "D:\XML\PersonalFinanceManager\PersonalFinanceManager.BLL\bin\Debug\itextsharp.dll".
  Deleting file "D:\XML\PersonalFinanceManager\PersonalFinanceManager.BLL\bin\Debug\LiveCharts.dll".
  Deleting file "D:\XML\PersonalFinanceManager\PersonalFinanceManager.BLL\bin\Debug\LiveCharts.WinForms.dll".
  Deleting file "D:\XML\PersonalFinanceManager\PersonalFinanceManager.BLL\bin\Debug\LiveCharts.Wpf.dll".
  Deleting file "D:\XML\PersonalFinanceManager\PersonalFinanceManager.BLL\bin\Debug\Microsoft.IO.RecyclableMemoryStream.dll".
  Deleting file "D:\XML\PersonalFinanceManager\PersonalFinanceManager.BLL\bin\Debug\System.ComponentModel.Annotations.dll".
  Deleting file "D:\XML\PersonalFinanceManager\PersonalFinanceManager.BLL\bin\Debug\System.Data.SQLite.EF6.dll".
  Deleting file "D:\XML\PersonalFinanceManager\PersonalFinanceManager.BLL\bin\Debug\System.Data.SQLite.Linq.dll".
  Deleting file "D:\XML\PersonalFinanceManager\PersonalFinanceManager.BLL\bin\Debug\System.Security.Cryptography.Xml.dll".
  Deleting file "D:\XML\PersonalFinanceManager\PersonalFinanceManager.BLL\bin\Debug\Unity.Abstractions.dll".
  Deleting file "D:\XML\PersonalFinanceManager\PersonalFinanceManager.BLL\bin\Debug\Unity.Container.dll".
  Deleting file "D:\XML\PersonalFinanceManager\PersonalFinanceManager.BLL\bin\Debug\PersonalFinanceManager.Common.dll.config".
  Deleting file "D:\XML\PersonalFinanceManager\PersonalFinanceManager.BLL\bin\Debug\PersonalFinanceManager.Models.dll.config".
  Deleting file "D:\XML\PersonalFinanceManager\PersonalFinanceManager.BLL\bin\Debug\BouncyCastle.Cryptography.xml".
  Deleting file "D:\XML\PersonalFinanceManager\PersonalFinanceManager.BLL\bin\Debug\EntityFramework.xml".
  Deleting file "D:\XML\PersonalFinanceManager\PersonalFinanceManager.BLL\bin\Debug\EntityFramework.SqlServer.xml".
  Deleting file "D:\XML\PersonalFinanceManager\PersonalFinanceManager.BLL\bin\Debug\EPPlus.xml".
  Deleting file "D:\XML\PersonalFinanceManager\PersonalFinanceManager.BLL\bin\Debug\Guna.Charts.WinForms.xml".
  Deleting file "D:\XML\PersonalFinanceManager\PersonalFinanceManager.BLL\bin\Debug\itextsharp.xml".
  Deleting file "D:\XML\PersonalFinanceManager\PersonalFinanceManager.BLL\bin\Debug\LiveCharts.pdb".
  Deleting file "D:\XML\PersonalFinanceManager\PersonalFinanceManager.BLL\bin\Debug\LiveCharts.xml".
  Deleting file "D:\XML\PersonalFinanceManager\PersonalFinanceManager.BLL\bin\Debug\LiveCharts.WinForms.pdb".
  Deleting file "D:\XML\PersonalFinanceManager\PersonalFinanceManager.BLL\bin\Debug\LiveCharts.WinForms.xml".
  Deleting file "D:\XML\PersonalFinanceManager\PersonalFinanceManager.BLL\bin\Debug\LiveCharts.Wpf.pdb".
  Deleting file "D:\XML\PersonalFinanceManager\PersonalFinanceManager.BLL\bin\Debug\LiveCharts.Wpf.xml".
  Deleting file "D:\XML\PersonalFinanceManager\PersonalFinanceManager.BLL\bin\Debug\Microsoft.IO.RecyclableMemoryStream.xml".
  Deleting file "D:\XML\PersonalFinanceManager\PersonalFinanceManager.BLL\bin\Debug\System.Security.Cryptography.Xml.xml".
  Deleting file "D:\XML\PersonalFinanceManager\PersonalFinanceManager.BLL\bin\Debug\Unity.Abstractions.pdb".
  Deleting file "D:\XML\PersonalFinanceManager\PersonalFinanceManager.BLL\bin\Debug\Unity.Container.pdb".
  Deleting file "D:\XML\PersonalFinanceManager\PersonalFinanceManager.BLL\obj\Debug\PersonalFinanceManager.BLL.csproj.AssemblyReference.cache".
  Deleting file "D:\XML\PersonalFinanceManager\PersonalFinanceManager.BLL\obj\Debug\PersonalFinanceManager.BLL.csproj.CoreCompileInputs.cache".
  Deleting file "D:\XML\PersonalFinanceManager\PersonalFinanceManager.BLL\obj\Debug\Personal.56A434E5.Up2Date".
  Deleting file "D:\XML\PersonalFinanceManager\PersonalFinanceManager.BLL\obj\Debug\PersonalFinanceManager.BLL.dll".
  Deleting file "D:\XML\PersonalFinanceManager\PersonalFinanceManager.BLL\obj\Debug\PersonalFinanceManager.BLL.pdb".
Project "D:\XML\PersonalFinanceManager\PersonalFinanceManager.BLL\PersonalFinanceManager.BLL.csproj" (2) is building "D:\XML\PersonalFinanceManager\PersonalFinanceManager.Common\PersonalFinanceManager.Common.csproj" (3:2) on node 1 (Clean target(s)).
CoreClean:
  Deleting file "D:\XML\PersonalFinanceManager\PersonalFinanceManager.Common\bin\Debug\PersonalFinanceManager.Common.dll".
  Deleting file "D:\XML\PersonalFinanceManager\PersonalFinanceManager.Common\bin\Debug\PersonalFinanceManager.Common.pdb".
  Deleting file "D:\XML\PersonalFinanceManager\PersonalFinanceManager.Common\bin\Debug\PersonalFinanceManager.Models.dll".
  Deleting file "D:\XML\PersonalFinanceManager\PersonalFinanceManager.Common\bin\Debug\PersonalFinanceManager.Models.pdb".
  Deleting file "D:\XML\PersonalFinanceManager\PersonalFinanceManager.Common\bin\Debug\BCrypt.Net-Next.xml".
  Deleting file "D:\XML\PersonalFinanceManager\PersonalFinanceManager.Common\bin\Debug\System.Buffers.xml".
  Deleting file "D:\XML\PersonalFinanceManager\PersonalFinanceManager.Common\bin\Debug\System.Memory.xml".
  Deleting file "D:\XML\PersonalFinanceManager\PersonalFinanceManager.Common\bin\Debug\System.Numerics.Vectors.xml".
  Deleting file "D:\XML\PersonalFinanceManager\PersonalFinanceManager.Common\bin\Debug\System.Runtime.CompilerServices.Unsafe.xml".
  Deleting file "D:\XML\PersonalFinanceManager\PersonalFinanceManager.Common\bin\Debug\BCrypt.Net-Next.dll".
  Deleting file "D:\XML\PersonalFinanceManager\PersonalFinanceManager.Common\bin\Debug\System.Buffers.dll".
  Deleting file "D:\XML\PersonalFinanceManager\PersonalFinanceManager.Common\bin\Debug\System.Memory.dll".
  Deleting file "D:\XML\PersonalFinanceManager\PersonalFinanceManager.Common\bin\Debug\System.Numerics.Vectors.dll".
  Deleting file "D:\XML\PersonalFinanceManager\PersonalFinanceManager.Common\bin\Debug\System.Runtime.CompilerServices.Unsafe.dll".
  Deleting file "D:\XML\PersonalFinanceManager\PersonalFinanceManager.Common\bin\Debug\PersonalFinanceManager.Common.dll.config".
  Deleting file "D:\XML\PersonalFinanceManager\PersonalFinanceManager.Common\bin\Debug\BouncyCastle.Cryptography.dll".
  Deleting file "D:\XML\PersonalFinanceManager\PersonalFinanceManager.Common\bin\Debug\Dapper.dll".
  Deleting file "D:\XML\PersonalFinanceManager\PersonalFinanceManager.Common\bin\Debug\EntityFramework.dll".
  Deleting file "D:\XML\PersonalFinanceManager\PersonalFinanceManager.Common\bin\Debug\EntityFramework.SqlServer.dll".
  Deleting file "D:\XML\PersonalFinanceManager\PersonalFinanceManager.Common\bin\Debug\EPPlus.dll".
  Deleting file "D:\XML\PersonalFinanceManager\PersonalFinanceManager.Common\bin\Debug\EPPlus.Interfaces.dll".
  Deleting file "D:\XML\PersonalFinanceManager\PersonalFinanceManager.Common\bin\Debug\Guna.Charts.WinForms.dll".
  Deleting file "D:\XML\PersonalFinanceManager\PersonalFinanceManager.Common\bin\Debug\Guna.UI2.dll".
  Deleting file "D:\XML\PersonalFinanceManager\PersonalFinanceManager.Common\bin\Debug\itextsharp.dll".
  Deleting file "D:\XML\PersonalFinanceManager\PersonalFinanceManager.Common\bin\Debug\LiveCharts.dll".
  Deleting file "D:\XML\PersonalFinanceManager\PersonalFinanceManager.Common\bin\Debug\LiveCharts.WinForms.dll".
  Deleting file "D:\XML\PersonalFinanceManager\PersonalFinanceManager.Common\bin\Debug\LiveCharts.Wpf.dll".
  Deleting file "D:\XML\PersonalFinanceManager\PersonalFinanceManager.Common\bin\Debug\Microsoft.Bcl.AsyncInterfaces.dll".
  Deleting file "D:\XML\PersonalFinanceManager\PersonalFinanceManager.Common\bin\Debug\Microsoft.IO.RecyclableMemoryStream.dll".
  Deleting file "D:\XML\PersonalFinanceManager\PersonalFinanceManager.Common\bin\Debug\System.ComponentModel.Annotations.dll".
  Deleting file "D:\XML\PersonalFinanceManager\PersonalFinanceManager.Common\bin\Debug\System.Data.SQLite.EF6.dll".
  Deleting file "D:\XML\PersonalFinanceManager\PersonalFinanceManager.Common\bin\Debug\System.Data.SQLite.Linq.dll".
  Deleting file "D:\XML\PersonalFinanceManager\PersonalFinanceManager.Common\bin\Debug\System.Security.Cryptography.Xml.dll".
  Deleting file "D:\XML\PersonalFinanceManager\PersonalFinanceManager.Common\bin\Debug\System.Threading.Tasks.Extensions.dll".
  Deleting file "D:\XML\PersonalFinanceManager\PersonalFinanceManager.Common\bin\Debug\Unity.Abstractions.dll".
  Deleting file "D:\XML\PersonalFinanceManager\PersonalFinanceManager.Common\bin\Debug\Unity.Container.dll".
  Deleting file "D:\XML\PersonalFinanceManager\PersonalFinanceManager.Common\bin\Debug\PersonalFinanceManager.Models.dll.config".
  Deleting file "D:\XML\PersonalFinanceManager\PersonalFinanceManager.Common\bin\Debug\BouncyCastle.Cryptography.xml".
  Deleting file "D:\XML\PersonalFinanceManager\PersonalFinanceManager.Common\bin\Debug\Dapper.xml".
  Deleting file "D:\XML\PersonalFinanceManager\PersonalFinanceManager.Common\bin\Debug\EntityFramework.xml".
  Deleting file "D:\XML\PersonalFinanceManager\PersonalFinanceManager.Common\bin\Debug\EntityFramework.SqlServer.xml".
  Deleting file "D:\XML\PersonalFinanceManager\PersonalFinanceManager.Common\bin\Debug\EPPlus.xml".
  Deleting file "D:\XML\PersonalFinanceManager\PersonalFinanceManager.Common\bin\Debug\Guna.Charts.WinForms.xml".
  Deleting file "D:\XML\PersonalFinanceManager\PersonalFinanceManager.Common\bin\Debug\itextsharp.xml".
  Deleting file "D:\XML\PersonalFinanceManager\PersonalFinanceManager.Common\bin\Debug\LiveCharts.pdb".
  Deleting file "D:\XML\PersonalFinanceManager\PersonalFinanceManager.Common\bin\Debug\LiveCharts.xml".
  Deleting file "D:\XML\PersonalFinanceManager\PersonalFinanceManager.Common\bin\Debug\LiveCharts.WinForms.pdb".
  Deleting file "D:\XML\PersonalFinanceManager\PersonalFinanceManager.Common\bin\Debug\LiveCharts.WinForms.xml".
  Deleting file "D:\XML\PersonalFinanceManager\PersonalFinanceManager.Common\bin\Debug\LiveCharts.Wpf.pdb".
  Deleting file "D:\XML\PersonalFinanceManager\PersonalFinanceManager.Common\bin\Debug\LiveCharts.Wpf.xml".
  Deleting file "D:\XML\PersonalFinanceManager\PersonalFinanceManager.Common\bin\Debug\Microsoft.Bcl.AsyncInterfaces.xml".
  Deleting file "D:\XML\PersonalFinanceManager\PersonalFinanceManager.Common\bin\Debug\Microsoft.IO.RecyclableMemoryStream.xml".
  Deleting file "D:\XML\PersonalFinanceManager\PersonalFinanceManager.Common\bin\Debug\System.Security.Cryptography.Xml.xml".
  Deleting file "D:\XML\PersonalFinanceManager\PersonalFinanceManager.Common\bin\Debug\System.Threading.Tasks.Extensions.xml".
  Deleting file "D:\XML\PersonalFinanceManager\PersonalFinanceManager.Common\bin\Debug\Unity.Abstractions.pdb".
  Deleting file "D:\XML\PersonalFinanceManager\PersonalFinanceManager.Common\bin\Debug\Unity.Container.pdb".
  Deleting file "D:\XML\PersonalFinanceManager\PersonalFinanceManager.Common\obj\Debug\PersonalFinanceManager.Common.csproj.AssemblyReference.cache".
  Deleting file "D:\XML\PersonalFinanceManager\PersonalFinanceManager.Common\obj\Debug\PersonalFinanceManager.Common.csproj.CoreCompileInputs.cache".
  Deleting file "D:\XML\PersonalFinanceManager\PersonalFinanceManager.Common\obj\Debug\Personal.89A0D1A0.Up2Date".
  Deleting file "D:\XML\PersonalFinanceManager\PersonalFinanceManager.Common\obj\Debug\PersonalFinanceManager.Common.dll".
  Deleting file "D:\XML\PersonalFinanceManager\PersonalFinanceManager.Common\obj\Debug\PersonalFinanceManager.Common.pdb".
Project "D:\XML\PersonalFinanceManager\PersonalFinanceManager.Common\PersonalFinanceManager.Common.csproj" (3:2) is building "D:\XML\PersonalFinanceManager\PersonalFinanceManager.Models\PersonalFinanceManager.Models.csproj" (5:3) on node 1 (Clean target(s)).
CoreClean:
  Deleting file "D:\XML\PersonalFinanceManager\PersonalFinanceManager.Models\bin\Debug\PersonalFinanceManager.Models.dll".
  Deleting file "D:\XML\PersonalFinanceManager\PersonalFinanceManager.Models\bin\Debug\PersonalFinanceManager.Models.pdb".
  Deleting file "D:\XML\PersonalFinanceManager\PersonalFinanceManager.Models\bin\Debug\PersonalFinanceManager.Models.dll.config".
  Deleting file "D:\XML\PersonalFinanceManager\PersonalFinanceManager.Models\bin\Debug\BCrypt.Net-Next.dll".
  Deleting file "D:\XML\PersonalFinanceManager\PersonalFinanceManager.Models\bin\Debug\BouncyCastle.Cryptography.dll".
  Deleting file "D:\XML\PersonalFinanceManager\PersonalFinanceManager.Models\bin\Debug\Dapper.dll".
  Deleting file "D:\XML\PersonalFinanceManager\PersonalFinanceManager.Models\bin\Debug\EntityFramework.dll".
  Deleting file "D:\XML\PersonalFinanceManager\PersonalFinanceManager.Models\bin\Debug\EntityFramework.SqlServer.dll".
  Deleting file "D:\XML\PersonalFinanceManager\PersonalFinanceManager.Models\bin\Debug\EPPlus.dll".
  Deleting file "D:\XML\PersonalFinanceManager\PersonalFinanceManager.Models\bin\Debug\EPPlus.Interfaces.dll".
  Deleting file "D:\XML\PersonalFinanceManager\PersonalFinanceManager.Models\bin\Debug\Guna.Charts.WinForms.dll".
  Deleting file "D:\XML\PersonalFinanceManager\PersonalFinanceManager.Models\bin\Debug\Guna.UI2.dll".
  Deleting file "D:\XML\PersonalFinanceManager\PersonalFinanceManager.Models\bin\Debug\itextsharp.dll".
  Deleting file "D:\XML\PersonalFinanceManager\PersonalFinanceManager.Models\bin\Debug\LiveCharts.dll".
  Deleting file "D:\XML\PersonalFinanceManager\PersonalFinanceManager.Models\bin\Debug\LiveCharts.WinForms.dll".
  Deleting file "D:\XML\PersonalFinanceManager\PersonalFinanceManager.Models\bin\Debug\LiveCharts.Wpf.dll".
  Deleting file "D:\XML\PersonalFinanceManager\PersonalFinanceManager.Models\bin\Debug\Microsoft.Bcl.AsyncInterfaces.dll".
  Deleting file "D:\XML\PersonalFinanceManager\PersonalFinanceManager.Models\bin\Debug\Microsoft.IO.RecyclableMemoryStream.dll".
  Deleting file "D:\XML\PersonalFinanceManager\PersonalFinanceManager.Models\bin\Debug\System.Buffers.dll".
  Deleting file "D:\XML\PersonalFinanceManager\PersonalFinanceManager.Models\bin\Debug\System.ComponentModel.Annotations.dll".
  Deleting file "D:\XML\PersonalFinanceManager\PersonalFinanceManager.Models\bin\Debug\System.Data.SQLite.dll".
  Deleting file "D:\XML\PersonalFinanceManager\PersonalFinanceManager.Models\bin\Debug\System.Data.SQLite.EF6.dll".
  Deleting file "D:\XML\PersonalFinanceManager\PersonalFinanceManager.Models\bin\Debug\System.Data.SQLite.Linq.dll".
  Deleting file "D:\XML\PersonalFinanceManager\PersonalFinanceManager.Models\bin\Debug\System.Memory.dll".
  Deleting file "D:\XML\PersonalFinanceManager\PersonalFinanceManager.Models\bin\Debug\System.Numerics.Vectors.dll".
  Deleting file "D:\XML\PersonalFinanceManager\PersonalFinanceManager.Models\bin\Debug\System.Runtime.CompilerServices.Unsafe.dll".
  Deleting file "D:\XML\PersonalFinanceManager\PersonalFinanceManager.Models\bin\Debug\System.Security.Cryptography.Xml.dll".
  Deleting file "D:\XML\PersonalFinanceManager\PersonalFinanceManager.Models\bin\Debug\System.Threading.Tasks.Extensions.dll".
  Deleting file "D:\XML\PersonalFinanceManager\PersonalFinanceManager.Models\bin\Debug\Unity.Abstractions.dll".
  Deleting file "D:\XML\PersonalFinanceManager\PersonalFinanceManager.Models\bin\Debug\Unity.Container.dll".
  Deleting file "D:\XML\PersonalFinanceManager\PersonalFinanceManager.Models\bin\Debug\BCrypt.Net-Next.xml".
  Deleting file "D:\XML\PersonalFinanceManager\PersonalFinanceManager.Models\bin\Debug\BouncyCastle.Cryptography.xml".
  Deleting file "D:\XML\PersonalFinanceManager\PersonalFinanceManager.Models\bin\Debug\Dapper.xml".
  Deleting file "D:\XML\PersonalFinanceManager\PersonalFinanceManager.Models\bin\Debug\EntityFramework.xml".
  Deleting file "D:\XML\PersonalFinanceManager\PersonalFinanceManager.Models\bin\Debug\EntityFramework.SqlServer.xml".
  Deleting file "D:\XML\PersonalFinanceManager\PersonalFinanceManager.Models\bin\Debug\EPPlus.xml".
  Deleting file "D:\XML\PersonalFinanceManager\PersonalFinanceManager.Models\bin\Debug\Guna.Charts.WinForms.xml".
  Deleting file "D:\XML\PersonalFinanceManager\PersonalFinanceManager.Models\bin\Debug\itextsharp.xml".
  Deleting file "D:\XML\PersonalFinanceManager\PersonalFinanceManager.Models\bin\Debug\LiveCharts.pdb".
  Deleting file "D:\XML\PersonalFinanceManager\PersonalFinanceManager.Models\bin\Debug\LiveCharts.xml".
  Deleting file "D:\XML\PersonalFinanceManager\PersonalFinanceManager.Models\bin\Debug\LiveCharts.WinForms.pdb".
  Deleting file "D:\XML\PersonalFinanceManager\PersonalFinanceManager.Models\bin\Debug\LiveCharts.WinForms.xml".
  Deleting file "D:\XML\PersonalFinanceManager\PersonalFinanceManager.Models\bin\Debug\LiveCharts.Wpf.pdb".
  Deleting file "D:\XML\PersonalFinanceManager\PersonalFinanceManager.Models\bin\Debug\LiveCharts.Wpf.xml".
  Deleting file "D:\XML\PersonalFinanceManager\PersonalFinanceManager.Models\bin\Debug\Microsoft.Bcl.AsyncInterfaces.xml".
  Deleting file "D:\XML\PersonalFinanceManager\PersonalFinanceManager.Models\bin\Debug\Microsoft.IO.RecyclableMemoryStream.xml".
  Deleting file "D:\XML\PersonalFinanceManager\PersonalFinanceManager.Models\bin\Debug\System.Buffers.xml".
  Deleting file "D:\XML\PersonalFinanceManager\PersonalFinanceManager.Models\bin\Debug\System.Data.SQLite.xml".
  Deleting file "D:\XML\PersonalFinanceManager\PersonalFinanceManager.Models\bin\Debug\System.Memory.xml".
  Deleting file "D:\XML\PersonalFinanceManager\PersonalFinanceManager.Models\bin\Debug\System.Numerics.Vectors.xml".
  Deleting file "D:\XML\PersonalFinanceManager\PersonalFinanceManager.Models\bin\Debug\System.Runtime.CompilerServices.Unsafe.xml".
  Deleting file "D:\XML\PersonalFinanceManager\PersonalFinanceManager.Models\bin\Debug\System.Security.Cryptography.Xml.xml".
  Deleting file "D:\XML\PersonalFinanceManager\PersonalFinanceManager.Models\bin\Debug\System.Threading.Tasks.Extensions.xml".
  Deleting file "D:\XML\PersonalFinanceManager\PersonalFinanceManager.Models\bin\Debug\Unity.Abstractions.pdb".
  Deleting file "D:\XML\PersonalFinanceManager\PersonalFinanceManager.Models\bin\Debug\Unity.Container.pdb".
  Deleting file "D:\XML\PersonalFinanceManager\PersonalFinanceManager.Models\obj\Debug\PersonalFinanceManager.Models.csproj.AssemblyReference.cache".
  Deleting file "D:\XML\PersonalFinanceManager\PersonalFinanceManager.Models\obj\Debug\PersonalFinanceManager.Models.csproj.CoreCompileInputs.cache".
  Deleting file "D:\XML\PersonalFinanceManager\PersonalFinanceManager.Models\obj\Debug\PersonalFinanceManager.Models.dll".
  Deleting file "D:\XML\PersonalFinanceManager\PersonalFinanceManager.Models\obj\Debug\PersonalFinanceManager.Models.pdb".
  Deleting file "D:\XML\PersonalFinanceManager\PersonalFinanceManager.Models\obj\Debug\Personal.B996CE5A.Up2Date".
CleanSQLiteInteropFiles:
  Deleting file "bin\Debug\x64\SQLite.Interop.dll".
  Deleting file "bin\Debug\x86\SQLite.Interop.dll".
Done Building Project "D:\XML\PersonalFinanceManager\PersonalFinanceManager.Models\PersonalFinanceManager.Models.csproj" (Clean target(s)).
CleanSQLiteInteropFiles:
  Deleting file "bin\Debug\x64\SQLite.Interop.dll".
  Deleting file "bin\Debug\x86\SQLite.Interop.dll".
Done Building Project "D:\XML\PersonalFinanceManager\PersonalFinanceManager.Common\PersonalFinanceManager.Common.csproj" (Clean target(s)).
Project "D:\XML\PersonalFinanceManager\PersonalFinanceManager.BLL\PersonalFinanceManager.BLL.csproj" (2) is building "D:\XML\PersonalFinanceManager\PersonalFinanceManager.DAL\PersonalFinanceManager.DAL.csproj" (4:2) on node 1 (Clean target(s)).
CoreClean:
  Deleting file "D:\XML\PersonalFinanceManager\PersonalFinanceManager.DAL\bin\Debug\PersonalFinanceManager.DAL.dll.config".
  Deleting file "D:\XML\PersonalFinanceManager\PersonalFinanceManager.DAL\bin\Debug\PersonalFinanceManager.DAL.dll".
  Deleting file "D:\XML\PersonalFinanceManager\PersonalFinanceManager.DAL\bin\Debug\PersonalFinanceManager.DAL.pdb".
  Deleting file "D:\XML\PersonalFinanceManager\PersonalFinanceManager.DAL\bin\Debug\Dapper.dll".
  Deleting file "D:\XML\PersonalFinanceManager\PersonalFinanceManager.DAL\bin\Debug\PersonalFinanceManager.Common.dll".
  Deleting file "D:\XML\PersonalFinanceManager\PersonalFinanceManager.DAL\bin\Debug\PersonalFinanceManager.Models.dll".
  Deleting file "D:\XML\PersonalFinanceManager\PersonalFinanceManager.DAL\bin\Debug\System.Data.SQLite.dll".
  Deleting file "D:\XML\PersonalFinanceManager\PersonalFinanceManager.DAL\bin\Debug\PersonalFinanceManager.Common.pdb".
  Deleting file "D:\XML\PersonalFinanceManager\PersonalFinanceManager.DAL\bin\Debug\PersonalFinanceManager.Models.pdb".
  Deleting file "D:\XML\PersonalFinanceManager\PersonalFinanceManager.DAL\bin\Debug\Dapper.xml".
  Deleting file "D:\XML\PersonalFinanceManager\PersonalFinanceManager.DAL\bin\Debug\BCrypt.Net-Next.dll".
  Deleting file "D:\XML\PersonalFinanceManager\PersonalFinanceManager.DAL\bin\Debug\BouncyCastle.Cryptography.dll".
  Deleting file "D:\XML\PersonalFinanceManager\PersonalFinanceManager.DAL\bin\Debug\EntityFramework.dll".
  Deleting file "D:\XML\PersonalFinanceManager\PersonalFinanceManager.DAL\bin\Debug\EntityFramework.SqlServer.dll".
  Deleting file "D:\XML\PersonalFinanceManager\PersonalFinanceManager.DAL\bin\Debug\EPPlus.dll".
  Deleting file "D:\XML\PersonalFinanceManager\PersonalFinanceManager.DAL\bin\Debug\EPPlus.Interfaces.dll".
  Deleting file "D:\XML\PersonalFinanceManager\PersonalFinanceManager.DAL\bin\Debug\Guna.Charts.WinForms.dll".
  Deleting file "D:\XML\PersonalFinanceManager\PersonalFinanceManager.DAL\bin\Debug\Guna.UI2.dll".
  Deleting file "D:\XML\PersonalFinanceManager\PersonalFinanceManager.DAL\bin\Debug\itextsharp.dll".
  Deleting file "D:\XML\PersonalFinanceManager\PersonalFinanceManager.DAL\bin\Debug\LiveCharts.dll".
  Deleting file "D:\XML\PersonalFinanceManager\PersonalFinanceManager.DAL\bin\Debug\LiveCharts.WinForms.dll".
  Deleting file "D:\XML\PersonalFinanceManager\PersonalFinanceManager.DAL\bin\Debug\LiveCharts.Wpf.dll".
  Deleting file "D:\XML\PersonalFinanceManager\PersonalFinanceManager.DAL\bin\Debug\Microsoft.Bcl.AsyncInterfaces.dll".
  Deleting file "D:\XML\PersonalFinanceManager\PersonalFinanceManager.DAL\bin\Debug\Microsoft.IO.RecyclableMemoryStream.dll".
  Deleting file "D:\XML\PersonalFinanceManager\PersonalFinanceManager.DAL\bin\Debug\System.Buffers.dll".
  Deleting file "D:\XML\PersonalFinanceManager\PersonalFinanceManager.DAL\bin\Debug\System.ComponentModel.Annotations.dll".
  Deleting file "D:\XML\PersonalFinanceManager\PersonalFinanceManager.DAL\bin\Debug\System.Data.SQLite.EF6.dll".
  Deleting file "D:\XML\PersonalFinanceManager\PersonalFinanceManager.DAL\bin\Debug\System.Data.SQLite.Linq.dll".
  Deleting file "D:\XML\PersonalFinanceManager\PersonalFinanceManager.DAL\bin\Debug\System.Memory.dll".
  Deleting file "D:\XML\PersonalFinanceManager\PersonalFinanceManager.DAL\bin\Debug\System.Numerics.Vectors.dll".
  Deleting file "D:\XML\PersonalFinanceManager\PersonalFinanceManager.DAL\bin\Debug\System.Security.Cryptography.Xml.dll".
  Deleting file "D:\XML\PersonalFinanceManager\PersonalFinanceManager.DAL\bin\Debug\Unity.Abstractions.dll".
  Deleting file "D:\XML\PersonalFinanceManager\PersonalFinanceManager.DAL\bin\Debug\Unity.Container.dll".
  Deleting file "D:\XML\PersonalFinanceManager\PersonalFinanceManager.DAL\bin\Debug\PersonalFinanceManager.Common.dll.config".
  Deleting file "D:\XML\PersonalFinanceManager\PersonalFinanceManager.DAL\bin\Debug\PersonalFinanceManager.Models.dll.config".
  Deleting file "D:\XML\PersonalFinanceManager\PersonalFinanceManager.DAL\bin\Debug\BCrypt.Net-Next.xml".
  Deleting file "D:\XML\PersonalFinanceManager\PersonalFinanceManager.DAL\bin\Debug\BouncyCastle.Cryptography.xml".
  Deleting file "D:\XML\PersonalFinanceManager\PersonalFinanceManager.DAL\bin\Debug\EntityFramework.xml".
  Deleting file "D:\XML\PersonalFinanceManager\PersonalFinanceManager.DAL\bin\Debug\EntityFramework.SqlServer.xml".
  Deleting file "D:\XML\PersonalFinanceManager\PersonalFinanceManager.DAL\bin\Debug\EPPlus.xml".
  Deleting file "D:\XML\PersonalFinanceManager\PersonalFinanceManager.DAL\bin\Debug\Guna.Charts.WinForms.xml".
  Deleting file "D:\XML\PersonalFinanceManager\PersonalFinanceManager.DAL\bin\Debug\itextsharp.xml".
  Deleting file "D:\XML\PersonalFinanceManager\PersonalFinanceManager.DAL\bin\Debug\LiveCharts.pdb".
  Deleting file "D:\XML\PersonalFinanceManager\PersonalFinanceManager.DAL\bin\Debug\LiveCharts.xml".
  Deleting file "D:\XML\PersonalFinanceManager\PersonalFinanceManager.DAL\bin\Debug\LiveCharts.WinForms.pdb".
  Deleting file "D:\XML\PersonalFinanceManager\PersonalFinanceManager.DAL\bin\Debug\LiveCharts.WinForms.xml".
  Deleting file "D:\XML\PersonalFinanceManager\PersonalFinanceManager.DAL\bin\Debug\LiveCharts.Wpf.pdb".
  Deleting file "D:\XML\PersonalFinanceManager\PersonalFinanceManager.DAL\bin\Debug\LiveCharts.Wpf.xml".
  Deleting file "D:\XML\PersonalFinanceManager\PersonalFinanceManager.DAL\bin\Debug\Microsoft.Bcl.AsyncInterfaces.xml".
  Deleting file "D:\XML\PersonalFinanceManager\PersonalFinanceManager.DAL\bin\Debug\Microsoft.IO.RecyclableMemoryStream.xml".
  Deleting file "D:\XML\PersonalFinanceManager\PersonalFinanceManager.DAL\bin\Debug\System.Buffers.xml".
  Deleting file "D:\XML\PersonalFinanceManager\PersonalFinanceManager.DAL\bin\Debug\System.Data.SQLite.xml".
  Deleting file "D:\XML\PersonalFinanceManager\PersonalFinanceManager.DAL\bin\Debug\System.Memory.xml".
  Deleting file "D:\XML\PersonalFinanceManager\PersonalFinanceManager.DAL\bin\Debug\System.Numerics.Vectors.xml".
  Deleting file "D:\XML\PersonalFinanceManager\PersonalFinanceManager.DAL\bin\Debug\System.Security.Cryptography.Xml.xml".
  Deleting file "D:\XML\PersonalFinanceManager\PersonalFinanceManager.DAL\bin\Debug\Unity.Abstractions.pdb".
  Deleting file "D:\XML\PersonalFinanceManager\PersonalFinanceManager.DAL\bin\Debug\Unity.Container.pdb".
  Deleting file "D:\XML\PersonalFinanceManager\PersonalFinanceManager.DAL\obj\Debug\PersonalFinanceManager.DAL.csproj.AssemblyReference.cache".
  Deleting file "D:\XML\PersonalFinanceManager\PersonalFinanceManager.DAL\obj\Debug\PersonalFinanceManager.DAL.csproj.CoreCompileInputs.cache".
  Deleting file "D:\XML\PersonalFinanceManager\PersonalFinanceManager.DAL\obj\Debug\Personal.6B9A098E.Up2Date".
  Deleting file "D:\XML\PersonalFinanceManager\PersonalFinanceManager.DAL\obj\Debug\PersonalFinanceManager.DAL.dll".
  Deleting file "D:\XML\PersonalFinanceManager\PersonalFinanceManager.DAL\obj\Debug\PersonalFinanceManager.DAL.pdb".
CleanSQLiteInteropFiles:
  Deleting file "bin\Debug\x64\SQLite.Interop.dll".
  Deleting file "bin\Debug\x86\SQLite.Interop.dll".
Done Building Project "D:\XML\PersonalFinanceManager\PersonalFinanceManager.DAL\PersonalFinanceManager.DAL.csproj" (Clean target(s)).
CleanSQLiteInteropFiles:
  Deleting file "bin\Debug\x64\SQLite.Interop.dll".
  Deleting file "bin\Debug\x86\SQLite.Interop.dll".
Project "D:\XML\PersonalFinanceManager\PersonalFinanceManager.BLL\PersonalFinanceManager.BLL.csproj" (2) is building "D:\XML\PersonalFinanceManager\PersonalFinanceManager.Common\PersonalFinanceManager.Common.csproj" (3:5) on node 1 (default targets).
Project "D:\XML\PersonalFinanceManager\PersonalFinanceManager.Common\PersonalFinanceManager.Common.csproj" (3:5) is building "D:\XML\PersonalFinanceManager\PersonalFinanceManager.Models\PersonalFinanceManager.Models.csproj" (5:7) on node 1 (default targets).
GenerateTargetFrameworkMonikerAttribute:
Skipping target "GenerateTargetFrameworkMonikerAttribute" because all output files are up-to-date with respect to the input files.
CoreCompile:
  C:\Program Files\Microsoft Visual Studio\18\Insiders\MSBuild\Current\Bin\Roslyn\csc.exe /noconfig /nowarn:1701,1702 /fullpaths /nostdlib+ /errorreport:prompt /warn:4 /define:DEBUG;TRACE /highentropyva+ /reference:D:\XML\PersonalFinanceManager\packages\BCrypt.Net-Next.4.0.3\lib\net472\BCrypt.Net-Next.dll /reference:D:\XML\PersonalFinanceManager\packages\BouncyCastle.Cryptography.2.6.2\lib\net461\BouncyCastle.Cryptography.dll /reference:D:\XML\PersonalFinanceManager\packages\Dapper.2.1.66\lib\net461\Dapper.dll /reference:D:\XML\PersonalFinanceManager\packages\EntityFramework.6.4.4\lib\net45\EntityFramework.dll /reference:D:\XML\PersonalFinanceManager\packages\EntityFramework.6.4.4\lib\net45\EntityFramework.SqlServer.dll /reference:D:\XML\PersonalFinanceManager\packages\EPPlus.8.5.0\lib\net462\EPPlus.dll /reference:D:\XML\PersonalFinanceManager\packages\EPPlus.Interfaces.8.4.0\lib\net462\EPPlus.Interfaces.dll /reference:D:\XML\PersonalFinanceManager\packages\Guna.Charts.WinForms.1.0.9\lib\net472\Guna.Charts.WinForms.dll /reference:D:\XML\PersonalFinanceManager\packages\Guna.UI2.WinForms.2.0.4.6\lib\net472\Guna.UI2.dll /reference:D:\XML\PersonalFinanceManager\packages\iTextSharp.5.5.13.5\lib\net461\itextsharp.dll /reference:D:\XML\PersonalFinanceManager\packages\LiveCharts.0.9.7\lib\net45\LiveCharts.dll /reference:D:\XML\PersonalFinanceManager\packages\LiveCharts.WinForms.0.9.7.1\lib\net45\LiveCharts.WinForms.dll /reference:D:\XML\PersonalFinanceManager\packages\LiveCharts.Wpf.0.9.7\lib\net45\LiveCharts.Wpf.dll /reference:D:\XML\PersonalFinanceManager\packages\Microsoft.Bcl.AsyncInterfaces.9.0.1\lib\net462\Microsoft.Bcl.AsyncInterfaces.dll /reference:"C:\Program Files (x86)\Reference Assemblies\Microsoft\Framework\.NETFramework\v4.7.2\Microsoft.CSharp.dll" /reference:D:\XML\PersonalFinanceManager\packages\Microsoft.IO.RecyclableMemoryStream.3.0.1\lib\netstandard2.0\Microsoft.IO.RecyclableMemoryStream.dll /reference:"C:\Program Files (x86)\Reference Assemblies\Microsoft\Framework\.NETFramework\v4.7.2\mscorlib.dll" /reference:"C:\Program Files (x86)\Reference Assemblies\Microsoft\Framework\.NETFramework\v4.7.2\PresentationCore.dll" /reference:"C:\Program Files (x86)\Reference Assemblies\Microsoft\Framework\.NETFramework\v4.7.2\PresentationFramework.dll" /reference:D:\XML\PersonalFinanceManager\packages\System.Buffers.4.6.1\lib\net462\System.Buffers.dll /reference:D:\XML\PersonalFinanceManager\packages\System.ComponentModel.Annotations.5.0.0\lib\net461\System.ComponentModel.Annotations.dll /reference:"C:\Program Files (x86)\Reference Assemblies\Microsoft\Framework\.NETFramework\v4.7.2\System.ComponentModel.DataAnnotations.dll" /reference:"C:\Program Files (x86)\Reference Assemblies\Microsoft\Framework\.NETFramework\v4.7.2\System.Configuration.dll" /reference:"C:\Program Files (x86)\Reference Assemblies\Microsoft\Framework\.NETFramework\v4.7.2\System.Core.dll" /reference:"C:\Program Files (x86)\Reference Assemblies\Microsoft\Framework\.NETFramework\v4.7.2\System.Data.DataSetExtensions.dll" /reference:"C:\Program Files (x86)\Reference Assemblies\Microsoft\Framework\.NETFramework\v4.7.2\System.Data.dll" /reference:D:\XML\PersonalFinanceManager\packages\Stub.System.Data.SQLite.Core.NetFramework.1.0.119.0\lib\net46\System.Data.SQLite.dll /reference:D:\XML\PersonalFinanceManager\packages\System.Data.SQLite.EF6.1.0.119.0\lib\net46\System.Data.SQLite.EF6.dll /reference:D:\XML\PersonalFinanceManager\packages\System.Data.SQLite.Linq.1.0.119.0\lib\net46\System.Data.SQLite.Linq.dll /reference:"C:\Program Files (x86)\Reference Assemblies\Microsoft\Framework\.NETFramework\v4.7.2\System.Design.dll" /reference:"C:\Program Files (x86)\Reference Assemblies\Microsoft\Framework\.NETFramework\v4.7.2\System.dll" /reference:"C:\Program Files (x86)\Reference Assemblies\Microsoft\Framework\.NETFramework\v4.7.2\System.Management.dll" /reference:D:\XML\PersonalFinanceManager\packages\System.Memory.4.5.5\lib\net461\System.Memory.dll /reference:"C:\Program Files (x86)\Reference Assemblies\Microsoft\Framework\.NETFramework\v4.7.2\System.Net.Http.dll" /reference:"C:\Program Files (x86)\Reference Assemblies\Microsoft\Framework\.NETFramework\v4.7.2\System.Numerics.dll" /reference:D:\XML\PersonalFinanceManager\packages\System.Numerics.Vectors.4.6.1\lib\net462\System.Numerics.Vectors.dll /reference:D:\XML\PersonalFinanceManager\packages\System.Runtime.CompilerServices.Unsafe.6.1.2\lib\net462\System.Runtime.CompilerServices.Unsafe.dll /reference:D:\XML\PersonalFinanceManager\packages\System.Security.Cryptography.Xml.8.0.2\lib\net462\System.Security.Cryptography.Xml.dll /reference:"C:\Program Files (x86)\Reference Assemblies\Microsoft\Framework\.NETFramework\v4.7.2\System.Security.dll" /reference:D:\XML\PersonalFinanceManager\packages\System.Threading.Tasks.Extensions.4.6.3\lib\net462\System.Threading.Tasks.Extensions.dll /reference:"C:\Program Files (x86)\Reference Assemblies\Microsoft\Framework\.NETFramework\v4.7.2\System.Transactions.dll" /reference:"C:\Program Files (x86)\Reference Assemblies\Microsoft\Framework\.NETFramework\v4.7.2\System.Web.dll" /reference:"C:\Program Files (x86)\Reference Assemblies\Microsoft\Framework\.NETFramework\v4.7.2\System.Xaml.dll" /reference:"C:\Program Files (x86)\Reference Assemblies\Microsoft\Framework\.NETFramework\v4.7.2\System.Xml.dll" /reference:"C:\Program Files (x86)\Reference Assemblies\Microsoft\Framework\.NETFramework\v4.7.2\System.Xml.Linq.dll" /reference:D:\XML\PersonalFinanceManager\packages\Unity.5.11.8\lib\net47\Unity.Abstractions.dll /reference:D:\XML\PersonalFinanceManager\packages\Unity.5.11.8\lib\net47\Unity.Container.dll /reference:"C:\Program Files (x86)\Reference Assemblies\Microsoft\Framework\.NETFramework\v4.7.2\WindowsBase.dll" /reference:"C:\Program Files (x86)\Reference Assemblies\Microsoft\Framework\.NETFramework\v4.7.2\WindowsFormsIntegration.dll" /reference:"C:\Program Files (x86)\Reference Assemblies\Microsoft\Framework\.NETFramework\v4.7.2\Facades\netstandard.dll" /debug+ /debug:full /filealign:512 /optimize- /out:obj\Debug\PersonalFinanceManager.Models.dll /subsystemversion:6.00 /target:library /utf8output /deterministic+ /langversion:7.3 Account.cs Category.cs Properties\AssemblyInfo.cs Transaction.cs User.cs "obj\Debug\.NETFramework,Version=v4.7.2.AssemblyAttributes.cs"
  Compilation request PersonalFinanceManager.Models, PathToTool=C:\Program Files\Microsoft Visual Studio\18\Insiders\MSBuild\Current\Bin\Roslyn\csc.exe
  CommandLine = ' /noconfig'
  BuildResponseFile = '/nowarn:1701,1702 /fullpaths /nostdlib+ /errorreport:prompt /warn:4 /define:DEBUG;TRACE /highentropyva+ /reference:D:\XML\PersonalFinanceManager\packages\BCrypt.Net-Next.4.0.3\lib\net472\BCrypt.Net-Next.dll /reference:D:\XML\PersonalFinanceManager\packages\BouncyCastle.Cryptography.2.6.2\lib\net461\BouncyCastle.Cryptography.dll /reference:D:\XML\PersonalFinanceManager\packages\Dapper.2.1.66\lib\net461\Dapper.dll /reference:D:\XML\PersonalFinanceManager\packages\EntityFramework.6.4.4\lib\net45\EntityFramework.dll /reference:D:\XML\PersonalFinanceManager\packages\EntityFramework.6.4.4\lib\net45\EntityFramework.SqlServer.dll /reference:D:\XML\PersonalFinanceManager\packages\EPPlus.8.5.0\lib\net462\EPPlus.dll /reference:D:\XML\PersonalFinanceManager\packages\EPPlus.Interfaces.8.4.0\lib\net462\EPPlus.Interfaces.dll /reference:D:\XML\PersonalFinanceManager\packages\Guna.Charts.WinForms.1.0.9\lib\net472\Guna.Charts.WinForms.dll /reference:D:\XML\PersonalFinanceManager\packages\Guna.UI2.WinForms.2.0.4.6\lib\net472\Guna.UI2.dll /reference:D:\XML\PersonalFinanceManager\packages\iTextSharp.5.5.13.5\lib\net461\itextsharp.dll /reference:D:\XML\PersonalFinanceManager\packages\LiveCharts.0.9.7\lib\net45\LiveCharts.dll /reference:D:\XML\PersonalFinanceManager\packages\LiveCharts.WinForms.0.9.7.1\lib\net45\LiveCharts.WinForms.dll /reference:D:\XML\PersonalFinanceManager\packages\LiveCharts.Wpf.0.9.7\lib\net45\LiveCharts.Wpf.dll /reference:D:\XML\PersonalFinanceManager\packages\Microsoft.Bcl.AsyncInterfaces.9.0.1\lib\net462\Microsoft.Bcl.AsyncInterfaces.dll /reference:"C:\Program Files (x86)\Reference Assemblies\Microsoft\Framework\.NETFramework\v4.7.2\Microsoft.CSharp.dll" /reference:D:\XML\PersonalFinanceManager\packages\Microsoft.IO.RecyclableMemoryStream.3.0.1\lib\netstandard2.0\Microsoft.IO.RecyclableMemoryStream.dll /reference:"C:\Program Files (x86)\Reference Assemblies\Microsoft\Framework\.NETFramework\v4.7.2\mscorlib.dll" /reference:"C:\Program Files (x86)\Reference Assemblies\Microsoft\Framework\.NETFramework\v4.7.2\PresentationCore.dll" /reference:"C:\Program Files (x86)\Reference Assemblies\Microsoft\Framework\.NETFramework\v4.7.2\PresentationFramework.dll" /reference:D:\XML\PersonalFinanceManager\packages\System.Buffers.4.6.1\lib\net462\System.Buffers.dll /reference:D:\XML\PersonalFinanceManager\packages\System.ComponentModel.Annotations.5.0.0\lib\net461\System.ComponentModel.Annotations.dll /reference:"C:\Program Files (x86)\Reference Assemblies\Microsoft\Framework\.NETFramework\v4.7.2\System.ComponentModel.DataAnnotations.dll" /reference:"C:\Program Files (x86)\Reference Assemblies\Microsoft\Framework\.NETFramework\v4.7.2\System.Configuration.dll" /reference:"C:\Program Files (x86)\Reference Assemblies\Microsoft\Framework\.NETFramework\v4.7.2\System.Core.dll" /reference:"C:\Program Files (x86)\Reference Assemblies\Microsoft\Framework\.NETFramework\v4.7.2\System.Data.DataSetExtensions.dll" /reference:"C:\Program Files (x86)\Reference Assemblies\Microsoft\Framework\.NETFramework\v4.7.2\System.Data.dll" /reference:D:\XML\PersonalFinanceManager\packages\Stub.System.Data.SQLite.Core.NetFramework.1.0.119.0\lib\net46\System.Data.SQLite.dll /reference:D:\XML\PersonalFinanceManager\packages\System.Data.SQLite.EF6.1.0.119.0\lib\net46\System.Data.SQLite.EF6.dll /reference:D:\XML\PersonalFinanceManager\packages\System.Data.SQLite.Linq.1.0.119.0\lib\net46\System.Data.SQLite.Linq.dll /reference:"C:\Program Files (x86)\Reference Assemblies\Microsoft\Framework\.NETFramework\v4.7.2\System.Design.dll" /reference:"C:\Program Files (x86)\Reference Assemblies\Microsoft\Framework\.NETFramework\v4.7.2\System.dll" /reference:"C:\Program Files (x86)\Reference Assemblies\Microsoft\Framework\.NETFramework\v4.7.2\System.Management.dll" /reference:D:\XML\PersonalFinanceManager\packages\System.Memory.4.5.5\lib\net461\System.Memory.dll /reference:"C:\Program Files (x86)\Reference Assemblies\Microsoft\Framework\.NETFramework\v4.7.2\System.Net.Http.dll" /reference:"C:\Program Files (x86)\Reference Assemblies\Microsoft\Framework\.NETFramework\v4.7.2\System.Numerics.dll" /reference:D:\XML\PersonalFinanceManager\packages\System.Numerics.Vectors.4.6.1\lib\net462\System.Numerics.Vectors.dll /reference:D:\XML\PersonalFinanceManager\packages\System.Runtime.CompilerServices.Unsafe.6.1.2\lib\net462\System.Runtime.CompilerServices.Unsafe.dll /reference:D:\XML\PersonalFinanceManager\packages\System.Security.Cryptography.Xml.8.0.2\lib\net462\System.Security.Cryptography.Xml.dll /reference:"C:\Program Files (x86)\Reference Assemblies\Microsoft\Framework\.NETFramework\v4.7.2\System.Security.dll" /reference:D:\XML\PersonalFinanceManager\packages\System.Threading.Tasks.Extensions.4.6.3\lib\net462\System.Threading.Tasks.Extensions.dll /reference:"C:\Program Files (x86)\Reference Assemblies\Microsoft\Framework\.NETFramework\v4.7.2\System.Transactions.dll" /reference:"C:\Program Files (x86)\Reference Assemblies\Microsoft\Framework\.NETFramework\v4.7.2\System.Web.dll" /reference:"C:\Program Files (x86)\Reference Assemblies\Microsoft\Framework\.NETFramework\v4.7.2\System.Xaml.dll" /reference:"C:\Program Files (x86)\Reference Assemblies\Microsoft\Framework\.NETFramework\v4.7.2\System.Xml.dll" /reference:"C:\Program Files (x86)\Reference Assemblies\Microsoft\Framework\.NETFramework\v4.7.2\System.Xml.Linq.dll" /reference:D:\XML\PersonalFinanceManager\packages\Unity.5.11.8\lib\net47\Unity.Abstractions.dll /reference:D:\XML\PersonalFinanceManager\packages\Unity.5.11.8\lib\net47\Unity.Container.dll /reference:"C:\Program Files (x86)\Reference Assemblies\Microsoft\Framework\.NETFramework\v4.7.2\WindowsBase.dll" /reference:"C:\Program Files (x86)\Reference Assemblies\Microsoft\Framework\.NETFramework\v4.7.2\WindowsFormsIntegration.dll" /reference:"C:\Program Files (x86)\Reference Assemblies\Microsoft\Framework\.NETFramework\v4.7.2\Facades\netstandard.dll" /debug+ /debug:full /filealign:512 /optimize- /out:obj\Debug\PersonalFinanceManager.Models.dll /subsystemversion:6.00 /target:library /utf8output /deterministic+ /langversion:7.3 Account.cs Category.cs Properties\AssemblyInfo.cs Transaction.cs User.cs "obj\Debug\.NETFramework,Version=v4.7.2.AssemblyAttributes.cs"'
  Attempt to open named pipe 'oh022SD8mDYwcGf3md6EPU9liy5XFLEqabtlPjTChOU'
  Attempt to connect named pipe 'oh022SD8mDYwcGf3md6EPU9liy5XFLEqabtlPjTChOU'
  Named pipe 'oh022SD8mDYwcGf3md6EPU9liy5XFLEqabtlPjTChOU' connected
  Begin writing request for PersonalFinanceManager.Models
  End writing request for PersonalFinanceManager.Models
  Begin reading response for PersonalFinanceManager.Models
  End reading response for PersonalFinanceManager.Models
  CompilerServer: server - server processed compilation - PersonalFinanceManager.Models
_CopyFilesMarkedCopyLocal:
  Copying file from "D:\XML\PersonalFinanceManager\packages\EntityFramework.6.4.4\lib\net45\EntityFramework.dll" to "D:\XML\PersonalFinanceManager\PersonalFinanceManager.Models\bin\Debug\EntityFramework.dll".
  Copying file from "D:\XML\PersonalFinanceManager\packages\EntityFramework.6.4.4\lib\net45\EntityFramework.SqlServer.dll" to "D:\XML\PersonalFinanceManager\PersonalFinanceManager.Models\bin\Debug\EntityFramework.SqlServer.dll".
  Copying file from "D:\XML\PersonalFinanceManager\packages\EPPlus.8.5.0\lib\net462\EPPlus.dll" to "D:\XML\PersonalFinanceManager\PersonalFinanceManager.Models\bin\Debug\EPPlus.dll".
  Copying file from "D:\XML\PersonalFinanceManager\packages\Dapper.2.1.66\lib\net461\Dapper.dll" to "D:\XML\PersonalFinanceManager\PersonalFinanceManager.Models\bin\Debug\Dapper.dll".
  Copying file from "D:\XML\PersonalFinanceManager\packages\BCrypt.Net-Next.4.0.3\lib\net472\BCrypt.Net-Next.dll" to "D:\XML\PersonalFinanceManager\PersonalFinanceManager.Models\bin\Debug\BCrypt.Net-Next.dll".
  Copying file from "D:\XML\PersonalFinanceManager\packages\BouncyCastle.Cryptography.2.6.2\lib\net461\BouncyCastle.Cryptography.dll" to "D:\XML\PersonalFinanceManager\PersonalFinanceManager.Models\bin\Debug\BouncyCastle.Cryptography.dll".
  Copying file from "D:\XML\PersonalFinanceManager\packages\Guna.Charts.WinForms.1.0.9\lib\net472\Guna.Charts.WinForms.dll" to "D:\XML\PersonalFinanceManager\PersonalFinanceManager.Models\bin\Debug\Guna.Charts.WinForms.dll".
  Copying file from "D:\XML\PersonalFinanceManager\packages\Guna.UI2.WinForms.2.0.4.6\lib\net472\Guna.UI2.dll" to "D:\XML\PersonalFinanceManager\PersonalFinanceManager.Models\bin\Debug\Guna.UI2.dll".
  Copying file from "D:\XML\PersonalFinanceManager\packages\EPPlus.Interfaces.8.4.0\lib\net462\EPPlus.Interfaces.dll" to "D:\XML\PersonalFinanceManager\PersonalFinanceManager.Models\bin\Debug\EPPlus.Interfaces.dll".
  Copying file from "D:\XML\PersonalFinanceManager\packages\iTextSharp.5.5.13.5\lib\net461\itextsharp.dll" to "D:\XML\PersonalFinanceManager\PersonalFinanceManager.Models\bin\Debug\itextsharp.dll".
  Copying file from "D:\XML\PersonalFinanceManager\packages\LiveCharts.0.9.7\lib\net45\LiveCharts.dll" to "D:\XML\PersonalFinanceManager\PersonalFinanceManager.Models\bin\Debug\LiveCharts.dll".
  Copying file from "D:\XML\PersonalFinanceManager\packages\LiveCharts.WinForms.0.9.7.1\lib\net45\LiveCharts.WinForms.dll" to "D:\XML\PersonalFinanceManager\PersonalFinanceManager.Models\bin\Debug\LiveCharts.WinForms.dll".
  Copying file from "D:\XML\PersonalFinanceManager\packages\LiveCharts.Wpf.0.9.7\lib\net45\LiveCharts.Wpf.dll" to "D:\XML\PersonalFinanceManager\PersonalFinanceManager.Models\bin\Debug\LiveCharts.Wpf.dll".
  Copying file from "D:\XML\PersonalFinanceManager\packages\Microsoft.Bcl.AsyncInterfaces.9.0.1\lib\net462\Microsoft.Bcl.AsyncInterfaces.dll" to "D:\XML\PersonalFinanceManager\PersonalFinanceManager.Models\bin\Debug\Microsoft.Bcl.AsyncInterfaces.dll".
  Copying file from "D:\XML\PersonalFinanceManager\packages\Microsoft.IO.RecyclableMemoryStream.3.0.1\lib\netstandard2.0\Microsoft.IO.RecyclableMemoryStream.dll" to "D:\XML\PersonalFinanceManager\PersonalFinanceManager.Models\bin\Debug\Microsoft.IO.RecyclableMemoryStream.dll".
  Copying file from "D:\XML\PersonalFinanceManager\packages\System.Buffers.4.6.1\lib\net462\System.Buffers.dll" to "D:\XML\PersonalFinanceManager\PersonalFinanceManager.Models\bin\Debug\System.Buffers.dll".
  Copying file from "D:\XML\PersonalFinanceManager\packages\System.Data.SQLite.Linq.1.0.119.0\lib\net46\System.Data.SQLite.Linq.dll" to "D:\XML\PersonalFinanceManager\PersonalFinanceManager.Models\bin\Debug\System.Data.SQLite.Linq.dll".
  Copying file from "D:\XML\PersonalFinanceManager\packages\System.Memory.4.5.5\lib\net461\System.Memory.dll" to "D:\XML\PersonalFinanceManager\PersonalFinanceManager.Models\bin\Debug\System.Memory.dll".
  Copying file from "D:\XML\PersonalFinanceManager\packages\System.Data.SQLite.EF6.1.0.119.0\lib\net46\System.Data.SQLite.EF6.dll" to "D:\XML\PersonalFinanceManager\PersonalFinanceManager.Models\bin\Debug\System.Data.SQLite.EF6.dll".
  Copying file from "D:\XML\PersonalFinanceManager\packages\System.ComponentModel.Annotations.5.0.0\lib\net461\System.ComponentModel.Annotations.dll" to "D:\XML\PersonalFinanceManager\PersonalFinanceManager.Models\bin\Debug\System.ComponentModel.Annotations.dll".
  Copying file from "D:\XML\PersonalFinanceManager\packages\System.Numerics.Vectors.4.6.1\lib\net462\System.Numerics.Vectors.dll" to "D:\XML\PersonalFinanceManager\PersonalFinanceManager.Models\bin\Debug\System.Numerics.Vectors.dll".
  Copying file from "D:\XML\PersonalFinanceManager\packages\System.Security.Cryptography.Xml.8.0.2\lib\net462\System.Security.Cryptography.Xml.dll" to "D:\XML\PersonalFinanceManager\PersonalFinanceManager.Models\bin\Debug\System.Security.Cryptography.Xml.dll".
  Copying file from "D:\XML\PersonalFinanceManager\packages\System.Threading.Tasks.Extensions.4.6.3\lib\net462\System.Threading.Tasks.Extensions.dll" to "D:\XML\PersonalFinanceManager\PersonalFinanceManager.Models\bin\Debug\System.Threading.Tasks.Extensions.dll".
  Copying file from "D:\XML\PersonalFinanceManager\packages\Unity.5.11.8\lib\net47\Unity.Abstractions.dll" to "D:\XML\PersonalFinanceManager\PersonalFinanceManager.Models\bin\Debug\Unity.Abstractions.dll".
  Copying file from "D:\XML\PersonalFinanceManager\packages\Stub.System.Data.SQLite.Core.NetFramework.1.0.119.0\lib\net46\System.Data.SQLite.dll" to "D:\XML\PersonalFinanceManager\PersonalFinanceManager.Models\bin\Debug\System.Data.SQLite.dll".
  Copying file from "D:\XML\PersonalFinanceManager\packages\System.Runtime.CompilerServices.Unsafe.6.1.2\lib\net462\System.Runtime.CompilerServices.Unsafe.dll" to "D:\XML\PersonalFinanceManager\PersonalFinanceManager.Models\bin\Debug\System.Runtime.CompilerServices.Unsafe.dll".
  Copying file from "D:\XML\PersonalFinanceManager\packages\Unity.5.11.8\lib\net47\Unity.Container.dll" to "D:\XML\PersonalFinanceManager\PersonalFinanceManager.Models\bin\Debug\Unity.Container.dll".
  Copying file from "D:\XML\PersonalFinanceManager\packages\BCrypt.Net-Next.4.0.3\lib\net472\BCrypt.Net-Next.xml" to "D:\XML\PersonalFinanceManager\PersonalFinanceManager.Models\bin\Debug\BCrypt.Net-Next.xml".
  Copying file from "D:\XML\PersonalFinanceManager\packages\BouncyCastle.Cryptography.2.6.2\lib\net461\BouncyCastle.Cryptography.xml" to "D:\XML\PersonalFinanceManager\PersonalFinanceManager.Models\bin\Debug\BouncyCastle.Cryptography.xml".
  Copying file from "D:\XML\PersonalFinanceManager\packages\Dapper.2.1.66\lib\net461\Dapper.xml" to "D:\XML\PersonalFinanceManager\PersonalFinanceManager.Models\bin\Debug\Dapper.xml".
  Copying file from "D:\XML\PersonalFinanceManager\packages\EntityFramework.6.4.4\lib\net45\EntityFramework.xml" to "D:\XML\PersonalFinanceManager\PersonalFinanceManager.Models\bin\Debug\EntityFramework.xml".
  Copying file from "D:\XML\PersonalFinanceManager\packages\EPPlus.8.5.0\lib\net462\EPPlus.xml" to "D:\XML\PersonalFinanceManager\PersonalFinanceManager.Models\bin\Debug\EPPlus.xml".
  Copying file from "D:\XML\PersonalFinanceManager\packages\Guna.Charts.WinForms.1.0.9\lib\net472\Guna.Charts.WinForms.xml" to "D:\XML\PersonalFinanceManager\PersonalFinanceManager.Models\bin\Debug\Guna.Charts.WinForms.xml".
  Copying file from "D:\XML\PersonalFinanceManager\packages\EntityFramework.6.4.4\lib\net45\EntityFramework.SqlServer.xml" to "D:\XML\PersonalFinanceManager\PersonalFinanceManager.Models\bin\Debug\EntityFramework.SqlServer.xml".
  Copying file from "D:\XML\PersonalFinanceManager\packages\iTextSharp.5.5.13.5\lib\net461\itextsharp.xml" to "D:\XML\PersonalFinanceManager\PersonalFinanceManager.Models\bin\Debug\itextsharp.xml".
  Copying file from "D:\XML\PersonalFinanceManager\packages\LiveCharts.0.9.7\lib\net45\LiveCharts.pdb" to "D:\XML\PersonalFinanceManager\PersonalFinanceManager.Models\bin\Debug\LiveCharts.pdb".
  Copying file from "D:\XML\PersonalFinanceManager\packages\LiveCharts.WinForms.0.9.7.1\lib\net45\LiveCharts.WinForms.pdb" to "D:\XML\PersonalFinanceManager\PersonalFinanceManager.Models\bin\Debug\LiveCharts.WinForms.pdb".
  Copying file from "D:\XML\PersonalFinanceManager\packages\LiveCharts.0.9.7\lib\net45\LiveCharts.xml" to "D:\XML\PersonalFinanceManager\PersonalFinanceManager.Models\bin\Debug\LiveCharts.xml".
  Copying file from "D:\XML\PersonalFinanceManager\packages\LiveCharts.Wpf.0.9.7\lib\net45\LiveCharts.Wpf.pdb" to "D:\XML\PersonalFinanceManager\PersonalFinanceManager.Models\bin\Debug\LiveCharts.Wpf.pdb".
  Copying file from "D:\XML\PersonalFinanceManager\packages\LiveCharts.WinForms.0.9.7.1\lib\net45\LiveCharts.WinForms.xml" to "D:\XML\PersonalFinanceManager\PersonalFinanceManager.Models\bin\Debug\LiveCharts.WinForms.xml".
  Copying file from "D:\XML\PersonalFinanceManager\packages\LiveCharts.Wpf.0.9.7\lib\net45\LiveCharts.Wpf.xml" to "D:\XML\PersonalFinanceManager\PersonalFinanceManager.Models\bin\Debug\LiveCharts.Wpf.xml".
  Copying file from "D:\XML\PersonalFinanceManager\packages\Microsoft.IO.RecyclableMemoryStream.3.0.1\lib\netstandard2.0\Microsoft.IO.RecyclableMemoryStream.xml" to "D:\XML\PersonalFinanceManager\PersonalFinanceManager.Models\bin\Debug\Microsoft.IO.RecyclableMemoryStream.xml".
  Copying file from "D:\XML\PersonalFinanceManager\packages\Microsoft.Bcl.AsyncInterfaces.9.0.1\lib\net462\Microsoft.Bcl.AsyncInterfaces.xml" to "D:\XML\PersonalFinanceManager\PersonalFinanceManager.Models\bin\Debug\Microsoft.Bcl.AsyncInterfaces.xml".
  Copying file from "D:\XML\PersonalFinanceManager\packages\Stub.System.Data.SQLite.Core.NetFramework.1.0.119.0\lib\net46\System.Data.SQLite.xml" to "D:\XML\PersonalFinanceManager\PersonalFinanceManager.Models\bin\Debug\System.Data.SQLite.xml".
  Copying file from "D:\XML\PersonalFinanceManager\packages\System.Runtime.CompilerServices.Unsafe.6.1.2\lib\net462\System.Runtime.CompilerServices.Unsafe.xml" to "D:\XML\PersonalFinanceManager\PersonalFinanceManager.Models\bin\Debug\System.Runtime.CompilerServices.Unsafe.xml".
  Copying file from "D:\XML\PersonalFinanceManager\packages\System.Numerics.Vectors.4.6.1\lib\net462\System.Numerics.Vectors.xml" to "D:\XML\PersonalFinanceManager\PersonalFinanceManager.Models\bin\Debug\System.Numerics.Vectors.xml".
  Copying file from "D:\XML\PersonalFinanceManager\packages\System.Security.Cryptography.Xml.8.0.2\lib\net462\System.Security.Cryptography.Xml.xml" to "D:\XML\PersonalFinanceManager\PersonalFinanceManager.Models\bin\Debug\System.Security.Cryptography.Xml.xml".
  Copying file from "D:\XML\PersonalFinanceManager\packages\System.Memory.4.5.5\lib\net461\System.Memory.xml" to "D:\XML\PersonalFinanceManager\PersonalFinanceManager.Models\bin\Debug\System.Memory.xml".
  Copying file from "D:\XML\PersonalFinanceManager\packages\Unity.5.11.8\lib\net47\Unity.Abstractions.pdb" to "D:\XML\PersonalFinanceManager\PersonalFinanceManager.Models\bin\Debug\Unity.Abstractions.pdb".
  Copying file from "D:\XML\PersonalFinanceManager\packages\System.Threading.Tasks.Extensions.4.6.3\lib\net462\System.Threading.Tasks.Extensions.xml" to "D:\XML\PersonalFinanceManager\PersonalFinanceManager.Models\bin\Debug\System.Threading.Tasks.Extensions.xml".
  Copying file from "D:\XML\PersonalFinanceManager\packages\Unity.5.11.8\lib\net47\Unity.Container.pdb" to "D:\XML\PersonalFinanceManager\PersonalFinanceManager.Models\bin\Debug\Unity.Container.pdb".
  Copying file from "D:\XML\PersonalFinanceManager\packages\System.Buffers.4.6.1\lib\net462\System.Buffers.xml" to "D:\XML\PersonalFinanceManager\PersonalFinanceManager.Models\bin\Debug\System.Buffers.xml".
  Creating "D:\XML\PersonalFinanceManager\PersonalFinanceManager.Models\obj\Debug\Personal.B996CE5A.Up2Date" because "AlwaysCreate" was specified.
  Touching "D:\XML\PersonalFinanceManager\PersonalFinanceManager.Models\obj\Debug\Personal.B996CE5A.Up2Date".
_CopyAppConfigFile:
  Copying file from "D:\XML\PersonalFinanceManager\PersonalFinanceManager.Models\app.config" to "D:\XML\PersonalFinanceManager\PersonalFinanceManager.Models\bin\Debug\PersonalFinanceManager.Models.dll.config".
CopyFilesToOutputDirectory:
  Copying file from "D:\XML\PersonalFinanceManager\PersonalFinanceManager.Models\obj\Debug\PersonalFinanceManager.Models.dll" to "D:\XML\PersonalFinanceManager\PersonalFinanceManager.Models\bin\Debug\PersonalFinanceManager.Models.dll".
  PersonalFinanceManager.Models -> D:\XML\PersonalFinanceManager\PersonalFinanceManager.Models\bin\Debug\PersonalFinanceManager.Models.dll
  Copying file from "D:\XML\PersonalFinanceManager\PersonalFinanceManager.Models\obj\Debug\PersonalFinanceManager.Models.pdb" to "D:\XML\PersonalFinanceManager\PersonalFinanceManager.Models\bin\Debug\PersonalFinanceManager.Models.pdb".
CopySQLiteInteropFiles:
  Copying file from "D:\XML\PersonalFinanceManager\packages\Stub.System.Data.SQLite.Core.NetFramework.1.0.119.0\build\net46\x86\SQLite.Interop.dll" to "D:\XML\PersonalFinanceManager\PersonalFinanceManager.Models\bin\Debug\x86\SQLite.Interop.dll".
  Copying file from "D:\XML\PersonalFinanceManager\packages\Stub.System.Data.SQLite.Core.NetFramework.1.0.119.0\build\net46\x64\SQLite.Interop.dll" to "D:\XML\PersonalFinanceManager\PersonalFinanceManager.Models\bin\Debug\x64\SQLite.Interop.dll".
Done Building Project "D:\XML\PersonalFinanceManager\PersonalFinanceManager.Models\PersonalFinanceManager.Models.csproj" (default targets).
C:\Program Files\Microsoft Visual Studio\18\Insiders\MSBuild\Current\Bin\Microsoft.Common.CurrentVersion.targets(2451,5): warning MSB3270: There was a mismatch between the processor architecture of the project being built "MSIL" and the processor architecture of the reference "System.Data.SQLite, Version=1.0.119.0, Culture=neutral, PublicKeyToken=db937bc2d44ff139, processorArchitecture=AMD64", "AMD64". This mismatch may cause runtime failures. Please consider changing the targeted processor architecture of your project through the Configuration Manager so as to align the processor architectures between your project and references, or take a dependency on references with a processor architecture that matches the targeted processor architecture of your project. [D:\XML\PersonalFinanceManager\PersonalFinanceManager.Common\PersonalFinanceManager.Common.csproj]
GenerateTargetFrameworkMonikerAttribute:
Skipping target "GenerateTargetFrameworkMonikerAttribute" because all output files are up-to-date with respect to the input files.
CoreCompile:
  C:\Program Files\Microsoft Visual Studio\18\Insiders\MSBuild\Current\Bin\Roslyn\csc.exe /noconfig /nowarn:1701,1702 /fullpaths /nostdlib+ /errorreport:prompt /warn:4 /define:DEBUG;TRACE /highentropyva+ /reference:D:\XML\PersonalFinanceManager\packages\BCrypt.Net-Next.4.1.0\lib\net472\BCrypt.Net-Next.dll /reference:D:\XML\PersonalFinanceManager\packages\BouncyCastle.Cryptography.2.6.2\lib\net461\BouncyCastle.Cryptography.dll /reference:D:\XML\PersonalFinanceManager\packages\Dapper.2.1.66\lib\net461\Dapper.dll /reference:D:\XML\PersonalFinanceManager\packages\EntityFramework.6.4.4\lib\net45\EntityFramework.dll /reference:D:\XML\PersonalFinanceManager\packages\EntityFramework.6.4.4\lib\net45\EntityFramework.SqlServer.dll /reference:D:\XML\PersonalFinanceManager\packages\EPPlus.8.5.0\lib\net462\EPPlus.dll /reference:D:\XML\PersonalFinanceManager\packages\EPPlus.Interfaces.8.4.0\lib\net462\EPPlus.Interfaces.dll /reference:D:\XML\PersonalFinanceManager\packages\Guna.Charts.WinForms.1.0.9\lib\net472\Guna.Charts.WinForms.dll /reference:D:\XML\PersonalFinanceManager\packages\Guna.UI2.WinForms.2.0.4.6\lib\net472\Guna.UI2.dll /reference:D:\XML\PersonalFinanceManager\packages\iTextSharp.5.5.13.5\lib\net461\itextsharp.dll /reference:D:\XML\PersonalFinanceManager\packages\LiveCharts.0.9.7\lib\net45\LiveCharts.dll /reference:D:\XML\PersonalFinanceManager\packages\LiveCharts.WinForms.0.9.7.1\lib\net45\LiveCharts.WinForms.dll /reference:D:\XML\PersonalFinanceManager\packages\LiveCharts.Wpf.0.9.7\lib\net45\LiveCharts.Wpf.dll /reference:D:\XML\PersonalFinanceManager\packages\Microsoft.Bcl.AsyncInterfaces.9.0.1\lib\net462\Microsoft.Bcl.AsyncInterfaces.dll /reference:"C:\Program Files (x86)\Reference Assemblies\Microsoft\Framework\.NETFramework\v4.7.2\Microsoft.CSharp.dll" /reference:D:\XML\PersonalFinanceManager\packages\Microsoft.IO.RecyclableMemoryStream.3.0.1\lib\netstandard2.0\Microsoft.IO.RecyclableMemoryStream.dll /reference:"C:\Program Files (x86)\Reference Assemblies\Microsoft\Framework\.NETFramework\v4.7.2\mscorlib.dll" /reference:D:\XML\PersonalFinanceManager\PersonalFinanceManager.Models\bin\Debug\PersonalFinanceManager.Models.dll /reference:"C:\Program Files (x86)\Reference Assemblies\Microsoft\Framework\.NETFramework\v4.7.2\PresentationCore.dll" /reference:"C:\Program Files (x86)\Reference Assemblies\Microsoft\Framework\.NETFramework\v4.7.2\PresentationFramework.dll" /reference:D:\XML\PersonalFinanceManager\packages\System.Buffers.4.6.1\lib\net462\System.Buffers.dll /reference:D:\XML\PersonalFinanceManager\packages\System.ComponentModel.Annotations.5.0.0\lib\net461\System.ComponentModel.Annotations.dll /reference:"C:\Program Files (x86)\Reference Assemblies\Microsoft\Framework\.NETFramework\v4.7.2\System.ComponentModel.DataAnnotations.dll" /reference:"C:\Program Files (x86)\Reference Assemblies\Microsoft\Framework\.NETFramework\v4.7.2\System.Configuration.dll" /reference:"C:\Program Files (x86)\Reference Assemblies\Microsoft\Framework\.NETFramework\v4.7.2\System.Core.dll" /reference:"C:\Program Files (x86)\Reference Assemblies\Microsoft\Framework\.NETFramework\v4.7.2\System.Data.DataSetExtensions.dll" /reference:"C:\Program Files (x86)\Reference Assemblies\Microsoft\Framework\.NETFramework\v4.7.2\System.Data.dll" /reference:D:\XML\PersonalFinanceManager\PersonalFinanceManager.Common\bin\Debug\System.Data.SQLite.dll /reference:D:\XML\PersonalFinanceManager\packages\System.Data.SQLite.EF6.1.0.119.0\lib\net46\System.Data.SQLite.EF6.dll /reference:D:\XML\PersonalFinanceManager\packages\System.Data.SQLite.Linq.1.0.119.0\lib\net46\System.Data.SQLite.Linq.dll /reference:"C:\Program Files (x86)\Reference Assemblies\Microsoft\Framework\.NETFramework\v4.7.2\System.Design.dll" /reference:"C:\Program Files (x86)\Reference Assemblies\Microsoft\Framework\.NETFramework\v4.7.2\System.dll" /reference:"C:\Program Files (x86)\Reference Assemblies\Microsoft\Framework\.NETFramework\v4.7.2\System.Management.dll" /reference:D:\XML\PersonalFinanceManager\packages\System.Memory.4.6.3\lib\net462\System.Memory.dll /reference:"C:\Program Files (x86)\Reference Assemblies\Microsoft\Framework\.NETFramework\v4.7.2\System.Net.Http.dll" /reference:"C:\Program Files (x86)\Reference Assemblies\Microsoft\Framework\.NETFramework\v4.7.2\System.Numerics.dll" /reference:D:\XML\PersonalFinanceManager\packages\System.Numerics.Vectors.4.6.1\lib\net462\System.Numerics.Vectors.dll /reference:"C:\Program Files (x86)\Reference Assemblies\Microsoft\Framework\.NETFramework\v4.7.2\System.Runtime.Caching.dll" /reference:D:\XML\PersonalFinanceManager\packages\System.Runtime.CompilerServices.Unsafe.6.1.2\lib\net462\System.Runtime.CompilerServices.Unsafe.dll /reference:D:\XML\PersonalFinanceManager\packages\System.Security.Cryptography.Xml.8.0.2\lib\net462\System.Security.Cryptography.Xml.dll /reference:"C:\Program Files (x86)\Reference Assemblies\Microsoft\Framework\.NETFramework\v4.7.2\System.Security.dll" /reference:D:\XML\PersonalFinanceManager\packages\System.Threading.Tasks.Extensions.4.6.3\lib\net462\System.Threading.Tasks.Extensions.dll /reference:"C:\Program Files (x86)\Reference Assemblies\Microsoft\Framework\.NETFramework\v4.7.2\System.Transactions.dll" /reference:"C:\Program Files (x86)\Reference Assemblies\Microsoft\Framework\.NETFramework\v4.7.2\System.Web.dll" /reference:"C:\Program Files (x86)\Reference Assemblies\Microsoft\Framework\.NETFramework\v4.7.2\System.Xaml.dll" /reference:"C:\Program Files (x86)\Reference Assemblies\Microsoft\Framework\.NETFramework\v4.7.2\System.Xml.dll" /reference:"C:\Program Files (x86)\Reference Assemblies\Microsoft\Framework\.NETFramework\v4.7.2\System.Xml.Linq.dll" /reference:D:\XML\PersonalFinanceManager\packages\Unity.5.11.8\lib\net47\Unity.Abstractions.dll /reference:D:\XML\PersonalFinanceManager\packages\Unity.5.11.8\lib\net47\Unity.Container.dll /reference:"C:\Program Files (x86)\Reference Assemblies\Microsoft\Framework\.NETFramework\v4.7.2\WindowsBase.dll" /reference:"C:\Program Files (x86)\Reference Assemblies\Microsoft\Framework\.NETFramework\v4.7.2\WindowsFormsIntegration.dll" /reference:"C:\Program Files (x86)\Reference Assemblies\Microsoft\Framework\.NETFramework\v4.7.2\Facades\netstandard.dll" /debug+ /debug:full /filealign:512 /optimize- /out:obj\Debug\PersonalFinanceManager.Common.dll /subsystemversion:6.00 /target:library /utf8output /deterministic+ /langversion:7.3 Class1.cs Constants\AppConstants.cs Enums\TransactionType.cs Helpers\CacheHelper.cs Helpers\DbHelper.cs Interfaces\IAccountRepository.cs Interfaces\IBaseRepository.cs Interfaces\ICategoryRepository.cs Interfaces\ITransactionRepository.cs Interfaces\ITransactionService.cs Interfaces\IUserRepository.cs Interfaces\IUserService.cs Mock\MockTransactionService.cs Mock\MockUserService.cs Properties\AssemblyInfo.cs Models\StatisticsDto.cs "obj\Debug\.NETFramework,Version=v4.7.2.AssemblyAttributes.cs"
  Compilation request PersonalFinanceManager.Common, PathToTool=C:\Program Files\Microsoft Visual Studio\18\Insiders\MSBuild\Current\Bin\Roslyn\csc.exe
  CommandLine = ' /noconfig'
  BuildResponseFile = '/nowarn:1701,1702 /fullpaths /nostdlib+ /errorreport:prompt /warn:4 /define:DEBUG;TRACE /highentropyva+ /reference:D:\XML\PersonalFinanceManager\packages\BCrypt.Net-Next.4.1.0\lib\net472\BCrypt.Net-Next.dll /reference:D:\XML\PersonalFinanceManager\packages\BouncyCastle.Cryptography.2.6.2\lib\net461\BouncyCastle.Cryptography.dll /reference:D:\XML\PersonalFinanceManager\packages\Dapper.2.1.66\lib\net461\Dapper.dll /reference:D:\XML\PersonalFinanceManager\packages\EntityFramework.6.4.4\lib\net45\EntityFramework.dll /reference:D:\XML\PersonalFinanceManager\packages\EntityFramework.6.4.4\lib\net45\EntityFramework.SqlServer.dll /reference:D:\XML\PersonalFinanceManager\packages\EPPlus.8.5.0\lib\net462\EPPlus.dll /reference:D:\XML\PersonalFinanceManager\packages\EPPlus.Interfaces.8.4.0\lib\net462\EPPlus.Interfaces.dll /reference:D:\XML\PersonalFinanceManager\packages\Guna.Charts.WinForms.1.0.9\lib\net472\Guna.Charts.WinForms.dll /reference:D:\XML\PersonalFinanceManager\packages\Guna.UI2.WinForms.2.0.4.6\lib\net472\Guna.UI2.dll /reference:D:\XML\PersonalFinanceManager\packages\iTextSharp.5.5.13.5\lib\net461\itextsharp.dll /reference:D:\XML\PersonalFinanceManager\packages\LiveCharts.0.9.7\lib\net45\LiveCharts.dll /reference:D:\XML\PersonalFinanceManager\packages\LiveCharts.WinForms.0.9.7.1\lib\net45\LiveCharts.WinForms.dll /reference:D:\XML\PersonalFinanceManager\packages\LiveCharts.Wpf.0.9.7\lib\net45\LiveCharts.Wpf.dll /reference:D:\XML\PersonalFinanceManager\packages\Microsoft.Bcl.AsyncInterfaces.9.0.1\lib\net462\Microsoft.Bcl.AsyncInterfaces.dll /reference:"C:\Program Files (x86)\Reference Assemblies\Microsoft\Framework\.NETFramework\v4.7.2\Microsoft.CSharp.dll" /reference:D:\XML\PersonalFinanceManager\packages\Microsoft.IO.RecyclableMemoryStream.3.0.1\lib\netstandard2.0\Microsoft.IO.RecyclableMemoryStream.dll /reference:"C:\Program Files (x86)\Reference Assemblies\Microsoft\Framework\.NETFramework\v4.7.2\mscorlib.dll" /reference:D:\XML\PersonalFinanceManager\PersonalFinanceManager.Models\bin\Debug\PersonalFinanceManager.Models.dll /reference:"C:\Program Files (x86)\Reference Assemblies\Microsoft\Framework\.NETFramework\v4.7.2\PresentationCore.dll" /reference:"C:\Program Files (x86)\Reference Assemblies\Microsoft\Framework\.NETFramework\v4.7.2\PresentationFramework.dll" /reference:D:\XML\PersonalFinanceManager\packages\System.Buffers.4.6.1\lib\net462\System.Buffers.dll /reference:D:\XML\PersonalFinanceManager\packages\System.ComponentModel.Annotations.5.0.0\lib\net461\System.ComponentModel.Annotations.dll /reference:"C:\Program Files (x86)\Reference Assemblies\Microsoft\Framework\.NETFramework\v4.7.2\System.ComponentModel.DataAnnotations.dll" /reference:"C:\Program Files (x86)\Reference Assemblies\Microsoft\Framework\.NETFramework\v4.7.2\System.Configuration.dll" /reference:"C:\Program Files (x86)\Reference Assemblies\Microsoft\Framework\.NETFramework\v4.7.2\System.Core.dll" /reference:"C:\Program Files (x86)\Reference Assemblies\Microsoft\Framework\.NETFramework\v4.7.2\System.Data.DataSetExtensions.dll" /reference:"C:\Program Files (x86)\Reference Assemblies\Microsoft\Framework\.NETFramework\v4.7.2\System.Data.dll" /reference:D:\XML\PersonalFinanceManager\PersonalFinanceManager.Common\bin\Debug\System.Data.SQLite.dll /reference:D:\XML\PersonalFinanceManager\packages\System.Data.SQLite.EF6.1.0.119.0\lib\net46\System.Data.SQLite.EF6.dll /reference:D:\XML\PersonalFinanceManager\packages\System.Data.SQLite.Linq.1.0.119.0\lib\net46\System.Data.SQLite.Linq.dll /reference:"C:\Program Files (x86)\Reference Assemblies\Microsoft\Framework\.NETFramework\v4.7.2\System.Design.dll" /reference:"C:\Program Files (x86)\Reference Assemblies\Microsoft\Framework\.NETFramework\v4.7.2\System.dll" /reference:"C:\Program Files (x86)\Reference Assemblies\Microsoft\Framework\.NETFramework\v4.7.2\System.Management.dll" /reference:D:\XML\PersonalFinanceManager\packages\System.Memory.4.6.3\lib\net462\System.Memory.dll /reference:"C:\Program Files (x86)\Reference Assemblies\Microsoft\Framework\.NETFramework\v4.7.2\System.Net.Http.dll" /reference:"C:\Program Files (x86)\Reference Assemblies\Microsoft\Framework\.NETFramework\v4.7.2\System.Numerics.dll" /reference:D:\XML\PersonalFinanceManager\packages\System.Numerics.Vectors.4.6.1\lib\net462\System.Numerics.Vectors.dll /reference:"C:\Program Files (x86)\Reference Assemblies\Microsoft\Framework\.NETFramework\v4.7.2\System.Runtime.Caching.dll" /reference:D:\XML\PersonalFinanceManager\packages\System.Runtime.CompilerServices.Unsafe.6.1.2\lib\net462\System.Runtime.CompilerServices.Unsafe.dll /reference:D:\XML\PersonalFinanceManager\packages\System.Security.Cryptography.Xml.8.0.2\lib\net462\System.Security.Cryptography.Xml.dll /reference:"C:\Program Files (x86)\Reference Assemblies\Microsoft\Framework\.NETFramework\v4.7.2\System.Security.dll" /reference:D:\XML\PersonalFinanceManager\packages\System.Threading.Tasks.Extensions.4.6.3\lib\net462\System.Threading.Tasks.Extensions.dll /reference:"C:\Program Files (x86)\Reference Assemblies\Microsoft\Framework\.NETFramework\v4.7.2\System.Transactions.dll" /reference:"C:\Program Files (x86)\Reference Assemblies\Microsoft\Framework\.NETFramework\v4.7.2\System.Web.dll" /reference:"C:\Program Files (x86)\Reference Assemblies\Microsoft\Framework\.NETFramework\v4.7.2\System.Xaml.dll" /reference:"C:\Program Files (x86)\Reference Assemblies\Microsoft\Framework\.NETFramework\v4.7.2\System.Xml.dll" /reference:"C:\Program Files (x86)\Reference Assemblies\Microsoft\Framework\.NETFramework\v4.7.2\System.Xml.Linq.dll" /reference:D:\XML\PersonalFinanceManager\packages\Unity.5.11.8\lib\net47\Unity.Abstractions.dll /reference:D:\XML\PersonalFinanceManager\packages\Unity.5.11.8\lib\net47\Unity.Container.dll /reference:"C:\Program Files (x86)\Reference Assemblies\Microsoft\Framework\.NETFramework\v4.7.2\WindowsBase.dll" /reference:"C:\Program Files (x86)\Reference Assemblies\Microsoft\Framework\.NETFramework\v4.7.2\WindowsFormsIntegration.dll" /reference:"C:\Program Files (x86)\Reference Assemblies\Microsoft\Framework\.NETFramework\v4.7.2\Facades\netstandard.dll" /debug+ /debug:full /filealign:512 /optimize- /out:obj\Debug\PersonalFinanceManager.Common.dll /subsystemversion:6.00 /target:library /utf8output /deterministic+ /langversion:7.3 Class1.cs Constants\AppConstants.cs Enums\TransactionType.cs Helpers\CacheHelper.cs Helpers\DbHelper.cs Interfaces\IAccountRepository.cs Interfaces\IBaseRepository.cs Interfaces\ICategoryRepository.cs Interfaces\ITransactionRepository.cs Interfaces\ITransactionService.cs Interfaces\IUserRepository.cs Interfaces\IUserService.cs Mock\MockTransactionService.cs Mock\MockUserService.cs Properties\AssemblyInfo.cs Models\StatisticsDto.cs "obj\Debug\.NETFramework,Version=v4.7.2.AssemblyAttributes.cs"'
  Attempt to open named pipe 'oh022SD8mDYwcGf3md6EPU9liy5XFLEqabtlPjTChOU'
  Attempt to connect named pipe 'oh022SD8mDYwcGf3md6EPU9liy5XFLEqabtlPjTChOU'
  Named pipe 'oh022SD8mDYwcGf3md6EPU9liy5XFLEqabtlPjTChOU' connected
  Begin writing request for PersonalFinanceManager.Common
  End writing request for PersonalFinanceManager.Common
  Begin reading response for PersonalFinanceManager.Common
  End reading response for PersonalFinanceManager.Common
  CompilerServer: server - server processed compilation - PersonalFinanceManager.Common
_CopyFilesMarkedCopyLocal:
  Copying file from "D:\XML\PersonalFinanceManager\packages\BouncyCastle.Cryptography.2.6.2\lib\net461\BouncyCastle.Cryptography.dll" to "D:\XML\PersonalFinanceManager\PersonalFinanceManager.Common\bin\Debug\BouncyCastle.Cryptography.dll".
  Copying file from "D:\XML\PersonalFinanceManager\packages\BCrypt.Net-Next.4.1.0\lib\net472\BCrypt.Net-Next.dll" to "D:\XML\PersonalFinanceManager\PersonalFinanceManager.Common\bin\Debug\BCrypt.Net-Next.dll".
  Copying file from "D:\XML\PersonalFinanceManager\packages\EntityFramework.6.4.4\lib\net45\EntityFramework.SqlServer.dll" to "D:\XML\PersonalFinanceManager\PersonalFinanceManager.Common\bin\Debug\EntityFramework.SqlServer.dll".
  Copying file from "D:\XML\PersonalFinanceManager\packages\Dapper.2.1.66\lib\net461\Dapper.dll" to "D:\XML\PersonalFinanceManager\PersonalFinanceManager.Common\bin\Debug\Dapper.dll".
  Copying file from "D:\XML\PersonalFinanceManager\packages\EntityFramework.6.4.4\lib\net45\EntityFramework.dll" to "D:\XML\PersonalFinanceManager\PersonalFinanceManager.Common\bin\Debug\EntityFramework.dll".
  Copying file from "D:\XML\PersonalFinanceManager\packages\EPPlus.8.5.0\lib\net462\EPPlus.dll" to "D:\XML\PersonalFinanceManager\PersonalFinanceManager.Common\bin\Debug\EPPlus.dll".
  Copying file from "D:\XML\PersonalFinanceManager\packages\EPPlus.Interfaces.8.4.0\lib\net462\EPPlus.Interfaces.dll" to "D:\XML\PersonalFinanceManager\PersonalFinanceManager.Common\bin\Debug\EPPlus.Interfaces.dll".
  Copying file from "D:\XML\PersonalFinanceManager\packages\Guna.Charts.WinForms.1.0.9\lib\net472\Guna.Charts.WinForms.dll" to "D:\XML\PersonalFinanceManager\PersonalFinanceManager.Common\bin\Debug\Guna.Charts.WinForms.dll".
  Copying file from "D:\XML\PersonalFinanceManager\packages\Guna.UI2.WinForms.2.0.4.6\lib\net472\Guna.UI2.dll" to "D:\XML\PersonalFinanceManager\PersonalFinanceManager.Common\bin\Debug\Guna.UI2.dll".
  Copying file from "D:\XML\PersonalFinanceManager\packages\iTextSharp.5.5.13.5\lib\net461\itextsharp.dll" to "D:\XML\PersonalFinanceManager\PersonalFinanceManager.Common\bin\Debug\itextsharp.dll".
  Copying file from "D:\XML\PersonalFinanceManager\packages\LiveCharts.0.9.7\lib\net45\LiveCharts.dll" to "D:\XML\PersonalFinanceManager\PersonalFinanceManager.Common\bin\Debug\LiveCharts.dll".
  Copying file from "D:\XML\PersonalFinanceManager\packages\LiveCharts.WinForms.0.9.7.1\lib\net45\LiveCharts.WinForms.dll" to "D:\XML\PersonalFinanceManager\PersonalFinanceManager.Common\bin\Debug\LiveCharts.WinForms.dll".
  Copying file from "D:\XML\PersonalFinanceManager\packages\LiveCharts.Wpf.0.9.7\lib\net45\LiveCharts.Wpf.dll" to "D:\XML\PersonalFinanceManager\PersonalFinanceManager.Common\bin\Debug\LiveCharts.Wpf.dll".
  Copying file from "D:\XML\PersonalFinanceManager\packages\Microsoft.Bcl.AsyncInterfaces.9.0.1\lib\net462\Microsoft.Bcl.AsyncInterfaces.dll" to "D:\XML\PersonalFinanceManager\PersonalFinanceManager.Common\bin\Debug\Microsoft.Bcl.AsyncInterfaces.dll".
  Copying file from "D:\XML\PersonalFinanceManager\packages\Microsoft.IO.RecyclableMemoryStream.3.0.1\lib\netstandard2.0\Microsoft.IO.RecyclableMemoryStream.dll" to "D:\XML\PersonalFinanceManager\PersonalFinanceManager.Common\bin\Debug\Microsoft.IO.RecyclableMemoryStream.dll".
  Copying file from "D:\XML\PersonalFinanceManager\PersonalFinanceManager.Models\bin\Debug\PersonalFinanceManager.Models.dll" to "D:\XML\PersonalFinanceManager\PersonalFinanceManager.Common\bin\Debug\PersonalFinanceManager.Models.dll".
  Copying file from "D:\XML\PersonalFinanceManager\packages\System.Buffers.4.6.1\lib\net462\System.Buffers.dll" to "D:\XML\PersonalFinanceManager\PersonalFinanceManager.Common\bin\Debug\System.Buffers.dll".
  Copying file from "D:\XML\PersonalFinanceManager\packages\System.ComponentModel.Annotations.5.0.0\lib\net461\System.ComponentModel.Annotations.dll" to "D:\XML\PersonalFinanceManager\PersonalFinanceManager.Common\bin\Debug\System.ComponentModel.Annotations.dll".
  Copying file from "D:\XML\PersonalFinanceManager\packages\System.Data.SQLite.EF6.1.0.119.0\lib\net46\System.Data.SQLite.EF6.dll" to "D:\XML\PersonalFinanceManager\PersonalFinanceManager.Common\bin\Debug\System.Data.SQLite.EF6.dll".
  Copying file from "D:\XML\PersonalFinanceManager\packages\System.Data.SQLite.Linq.1.0.119.0\lib\net46\System.Data.SQLite.Linq.dll" to "D:\XML\PersonalFinanceManager\PersonalFinanceManager.Common\bin\Debug\System.Data.SQLite.Linq.dll".
  Copying file from "D:\XML\PersonalFinanceManager\packages\System.Numerics.Vectors.4.6.1\lib\net462\System.Numerics.Vectors.dll" to "D:\XML\PersonalFinanceManager\PersonalFinanceManager.Common\bin\Debug\System.Numerics.Vectors.dll".
  Copying file from "D:\XML\PersonalFinanceManager\packages\System.Memory.4.6.3\lib\net462\System.Memory.dll" to "D:\XML\PersonalFinanceManager\PersonalFinanceManager.Common\bin\Debug\System.Memory.dll".
  Copying file from "D:\XML\PersonalFinanceManager\packages\System.Threading.Tasks.Extensions.4.6.3\lib\net462\System.Threading.Tasks.Extensions.dll" to "D:\XML\PersonalFinanceManager\PersonalFinanceManager.Common\bin\Debug\System.Threading.Tasks.Extensions.dll".
  Copying file from "D:\XML\PersonalFinanceManager\packages\System.Runtime.CompilerServices.Unsafe.6.1.2\lib\net462\System.Runtime.CompilerServices.Unsafe.dll" to "D:\XML\PersonalFinanceManager\PersonalFinanceManager.Common\bin\Debug\System.Runtime.CompilerServices.Unsafe.dll".
  Copying file from "D:\XML\PersonalFinanceManager\packages\System.Security.Cryptography.Xml.8.0.2\lib\net462\System.Security.Cryptography.Xml.dll" to "D:\XML\PersonalFinanceManager\PersonalFinanceManager.Common\bin\Debug\System.Security.Cryptography.Xml.dll".
  Copying file from "D:\XML\PersonalFinanceManager\packages\Unity.5.11.8\lib\net47\Unity.Container.dll" to "D:\XML\PersonalFinanceManager\PersonalFinanceManager.Common\bin\Debug\Unity.Container.dll".
  Copying file from "D:\XML\PersonalFinanceManager\PersonalFinanceManager.Models\bin\Debug\PersonalFinanceManager.Models.pdb" to "D:\XML\PersonalFinanceManager\PersonalFinanceManager.Common\bin\Debug\PersonalFinanceManager.Models.pdb".
  Copying file from "D:\XML\PersonalFinanceManager\packages\Unity.5.11.8\lib\net47\Unity.Abstractions.dll" to "D:\XML\PersonalFinanceManager\PersonalFinanceManager.Common\bin\Debug\Unity.Abstractions.dll".
  Copying file from "D:\XML\PersonalFinanceManager\packages\BCrypt.Net-Next.4.1.0\lib\net472\BCrypt.Net-Next.xml" to "D:\XML\PersonalFinanceManager\PersonalFinanceManager.Common\bin\Debug\BCrypt.Net-Next.xml".
  Copying file from "D:\XML\PersonalFinanceManager\PersonalFinanceManager.Models\bin\Debug\PersonalFinanceManager.Models.dll.config" to "D:\XML\PersonalFinanceManager\PersonalFinanceManager.Common\bin\Debug\PersonalFinanceManager.Models.dll.config".
  Copying file from "D:\XML\PersonalFinanceManager\packages\BouncyCastle.Cryptography.2.6.2\lib\net461\BouncyCastle.Cryptography.xml" to "D:\XML\PersonalFinanceManager\PersonalFinanceManager.Common\bin\Debug\BouncyCastle.Cryptography.xml".
  Copying file from "D:\XML\PersonalFinanceManager\packages\Dapper.2.1.66\lib\net461\Dapper.xml" to "D:\XML\PersonalFinanceManager\PersonalFinanceManager.Common\bin\Debug\Dapper.xml".
  Copying file from "D:\XML\PersonalFinanceManager\packages\EntityFramework.6.4.4\lib\net45\EntityFramework.xml" to "D:\XML\PersonalFinanceManager\PersonalFinanceManager.Common\bin\Debug\EntityFramework.xml".
  Copying file from "D:\XML\PersonalFinanceManager\packages\EntityFramework.6.4.4\lib\net45\EntityFramework.SqlServer.xml" to "D:\XML\PersonalFinanceManager\PersonalFinanceManager.Common\bin\Debug\EntityFramework.SqlServer.xml".
  Copying file from "D:\XML\PersonalFinanceManager\packages\EPPlus.8.5.0\lib\net462\EPPlus.xml" to "D:\XML\PersonalFinanceManager\PersonalFinanceManager.Common\bin\Debug\EPPlus.xml".
  Copying file from "D:\XML\PersonalFinanceManager\packages\Guna.Charts.WinForms.1.0.9\lib\net472\Guna.Charts.WinForms.xml" to "D:\XML\PersonalFinanceManager\PersonalFinanceManager.Common\bin\Debug\Guna.Charts.WinForms.xml".
  Copying file from "D:\XML\PersonalFinanceManager\packages\iTextSharp.5.5.13.5\lib\net461\itextsharp.xml" to "D:\XML\PersonalFinanceManager\PersonalFinanceManager.Common\bin\Debug\itextsharp.xml".
  Copying file from "D:\XML\PersonalFinanceManager\packages\LiveCharts.0.9.7\lib\net45\LiveCharts.pdb" to "D:\XML\PersonalFinanceManager\PersonalFinanceManager.Common\bin\Debug\LiveCharts.pdb".
  Copying file from "D:\XML\PersonalFinanceManager\packages\LiveCharts.0.9.7\lib\net45\LiveCharts.xml" to "D:\XML\PersonalFinanceManager\PersonalFinanceManager.Common\bin\Debug\LiveCharts.xml".
  Copying file from "D:\XML\PersonalFinanceManager\packages\LiveCharts.WinForms.0.9.7.1\lib\net45\LiveCharts.WinForms.pdb" to "D:\XML\PersonalFinanceManager\PersonalFinanceManager.Common\bin\Debug\LiveCharts.WinForms.pdb".
  Copying file from "D:\XML\PersonalFinanceManager\packages\LiveCharts.WinForms.0.9.7.1\lib\net45\LiveCharts.WinForms.xml" to "D:\XML\PersonalFinanceManager\PersonalFinanceManager.Common\bin\Debug\LiveCharts.WinForms.xml".
  Copying file from "D:\XML\PersonalFinanceManager\packages\LiveCharts.Wpf.0.9.7\lib\net45\LiveCharts.Wpf.pdb" to "D:\XML\PersonalFinanceManager\PersonalFinanceManager.Common\bin\Debug\LiveCharts.Wpf.pdb".
  Copying file from "D:\XML\PersonalFinanceManager\packages\Microsoft.Bcl.AsyncInterfaces.9.0.1\lib\net462\Microsoft.Bcl.AsyncInterfaces.xml" to "D:\XML\PersonalFinanceManager\PersonalFinanceManager.Common\bin\Debug\Microsoft.Bcl.AsyncInterfaces.xml".
  Copying file from "D:\XML\PersonalFinanceManager\packages\System.Buffers.4.6.1\lib\net462\System.Buffers.xml" to "D:\XML\PersonalFinanceManager\PersonalFinanceManager.Common\bin\Debug\System.Buffers.xml".
  Copying file from "D:\XML\PersonalFinanceManager\packages\Microsoft.IO.RecyclableMemoryStream.3.0.1\lib\netstandard2.0\Microsoft.IO.RecyclableMemoryStream.xml" to "D:\XML\PersonalFinanceManager\PersonalFinanceManager.Common\bin\Debug\Microsoft.IO.RecyclableMemoryStream.xml".
  Copying file from "D:\XML\PersonalFinanceManager\packages\LiveCharts.Wpf.0.9.7\lib\net45\LiveCharts.Wpf.xml" to "D:\XML\PersonalFinanceManager\PersonalFinanceManager.Common\bin\Debug\LiveCharts.Wpf.xml".
  Copying file from "D:\XML\PersonalFinanceManager\packages\System.Numerics.Vectors.4.6.1\lib\net462\System.Numerics.Vectors.xml" to "D:\XML\PersonalFinanceManager\PersonalFinanceManager.Common\bin\Debug\System.Numerics.Vectors.xml".
  Copying file from "D:\XML\PersonalFinanceManager\packages\Unity.5.11.8\lib\net47\Unity.Abstractions.pdb" to "D:\XML\PersonalFinanceManager\PersonalFinanceManager.Common\bin\Debug\Unity.Abstractions.pdb".
  Copying file from "D:\XML\PersonalFinanceManager\packages\System.Runtime.CompilerServices.Unsafe.6.1.2\lib\net462\System.Runtime.CompilerServices.Unsafe.xml" to "D:\XML\PersonalFinanceManager\PersonalFinanceManager.Common\bin\Debug\System.Runtime.CompilerServices.Unsafe.xml".
  Copying file from "D:\XML\PersonalFinanceManager\packages\System.Security.Cryptography.Xml.8.0.2\lib\net462\System.Security.Cryptography.Xml.xml" to "D:\XML\PersonalFinanceManager\PersonalFinanceManager.Common\bin\Debug\System.Security.Cryptography.Xml.xml".
  Copying file from "D:\XML\PersonalFinanceManager\packages\Unity.5.11.8\lib\net47\Unity.Container.pdb" to "D:\XML\PersonalFinanceManager\PersonalFinanceManager.Common\bin\Debug\Unity.Container.pdb".
  Copying file from "D:\XML\PersonalFinanceManager\packages\System.Memory.4.6.3\lib\net462\System.Memory.xml" to "D:\XML\PersonalFinanceManager\PersonalFinanceManager.Common\bin\Debug\System.Memory.xml".
  Copying file from "D:\XML\PersonalFinanceManager\packages\System.Threading.Tasks.Extensions.4.6.3\lib\net462\System.Threading.Tasks.Extensions.xml" to "D:\XML\PersonalFinanceManager\PersonalFinanceManager.Common\bin\Debug\System.Threading.Tasks.Extensions.xml".
  Creating "D:\XML\PersonalFinanceManager\PersonalFinanceManager.Common\obj\Debug\Personal.89A0D1A0.Up2Date" because "AlwaysCreate" was specified.
  Touching "D:\XML\PersonalFinanceManager\PersonalFinanceManager.Common\obj\Debug\Personal.89A0D1A0.Up2Date".
_CopyAppConfigFile:
  Copying file from "D:\XML\PersonalFinanceManager\PersonalFinanceManager.Common\App.config" to "D:\XML\PersonalFinanceManager\PersonalFinanceManager.Common\bin\Debug\PersonalFinanceManager.Common.dll.config".
CopyFilesToOutputDirectory:
  Copying file from "D:\XML\PersonalFinanceManager\PersonalFinanceManager.Common\obj\Debug\PersonalFinanceManager.Common.dll" to "D:\XML\PersonalFinanceManager\PersonalFinanceManager.Common\bin\Debug\PersonalFinanceManager.Common.dll".
  PersonalFinanceManager.Common -> D:\XML\PersonalFinanceManager\PersonalFinanceManager.Common\bin\Debug\PersonalFinanceManager.Common.dll
  Copying file from "D:\XML\PersonalFinanceManager\PersonalFinanceManager.Common\obj\Debug\PersonalFinanceManager.Common.pdb" to "D:\XML\PersonalFinanceManager\PersonalFinanceManager.Common\bin\Debug\PersonalFinanceManager.Common.pdb".
CopySQLiteInteropFiles:
  Copying file from "D:\XML\PersonalFinanceManager\packages\Stub.System.Data.SQLite.Core.NetFramework.1.0.119.0\build\net46\x86\SQLite.Interop.dll" to "D:\XML\PersonalFinanceManager\PersonalFinanceManager.Common\bin\Debug\x86\SQLite.Interop.dll".
  Copying file from "D:\XML\PersonalFinanceManager\packages\Stub.System.Data.SQLite.Core.NetFramework.1.0.119.0\build\net46\x64\SQLite.Interop.dll" to "D:\XML\PersonalFinanceManager\PersonalFinanceManager.Common\bin\Debug\x64\SQLite.Interop.dll".
Done Building Project "D:\XML\PersonalFinanceManager\PersonalFinanceManager.Common\PersonalFinanceManager.Common.csproj" (default targets).
Project "D:\XML\PersonalFinanceManager\PersonalFinanceManager.BLL\PersonalFinanceManager.BLL.csproj" (2) is building "D:\XML\PersonalFinanceManager\PersonalFinanceManager.DAL\PersonalFinanceManager.DAL.csproj" (4:3) on node 1 (default targets).
C:\Program Files\Microsoft Visual Studio\18\Insiders\MSBuild\Current\Bin\Microsoft.Common.CurrentVersion.targets(2451,5): warning MSB3277: Found conflicts between different versions of "System.Data.SQLite" that could not be resolved. [D:\XML\PersonalFinanceManager\PersonalFinanceManager.DAL\PersonalFinanceManager.DAL.csproj]
C:\Program Files\Microsoft Visual Studio\18\Insiders\MSBuild\Current\Bin\Microsoft.Common.CurrentVersion.targets(2451,5): warning MSB3277: There was a conflict between "System.Data.SQLite, Version=1.0.119.0, Culture=neutral, PublicKeyToken=db937bc2d44ff139" and "System.Data.SQLite, Version=2.0.2.0, Culture=neutral, PublicKeyToken=db937bc2d44ff139". [D:\XML\PersonalFinanceManager\PersonalFinanceManager.DAL\PersonalFinanceManager.DAL.csproj]
C:\Program Files\Microsoft Visual Studio\18\Insiders\MSBuild\Current\Bin\Microsoft.Common.CurrentVersion.targets(2451,5): warning MSB3277:     "System.Data.SQLite, Version=1.0.119.0, Culture=neutral, PublicKeyToken=db937bc2d44ff139" was chosen because it was primary and "System.Data.SQLite, Version=2.0.2.0, Culture=neutral, PublicKeyToken=db937bc2d44ff139" was not. [D:\XML\PersonalFinanceManager\PersonalFinanceManager.DAL\PersonalFinanceManager.DAL.csproj]
C:\Program Files\Microsoft Visual Studio\18\Insiders\MSBuild\Current\Bin\Microsoft.Common.CurrentVersion.targets(2451,5): warning MSB3277:     References which depend on "System.Data.SQLite, Version=1.0.119.0, Culture=neutral, PublicKeyToken=db937bc2d44ff139" [D:\XML\PersonalFinanceManager\packages\Stub.System.Data.SQLite.Core.NetFramework.1.0.119.0\lib\net46\System.Data.SQLite.dll]. [D:\XML\PersonalFinanceManager\PersonalFinanceManager.DAL\PersonalFinanceManager.DAL.csproj]
C:\Program Files\Microsoft Visual Studio\18\Insiders\MSBuild\Current\Bin\Microsoft.Common.CurrentVersion.targets(2451,5): warning MSB3277:         D:\XML\PersonalFinanceManager\packages\Stub.System.Data.SQLite.Core.NetFramework.1.0.119.0\lib\net46\System.Data.SQLite.dll [D:\XML\PersonalFinanceManager\PersonalFinanceManager.DAL\PersonalFinanceManager.DAL.csproj]
C:\Program Files\Microsoft Visual Studio\18\Insiders\MSBuild\Current\Bin\Microsoft.Common.CurrentVersion.targets(2451,5): warning MSB3277:           Project file item includes which caused reference "D:\XML\PersonalFinanceManager\packages\Stub.System.Data.SQLite.Core.NetFramework.1.0.119.0\lib\net46\System.Data.SQLite.dll". [D:\XML\PersonalFinanceManager\PersonalFinanceManager.DAL\PersonalFinanceManager.DAL.csproj]
C:\Program Files\Microsoft Visual Studio\18\Insiders\MSBuild\Current\Bin\Microsoft.Common.CurrentVersion.targets(2451,5): warning MSB3277:             System.Data.SQLite, Version=1.0.119.0, Culture=neutral, PublicKeyToken=db937bc2d44ff139, processorArchitecture=MSIL [D:\XML\PersonalFinanceManager\PersonalFinanceManager.DAL\PersonalFinanceManager.DAL.csproj]
C:\Program Files\Microsoft Visual Studio\18\Insiders\MSBuild\Current\Bin\Microsoft.Common.CurrentVersion.targets(2451,5): warning MSB3277:     References which depend on or have been unified to "System.Data.SQLite, Version=2.0.2.0, Culture=neutral, PublicKeyToken=db937bc2d44ff139" []. [D:\XML\PersonalFinanceManager\PersonalFinanceManager.DAL\PersonalFinanceManager.DAL.csproj]
C:\Program Files\Microsoft Visual Studio\18\Insiders\MSBuild\Current\Bin\Microsoft.Common.CurrentVersion.targets(2451,5): warning MSB3277:         D:\XML\PersonalFinanceManager\PersonalFinanceManager.Common\bin\Debug\PersonalFinanceManager.Common.dll [D:\XML\PersonalFinanceManager\PersonalFinanceManager.DAL\PersonalFinanceManager.DAL.csproj]
C:\Program Files\Microsoft Visual Studio\18\Insiders\MSBuild\Current\Bin\Microsoft.Common.CurrentVersion.targets(2451,5): warning MSB3277:           Project file item includes which caused reference "D:\XML\PersonalFinanceManager\PersonalFinanceManager.Common\bin\Debug\PersonalFinanceManager.Common.dll". [D:\XML\PersonalFinanceManager\PersonalFinanceManager.DAL\PersonalFinanceManager.DAL.csproj]
C:\Program Files\Microsoft Visual Studio\18\Insiders\MSBuild\Current\Bin\Microsoft.Common.CurrentVersion.targets(2451,5): warning MSB3277:             D:\XML\PersonalFinanceManager\PersonalFinanceManager.Common\bin\Debug\PersonalFinanceManager.Common.dll [D:\XML\PersonalFinanceManager\PersonalFinanceManager.DAL\PersonalFinanceManager.DAL.csproj]
C:\Program Files\Microsoft Visual Studio\18\Insiders\MSBuild\Current\Bin\Microsoft.Common.CurrentVersion.targets(2451,5): warning MSB3277:         D:\XML\PersonalFinanceManager\packages\System.Data.SQLite.EF6.1.0.119.0\lib\net46\System.Data.SQLite.EF6.dll [D:\XML\PersonalFinanceManager\PersonalFinanceManager.DAL\PersonalFinanceManager.DAL.csproj]
C:\Program Files\Microsoft Visual Studio\18\Insiders\MSBuild\Current\Bin\Microsoft.Common.CurrentVersion.targets(2451,5): warning MSB3277:           Project file item includes which caused reference "D:\XML\PersonalFinanceManager\packages\System.Data.SQLite.EF6.1.0.119.0\lib\net46\System.Data.SQLite.EF6.dll". [D:\XML\PersonalFinanceManager\PersonalFinanceManager.DAL\PersonalFinanceManager.DAL.csproj]
C:\Program Files\Microsoft Visual Studio\18\Insiders\MSBuild\Current\Bin\Microsoft.Common.CurrentVersion.targets(2451,5): warning MSB3277:             System.Data.SQLite.EF6, Version=1.0.119.0, Culture=neutral, PublicKeyToken=db937bc2d44ff139, processorArchitecture=MSIL [D:\XML\PersonalFinanceManager\PersonalFinanceManager.DAL\PersonalFinanceManager.DAL.csproj]
C:\Program Files\Microsoft Visual Studio\18\Insiders\MSBuild\Current\Bin\Microsoft.Common.CurrentVersion.targets(2451,5): warning MSB3277:         D:\XML\PersonalFinanceManager\packages\System.Data.SQLite.Linq.1.0.119.0\lib\net46\System.Data.SQLite.Linq.dll [D:\XML\PersonalFinanceManager\PersonalFinanceManager.DAL\PersonalFinanceManager.DAL.csproj]
C:\Program Files\Microsoft Visual Studio\18\Insiders\MSBuild\Current\Bin\Microsoft.Common.CurrentVersion.targets(2451,5): warning MSB3277:           Project file item includes which caused reference "D:\XML\PersonalFinanceManager\packages\System.Data.SQLite.Linq.1.0.119.0\lib\net46\System.Data.SQLite.Linq.dll". [D:\XML\PersonalFinanceManager\PersonalFinanceManager.DAL\PersonalFinanceManager.DAL.csproj]
C:\Program Files\Microsoft Visual Studio\18\Insiders\MSBuild\Current\Bin\Microsoft.Common.CurrentVersion.targets(2451,5): warning MSB3277:             System.Data.SQLite.Linq, Version=1.0.119.0, Culture=neutral, PublicKeyToken=db937bc2d44ff139, processorArchitecture=MSIL [D:\XML\PersonalFinanceManager\PersonalFinanceManager.DAL\PersonalFinanceManager.DAL.csproj]
C:\Program Files\Microsoft Visual Studio\18\Insiders\MSBuild\Current\Bin\Microsoft.Common.CurrentVersion.targets(2451,5): warning MSB3277: Found conflicts between different versions of "System.Threading.Tasks.Extensions" that could not be resolved. [D:\XML\PersonalFinanceManager\PersonalFinanceManager.DAL\PersonalFinanceManager.DAL.csproj]
C:\Program Files\Microsoft Visual Studio\18\Insiders\MSBuild\Current\Bin\Microsoft.Common.CurrentVersion.targets(2451,5): warning MSB3277: There was a conflict between "System.Threading.Tasks.Extensions, Version=4.2.0.1, Culture=neutral, PublicKeyToken=cc7b13ffcd2ddd51" and "System.Threading.Tasks.Extensions, Version=4.2.4.0, Culture=neutral, PublicKeyToken=cc7b13ffcd2ddd51". [D:\XML\PersonalFinanceManager\PersonalFinanceManager.DAL\PersonalFinanceManager.DAL.csproj]
C:\Program Files\Microsoft Visual Studio\18\Insiders\MSBuild\Current\Bin\Microsoft.Common.CurrentVersion.targets(2451,5): warning MSB3277:     "System.Threading.Tasks.Extensions, Version=4.2.0.1, Culture=neutral, PublicKeyToken=cc7b13ffcd2ddd51" was chosen because it was primary and "System.Threading.Tasks.Extensions, Version=4.2.4.0, Culture=neutral, PublicKeyToken=cc7b13ffcd2ddd51" was not. [D:\XML\PersonalFinanceManager\PersonalFinanceManager.DAL\PersonalFinanceManager.DAL.csproj]
C:\Program Files\Microsoft Visual Studio\18\Insiders\MSBuild\Current\Bin\Microsoft.Common.CurrentVersion.targets(2451,5): warning MSB3277:     References which depend on "System.Threading.Tasks.Extensions, Version=4.2.0.1, Culture=neutral, PublicKeyToken=cc7b13ffcd2ddd51" [D:\XML\PersonalFinanceManager\PersonalFinanceManager.DAL\bin\Debug\System.Threading.Tasks.Extensions.dll]. [D:\XML\PersonalFinanceManager\PersonalFinanceManager.DAL\PersonalFinanceManager.DAL.csproj]
C:\Program Files\Microsoft Visual Studio\18\Insiders\MSBuild\Current\Bin\Microsoft.Common.CurrentVersion.targets(2451,5): warning MSB3277:         D:\XML\PersonalFinanceManager\PersonalFinanceManager.DAL\bin\Debug\System.Threading.Tasks.Extensions.dll [D:\XML\PersonalFinanceManager\PersonalFinanceManager.DAL\PersonalFinanceManager.DAL.csproj]
C:\Program Files\Microsoft Visual Studio\18\Insiders\MSBuild\Current\Bin\Microsoft.Common.CurrentVersion.targets(2451,5): warning MSB3277:           Project file item includes which caused reference "D:\XML\PersonalFinanceManager\PersonalFinanceManager.DAL\bin\Debug\System.Threading.Tasks.Extensions.dll". [D:\XML\PersonalFinanceManager\PersonalFinanceManager.DAL\PersonalFinanceManager.DAL.csproj]
C:\Program Files\Microsoft Visual Studio\18\Insiders\MSBuild\Current\Bin\Microsoft.Common.CurrentVersion.targets(2451,5): warning MSB3277:             System.Threading.Tasks.Extensions, Version=4.2.0.1, Culture=neutral, PublicKeyToken=cc7b13ffcd2ddd51, processorArchitecture=MSIL [D:\XML\PersonalFinanceManager\PersonalFinanceManager.DAL\PersonalFinanceManager.DAL.csproj]
C:\Program Files\Microsoft Visual Studio\18\Insiders\MSBuild\Current\Bin\Microsoft.Common.CurrentVersion.targets(2451,5): warning MSB3277:     References which depend on or have been unified to "System.Threading.Tasks.Extensions, Version=4.2.4.0, Culture=neutral, PublicKeyToken=cc7b13ffcd2ddd51" [C:\Program Files\Microsoft Visual Studio\18\Insiders\Common7\IDE\PublicAssemblies\System.Threading.Tasks.Extensions.dll]. [D:\XML\PersonalFinanceManager\PersonalFinanceManager.DAL\PersonalFinanceManager.DAL.csproj]
C:\Program Files\Microsoft Visual Studio\18\Insiders\MSBuild\Current\Bin\Microsoft.Common.CurrentVersion.targets(2451,5): warning MSB3277:         D:\XML\PersonalFinanceManager\packages\Dapper.2.1.66\lib\net461\Dapper.dll [D:\XML\PersonalFinanceManager\PersonalFinanceManager.DAL\PersonalFinanceManager.DAL.csproj]
C:\Program Files\Microsoft Visual Studio\18\Insiders\MSBuild\Current\Bin\Microsoft.Common.CurrentVersion.targets(2451,5): warning MSB3277:           Project file item includes which caused reference "D:\XML\PersonalFinanceManager\packages\Dapper.2.1.66\lib\net461\Dapper.dll". [D:\XML\PersonalFinanceManager\PersonalFinanceManager.DAL\PersonalFinanceManager.DAL.csproj]
C:\Program Files\Microsoft Visual Studio\18\Insiders\MSBuild\Current\Bin\Microsoft.Common.CurrentVersion.targets(2451,5): warning MSB3277:             Dapper, Version=2.0.0.0, Culture=neutral, processorArchitecture=MSIL [D:\XML\PersonalFinanceManager\PersonalFinanceManager.DAL\PersonalFinanceManager.DAL.csproj]
C:\Program Files\Microsoft Visual Studio\18\Insiders\MSBuild\Current\Bin\Microsoft.Common.CurrentVersion.targets(2451,5): warning MSB3277:         D:\XML\PersonalFinanceManager\packages\Microsoft.Bcl.AsyncInterfaces.9.0.1\lib\net462\Microsoft.Bcl.AsyncInterfaces.dll [D:\XML\PersonalFinanceManager\PersonalFinanceManager.DAL\PersonalFinanceManager.DAL.csproj]
C:\Program Files\Microsoft Visual Studio\18\Insiders\MSBuild\Current\Bin\Microsoft.Common.CurrentVersion.targets(2451,5): warning MSB3277:           Project file item includes which caused reference "D:\XML\PersonalFinanceManager\packages\Microsoft.Bcl.AsyncInterfaces.9.0.1\lib\net462\Microsoft.Bcl.AsyncInterfaces.dll". [D:\XML\PersonalFinanceManager\PersonalFinanceManager.DAL\PersonalFinanceManager.DAL.csproj]
C:\Program Files\Microsoft Visual Studio\18\Insiders\MSBuild\Current\Bin\Microsoft.Common.CurrentVersion.targets(2451,5): warning MSB3277:             Microsoft.Bcl.AsyncInterfaces, Version=9.0.0.1, Culture=neutral, PublicKeyToken=cc7b13ffcd2ddd51, processorArchitecture=MSIL [D:\XML\PersonalFinanceManager\PersonalFinanceManager.DAL\PersonalFinanceManager.DAL.csproj]
C:\Program Files\Microsoft Visual Studio\18\Insiders\MSBuild\Current\Bin\Microsoft.Common.CurrentVersion.targets(2451,5): warning MSB3277:             Dapper, Version=2.0.0.0, Culture=neutral, processorArchitecture=MSIL [D:\XML\PersonalFinanceManager\PersonalFinanceManager.DAL\PersonalFinanceManager.DAL.csproj]
C:\Program Files\Microsoft Visual Studio\18\Insiders\MSBuild\Current\Bin\Microsoft.Common.CurrentVersion.targets(2451,5): warning MSB3277:         D:\XML\PersonalFinanceManager\packages\Unity.5.11.8\lib\net47\Unity.Abstractions.dll [D:\XML\PersonalFinanceManager\PersonalFinanceManager.DAL\PersonalFinanceManager.DAL.csproj]
C:\Program Files\Microsoft Visual Studio\18\Insiders\MSBuild\Current\Bin\Microsoft.Common.CurrentVersion.targets(2451,5): warning MSB3277:           Project file item includes which caused reference "D:\XML\PersonalFinanceManager\packages\Unity.5.11.8\lib\net47\Unity.Abstractions.dll". [D:\XML\PersonalFinanceManager\PersonalFinanceManager.DAL\PersonalFinanceManager.DAL.csproj]
C:\Program Files\Microsoft Visual Studio\18\Insiders\MSBuild\Current\Bin\Microsoft.Common.CurrentVersion.targets(2451,5): warning MSB3277:             Unity.Abstractions, Version=5.11.6.0, Culture=neutral, PublicKeyToken=489b6accfaf20ef0, processorArchitecture=MSIL [D:\XML\PersonalFinanceManager\PersonalFinanceManager.DAL\PersonalFinanceManager.DAL.csproj]
C:\Program Files\Microsoft Visual Studio\18\Insiders\MSBuild\Current\Bin\Microsoft.Common.CurrentVersion.targets(2451,5): warning MSB3277:             Unity.Container, Version=5.11.9.0, Culture=neutral, PublicKeyToken=489b6accfaf20ef0, processorArchitecture=MSIL [D:\XML\PersonalFinanceManager\PersonalFinanceManager.DAL\PersonalFinanceManager.DAL.csproj]
C:\Program Files\Microsoft Visual Studio\18\Insiders\MSBuild\Current\Bin\Microsoft.Common.CurrentVersion.targets(2451,5): warning MSB3277: Found conflicts between different versions of "System.Runtime.CompilerServices.Unsafe" that could not be resolved. [D:\XML\PersonalFinanceManager\PersonalFinanceManager.DAL\PersonalFinanceManager.DAL.csproj]
C:\Program Files\Microsoft Visual Studio\18\Insiders\MSBuild\Current\Bin\Microsoft.Common.CurrentVersion.targets(2451,5): warning MSB3277: There was a conflict between "System.Runtime.CompilerServices.Unsafe, Version=4.0.4.1, Culture=neutral, PublicKeyToken=b03f5f7f11d50a3a" and "System.Runtime.CompilerServices.Unsafe, Version=6.0.3.0, Culture=neutral, PublicKeyToken=b03f5f7f11d50a3a". [D:\XML\PersonalFinanceManager\PersonalFinanceManager.DAL\PersonalFinanceManager.DAL.csproj]
C:\Program Files\Microsoft Visual Studio\18\Insiders\MSBuild\Current\Bin\Microsoft.Common.CurrentVersion.targets(2451,5): warning MSB3277:     "System.Runtime.CompilerServices.Unsafe, Version=4.0.4.1, Culture=neutral, PublicKeyToken=b03f5f7f11d50a3a" was chosen because it was primary and "System.Runtime.CompilerServices.Unsafe, Version=6.0.3.0, Culture=neutral, PublicKeyToken=b03f5f7f11d50a3a" was not. [D:\XML\PersonalFinanceManager\PersonalFinanceManager.DAL\PersonalFinanceManager.DAL.csproj]
C:\Program Files\Microsoft Visual Studio\18\Insiders\MSBuild\Current\Bin\Microsoft.Common.CurrentVersion.targets(2451,5): warning MSB3277:     References which depend on "System.Runtime.CompilerServices.Unsafe, Version=4.0.4.1, Culture=neutral, PublicKeyToken=b03f5f7f11d50a3a" [D:\XML\PersonalFinanceManager\PersonalFinanceManager.DAL\bin\Debug\System.Runtime.CompilerServices.Unsafe.dll]. [D:\XML\PersonalFinanceManager\PersonalFinanceManager.DAL\PersonalFinanceManager.DAL.csproj]
C:\Program Files\Microsoft Visual Studio\18\Insiders\MSBuild\Current\Bin\Microsoft.Common.CurrentVersion.targets(2451,5): warning MSB3277:         D:\XML\PersonalFinanceManager\PersonalFinanceManager.DAL\bin\Debug\System.Runtime.CompilerServices.Unsafe.dll [D:\XML\PersonalFinanceManager\PersonalFinanceManager.DAL\PersonalFinanceManager.DAL.csproj]
C:\Program Files\Microsoft Visual Studio\18\Insiders\MSBuild\Current\Bin\Microsoft.Common.CurrentVersion.targets(2451,5): warning MSB3277:           Project file item includes which caused reference "D:\XML\PersonalFinanceManager\PersonalFinanceManager.DAL\bin\Debug\System.Runtime.CompilerServices.Unsafe.dll". [D:\XML\PersonalFinanceManager\PersonalFinanceManager.DAL\PersonalFinanceManager.DAL.csproj]
C:\Program Files\Microsoft Visual Studio\18\Insiders\MSBuild\Current\Bin\Microsoft.Common.CurrentVersion.targets(2451,5): warning MSB3277:             System.Runtime.CompilerServices.Unsafe, Version=4.0.4.1, Culture=neutral, PublicKeyToken=b03f5f7f11d50a3a, processorArchitecture=MSIL [D:\XML\PersonalFinanceManager\PersonalFinanceManager.DAL\PersonalFinanceManager.DAL.csproj]
C:\Program Files\Microsoft Visual Studio\18\Insiders\MSBuild\Current\Bin\Microsoft.Common.CurrentVersion.targets(2451,5): warning MSB3277:     References which depend on or have been unified to "System.Runtime.CompilerServices.Unsafe, Version=6.0.3.0, Culture=neutral, PublicKeyToken=b03f5f7f11d50a3a" [C:\Program Files\Microsoft Visual Studio\18\Insiders\Common7\IDE\PublicAssemblies\System.Runtime.CompilerServices.Unsafe.dll]. [D:\XML\PersonalFinanceManager\PersonalFinanceManager.DAL\PersonalFinanceManager.DAL.csproj]
C:\Program Files\Microsoft Visual Studio\18\Insiders\MSBuild\Current\Bin\Microsoft.Common.CurrentVersion.targets(2451,5): warning MSB3277:         D:\XML\PersonalFinanceManager\packages\System.Memory.4.5.5\lib\net461\System.Memory.dll [D:\XML\PersonalFinanceManager\PersonalFinanceManager.DAL\PersonalFinanceManager.DAL.csproj]
C:\Program Files\Microsoft Visual Studio\18\Insiders\MSBuild\Current\Bin\Microsoft.Common.CurrentVersion.targets(2451,5): warning MSB3277:           Project file item includes which caused reference "D:\XML\PersonalFinanceManager\packages\System.Memory.4.5.5\lib\net461\System.Memory.dll". [D:\XML\PersonalFinanceManager\PersonalFinanceManager.DAL\PersonalFinanceManager.DAL.csproj]
C:\Program Files\Microsoft Visual Studio\18\Insiders\MSBuild\Current\Bin\Microsoft.Common.CurrentVersion.targets(2451,5): warning MSB3277:             System.Memory, Version=4.0.1.2, Culture=neutral, PublicKeyToken=cc7b13ffcd2ddd51, processorArchitecture=MSIL [D:\XML\PersonalFinanceManager\PersonalFinanceManager.DAL\PersonalFinanceManager.DAL.csproj]
C:\Program Files\Microsoft Visual Studio\18\Insiders\MSBuild\Current\Bin\Microsoft.Common.CurrentVersion.targets(2451,5): warning MSB3277:             BCrypt.Net-Next, Version=4.0.3.0, Culture=neutral, PublicKeyToken=1e11be04b6288443, processorArchitecture=MSIL [D:\XML\PersonalFinanceManager\PersonalFinanceManager.DAL\PersonalFinanceManager.DAL.csproj]
C:\Program Files\Microsoft Visual Studio\18\Insiders\MSBuild\Current\Bin\Microsoft.Common.CurrentVersion.targets(2451,5): warning MSB3277:             Microsoft.IO.RecyclableMemoryStream, Version=3.0.1.0, Culture=neutral, PublicKeyToken=31bf3856ad364e35, processorArchitecture=MSIL [D:\XML\PersonalFinanceManager\PersonalFinanceManager.DAL\PersonalFinanceManager.DAL.csproj]
C:\Program Files\Microsoft Visual Studio\18\Insiders\MSBuild\Current\Bin\Microsoft.Common.CurrentVersion.targets(2451,5): warning MSB3277:             EPPlus, Version=8.5.0.0, Culture=neutral, PublicKeyToken=ea159fdaa78159a1, processorArchitecture=MSIL [D:\XML\PersonalFinanceManager\PersonalFinanceManager.DAL\PersonalFinanceManager.DAL.csproj]
C:\Program Files\Microsoft Visual Studio\18\Insiders\MSBuild\Current\Bin\Microsoft.Common.CurrentVersion.targets(2451,5): warning MSB3277:         D:\XML\PersonalFinanceManager\PersonalFinanceManager.DAL\bin\Debug\System.Threading.Tasks.Extensions.dll [D:\XML\PersonalFinanceManager\PersonalFinanceManager.DAL\PersonalFinanceManager.DAL.csproj]
C:\Program Files\Microsoft Visual Studio\18\Insiders\MSBuild\Current\Bin\Microsoft.Common.CurrentVersion.targets(2451,5): warning MSB3277:           Project file item includes which caused reference "D:\XML\PersonalFinanceManager\PersonalFinanceManager.DAL\bin\Debug\System.Threading.Tasks.Extensions.dll". [D:\XML\PersonalFinanceManager\PersonalFinanceManager.DAL\PersonalFinanceManager.DAL.csproj]
C:\Program Files\Microsoft Visual Studio\18\Insiders\MSBuild\Current\Bin\Microsoft.Common.CurrentVersion.targets(2451,5): warning MSB3277:             System.Threading.Tasks.Extensions, Version=4.2.0.1, Culture=neutral, PublicKeyToken=cc7b13ffcd2ddd51, processorArchitecture=MSIL [D:\XML\PersonalFinanceManager\PersonalFinanceManager.DAL\PersonalFinanceManager.DAL.csproj]
C:\Program Files\Microsoft Visual Studio\18\Insiders\MSBuild\Current\Bin\Microsoft.Common.CurrentVersion.targets(2451,5): warning MSB3277:         D:\XML\PersonalFinanceManager\packages\Unity.5.11.8\lib\net47\Unity.Container.dll [D:\XML\PersonalFinanceManager\PersonalFinanceManager.DAL\PersonalFinanceManager.DAL.csproj]
C:\Program Files\Microsoft Visual Studio\18\Insiders\MSBuild\Current\Bin\Microsoft.Common.CurrentVersion.targets(2451,5): warning MSB3277:           Project file item includes which caused reference "D:\XML\PersonalFinanceManager\packages\Unity.5.11.8\lib\net47\Unity.Container.dll". [D:\XML\PersonalFinanceManager\PersonalFinanceManager.DAL\PersonalFinanceManager.DAL.csproj]
C:\Program Files\Microsoft Visual Studio\18\Insiders\MSBuild\Current\Bin\Microsoft.Common.CurrentVersion.targets(2451,5): warning MSB3277:             Unity.Container, Version=5.11.9.0, Culture=neutral, PublicKeyToken=489b6accfaf20ef0, processorArchitecture=MSIL [D:\XML\PersonalFinanceManager\PersonalFinanceManager.DAL\PersonalFinanceManager.DAL.csproj]
C:\Program Files\Microsoft Visual Studio\18\Insiders\MSBuild\Current\Bin\Microsoft.Common.CurrentVersion.targets(2451,5): warning MSB3277:         C:\Program Files\Microsoft Visual Studio\18\Insiders\Common7\IDE\PublicAssemblies\System.Threading.Tasks.Extensions.dll [D:\XML\PersonalFinanceManager\PersonalFinanceManager.DAL\PersonalFinanceManager.DAL.csproj]
C:\Program Files\Microsoft Visual Studio\18\Insiders\MSBuild\Current\Bin\Microsoft.Common.CurrentVersion.targets(2451,5): warning MSB3277:           Project file item includes which caused reference "C:\Program Files\Microsoft Visual Studio\18\Insiders\Common7\IDE\PublicAssemblies\System.Threading.Tasks.Extensions.dll". [D:\XML\PersonalFinanceManager\PersonalFinanceManager.DAL\PersonalFinanceManager.DAL.csproj]
C:\Program Files\Microsoft Visual Studio\18\Insiders\MSBuild\Current\Bin\Microsoft.Common.CurrentVersion.targets(2451,5): warning MSB3277:             Dapper, Version=2.0.0.0, Culture=neutral, processorArchitecture=MSIL [D:\XML\PersonalFinanceManager\PersonalFinanceManager.DAL\PersonalFinanceManager.DAL.csproj]
C:\Program Files\Microsoft Visual Studio\18\Insiders\MSBuild\Current\Bin\Microsoft.Common.CurrentVersion.targets(2451,5): warning MSB3277:             Microsoft.Bcl.AsyncInterfaces, Version=9.0.0.1, Culture=neutral, PublicKeyToken=cc7b13ffcd2ddd51, processorArchitecture=MSIL [D:\XML\PersonalFinanceManager\PersonalFinanceManager.DAL\PersonalFinanceManager.DAL.csproj]
C:\Program Files\Microsoft Visual Studio\18\Insiders\MSBuild\Current\Bin\Microsoft.Common.CurrentVersion.targets(2451,5): warning MSB3277:             Unity.Abstractions, Version=5.11.6.0, Culture=neutral, PublicKeyToken=489b6accfaf20ef0, processorArchitecture=MSIL [D:\XML\PersonalFinanceManager\PersonalFinanceManager.DAL\PersonalFinanceManager.DAL.csproj]
C:\Program Files\Microsoft Visual Studio\18\Insiders\MSBuild\Current\Bin\Microsoft.Common.CurrentVersion.targets(2451,5): warning MSB3277:             Unity.Container, Version=5.11.9.0, Culture=neutral, PublicKeyToken=489b6accfaf20ef0, processorArchitecture=MSIL [D:\XML\PersonalFinanceManager\PersonalFinanceManager.DAL\PersonalFinanceManager.DAL.csproj]
GenerateTargetFrameworkMonikerAttribute:
Skipping target "GenerateTargetFrameworkMonikerAttribute" because all output files are up-to-date with respect to the input files.
CoreCompile:
  C:\Program Files\Microsoft Visual Studio\18\Insiders\MSBuild\Current\Bin\Roslyn\csc.exe /noconfig /nowarn:1701,1702 /fullpaths /nostdlib+ /errorreport:prompt /warn:4 /define:DEBUG;TRACE /highentropyva+ /reference:D:\XML\PersonalFinanceManager\packages\BCrypt.Net-Next.4.0.3\lib\net472\BCrypt.Net-Next.dll /reference:D:\XML\PersonalFinanceManager\packages\BouncyCastle.Cryptography.2.6.2\lib\net461\BouncyCastle.Cryptography.dll /reference:D:\XML\PersonalFinanceManager\packages\Dapper.2.1.66\lib\net461\Dapper.dll /reference:D:\XML\PersonalFinanceManager\packages\EntityFramework.6.4.4\lib\net45\EntityFramework.dll /reference:D:\XML\PersonalFinanceManager\packages\EntityFramework.6.4.4\lib\net45\EntityFramework.SqlServer.dll /reference:D:\XML\PersonalFinanceManager\packages\EPPlus.8.5.0\lib\net462\EPPlus.dll /reference:D:\XML\PersonalFinanceManager\packages\EPPlus.Interfaces.8.4.0\lib\net462\EPPlus.Interfaces.dll /reference:D:\XML\PersonalFinanceManager\packages\Guna.Charts.WinForms.1.0.9\lib\net472\Guna.Charts.WinForms.dll /reference:D:\XML\PersonalFinanceManager\packages\Guna.UI2.WinForms.2.0.4.6\lib\net472\Guna.UI2.dll /reference:D:\XML\PersonalFinanceManager\packages\iTextSharp.5.5.13.5\lib\net461\itextsharp.dll /reference:D:\XML\PersonalFinanceManager\packages\LiveCharts.0.9.7\lib\net45\LiveCharts.dll /reference:D:\XML\PersonalFinanceManager\packages\LiveCharts.WinForms.0.9.7.1\lib\net45\LiveCharts.WinForms.dll /reference:D:\XML\PersonalFinanceManager\packages\LiveCharts.Wpf.0.9.7\lib\net45\LiveCharts.Wpf.dll /reference:D:\XML\PersonalFinanceManager\packages\Microsoft.Bcl.AsyncInterfaces.9.0.1\lib\net462\Microsoft.Bcl.AsyncInterfaces.dll /reference:"C:\Program Files (x86)\Reference Assemblies\Microsoft\Framework\.NETFramework\v4.7.2\Microsoft.CSharp.dll" /reference:D:\XML\PersonalFinanceManager\packages\Microsoft.IO.RecyclableMemoryStream.3.0.1\lib\netstandard2.0\Microsoft.IO.RecyclableMemoryStream.dll /reference:"C:\Program Files (x86)\Reference Assemblies\Microsoft\Framework\.NETFramework\v4.7.2\mscorlib.dll" /reference:D:\XML\PersonalFinanceManager\PersonalFinanceManager.Common\bin\Debug\PersonalFinanceManager.Common.dll /reference:D:\XML\PersonalFinanceManager\PersonalFinanceManager.Models\bin\Debug\PersonalFinanceManager.Models.dll /reference:"C:\Program Files (x86)\Reference Assemblies\Microsoft\Framework\.NETFramework\v4.7.2\PresentationCore.dll" /reference:"C:\Program Files (x86)\Reference Assemblies\Microsoft\Framework\.NETFramework\v4.7.2\PresentationFramework.dll" /reference:D:\XML\PersonalFinanceManager\packages\System.Buffers.4.6.1\lib\net462\System.Buffers.dll /reference:D:\XML\PersonalFinanceManager\packages\System.ComponentModel.Annotations.5.0.0\lib\net461\System.ComponentModel.Annotations.dll /reference:"C:\Program Files (x86)\Reference Assemblies\Microsoft\Framework\.NETFramework\v4.7.2\System.ComponentModel.DataAnnotations.dll" /reference:"C:\Program Files (x86)\Reference Assemblies\Microsoft\Framework\.NETFramework\v4.7.2\System.Configuration.dll" /reference:"C:\Program Files (x86)\Reference Assemblies\Microsoft\Framework\.NETFramework\v4.7.2\System.Core.dll" /reference:"C:\Program Files (x86)\Reference Assemblies\Microsoft\Framework\.NETFramework\v4.7.2\System.Data.DataSetExtensions.dll" /reference:"C:\Program Files (x86)\Reference Assemblies\Microsoft\Framework\.NETFramework\v4.7.2\System.Data.dll" /reference:D:\XML\PersonalFinanceManager\packages\Stub.System.Data.SQLite.Core.NetFramework.1.0.119.0\lib\net46\System.Data.SQLite.dll /reference:D:\XML\PersonalFinanceManager\packages\System.Data.SQLite.EF6.1.0.119.0\lib\net46\System.Data.SQLite.EF6.dll /reference:D:\XML\PersonalFinanceManager\packages\System.Data.SQLite.Linq.1.0.119.0\lib\net46\System.Data.SQLite.Linq.dll /reference:"C:\Program Files (x86)\Reference Assemblies\Microsoft\Framework\.NETFramework\v4.7.2\System.Design.dll" /reference:"C:\Program Files (x86)\Reference Assemblies\Microsoft\Framework\.NETFramework\v4.7.2\System.dll" /reference:"C:\Program Files (x86)\Reference Assemblies\Microsoft\Framework\.NETFramework\v4.7.2\System.Management.dll" /reference:D:\XML\PersonalFinanceManager\packages\System.Memory.4.5.5\lib\net461\System.Memory.dll /reference:"C:\Program Files (x86)\Reference Assemblies\Microsoft\Framework\.NETFramework\v4.7.2\System.Net.Http.dll" /reference:"C:\Program Files (x86)\Reference Assemblies\Microsoft\Framework\.NETFramework\v4.7.2\System.Numerics.dll" /reference:D:\XML\PersonalFinanceManager\packages\System.Numerics.Vectors.4.6.1\lib\net462\System.Numerics.Vectors.dll /reference:D:\XML\PersonalFinanceManager\PersonalFinanceManager.DAL\bin\Debug\System.Runtime.CompilerServices.Unsafe.dll /reference:D:\XML\PersonalFinanceManager\packages\System.Security.Cryptography.Xml.8.0.2\lib\net462\System.Security.Cryptography.Xml.dll /reference:"C:\Program Files (x86)\Reference Assemblies\Microsoft\Framework\.NETFramework\v4.7.2\System.Security.dll" /reference:D:\XML\PersonalFinanceManager\PersonalFinanceManager.DAL\bin\Debug\System.Threading.Tasks.Extensions.dll /reference:"C:\Program Files (x86)\Reference Assemblies\Microsoft\Framework\.NETFramework\v4.7.2\System.Transactions.dll" /reference:"C:\Program Files (x86)\Reference Assemblies\Microsoft\Framework\.NETFramework\v4.7.2\System.Web.dll" /reference:"C:\Program Files (x86)\Reference Assemblies\Microsoft\Framework\.NETFramework\v4.7.2\System.Xaml.dll" /reference:"C:\Program Files (x86)\Reference Assemblies\Microsoft\Framework\.NETFramework\v4.7.2\System.Xml.dll" /reference:"C:\Program Files (x86)\Reference Assemblies\Microsoft\Framework\.NETFramework\v4.7.2\System.Xml.Linq.dll" /reference:D:\XML\PersonalFinanceManager\packages\Unity.5.11.8\lib\net47\Unity.Abstractions.dll /reference:D:\XML\PersonalFinanceManager\packages\Unity.5.11.8\lib\net47\Unity.Container.dll /reference:"C:\Program Files (x86)\Reference Assemblies\Microsoft\Framework\.NETFramework\v4.7.2\WindowsBase.dll" /reference:"C:\Program Files (x86)\Reference Assemblies\Microsoft\Framework\.NETFramework\v4.7.2\WindowsFormsIntegration.dll" /reference:"C:\Program Files (x86)\Reference Assemblies\Microsoft\Framework\.NETFramework\v4.7.2\Facades\netstandard.dll" /debug+ /debug:full /filealign:512 /optimize- /out:obj\Debug\PersonalFinanceManager.DAL.dll /subsystemversion:6.00 /target:library /utf8output /deterministic+ /langversion:7.3 Base\BaseRepository.cs Interfaces\ICategoryRepository.cs Interfaces\ITransactionRepository.cs Properties\AssemblyInfo.cs Repositories\AccountRepository.cs Repositories\CategoryRepository.cs Repositories\TransactionRepository.cs Repositories\UserRepository.cs "obj\Debug\.NETFramework,Version=v4.7.2.AssemblyAttributes.cs"
  Compilation request PersonalFinanceManager.DAL, PathToTool=C:\Program Files\Microsoft Visual Studio\18\Insiders\MSBuild\Current\Bin\Roslyn\csc.exe
  CommandLine = ' /noconfig'
  BuildResponseFile = '/nowarn:1701,1702 /fullpaths /nostdlib+ /errorreport:prompt /warn:4 /define:DEBUG;TRACE /highentropyva+ /reference:D:\XML\PersonalFinanceManager\packages\BCrypt.Net-Next.4.0.3\lib\net472\BCrypt.Net-Next.dll /reference:D:\XML\PersonalFinanceManager\packages\BouncyCastle.Cryptography.2.6.2\lib\net461\BouncyCastle.Cryptography.dll /reference:D:\XML\PersonalFinanceManager\packages\Dapper.2.1.66\lib\net461\Dapper.dll /reference:D:\XML\PersonalFinanceManager\packages\EntityFramework.6.4.4\lib\net45\EntityFramework.dll /reference:D:\XML\PersonalFinanceManager\packages\EntityFramework.6.4.4\lib\net45\EntityFramework.SqlServer.dll /reference:D:\XML\PersonalFinanceManager\packages\EPPlus.8.5.0\lib\net462\EPPlus.dll /reference:D:\XML\PersonalFinanceManager\packages\EPPlus.Interfaces.8.4.0\lib\net462\EPPlus.Interfaces.dll /reference:D:\XML\PersonalFinanceManager\packages\Guna.Charts.WinForms.1.0.9\lib\net472\Guna.Charts.WinForms.dll /reference:D:\XML\PersonalFinanceManager\packages\Guna.UI2.WinForms.2.0.4.6\lib\net472\Guna.UI2.dll /reference:D:\XML\PersonalFinanceManager\packages\iTextSharp.5.5.13.5\lib\net461\itextsharp.dll /reference:D:\XML\PersonalFinanceManager\packages\LiveCharts.0.9.7\lib\net45\LiveCharts.dll /reference:D:\XML\PersonalFinanceManager\packages\LiveCharts.WinForms.0.9.7.1\lib\net45\LiveCharts.WinForms.dll /reference:D:\XML\PersonalFinanceManager\packages\LiveCharts.Wpf.0.9.7\lib\net45\LiveCharts.Wpf.dll /reference:D:\XML\PersonalFinanceManager\packages\Microsoft.Bcl.AsyncInterfaces.9.0.1\lib\net462\Microsoft.Bcl.AsyncInterfaces.dll /reference:"C:\Program Files (x86)\Reference Assemblies\Microsoft\Framework\.NETFramework\v4.7.2\Microsoft.CSharp.dll" /reference:D:\XML\PersonalFinanceManager\packages\Microsoft.IO.RecyclableMemoryStream.3.0.1\lib\netstandard2.0\Microsoft.IO.RecyclableMemoryStream.dll /reference:"C:\Program Files (x86)\Reference Assemblies\Microsoft\Framework\.NETFramework\v4.7.2\mscorlib.dll" /reference:D:\XML\PersonalFinanceManager\PersonalFinanceManager.Common\bin\Debug\PersonalFinanceManager.Common.dll /reference:D:\XML\PersonalFinanceManager\PersonalFinanceManager.Models\bin\Debug\PersonalFinanceManager.Models.dll /reference:"C:\Program Files (x86)\Reference Assemblies\Microsoft\Framework\.NETFramework\v4.7.2\PresentationCore.dll" /reference:"C:\Program Files (x86)\Reference Assemblies\Microsoft\Framework\.NETFramework\v4.7.2\PresentationFramework.dll" /reference:D:\XML\PersonalFinanceManager\packages\System.Buffers.4.6.1\lib\net462\System.Buffers.dll /reference:D:\XML\PersonalFinanceManager\packages\System.ComponentModel.Annotations.5.0.0\lib\net461\System.ComponentModel.Annotations.dll /reference:"C:\Program Files (x86)\Reference Assemblies\Microsoft\Framework\.NETFramework\v4.7.2\System.ComponentModel.DataAnnotations.dll" /reference:"C:\Program Files (x86)\Reference Assemblies\Microsoft\Framework\.NETFramework\v4.7.2\System.Configuration.dll" /reference:"C:\Program Files (x86)\Reference Assemblies\Microsoft\Framework\.NETFramework\v4.7.2\System.Core.dll" /reference:"C:\Program Files (x86)\Reference Assemblies\Microsoft\Framework\.NETFramework\v4.7.2\System.Data.DataSetExtensions.dll" /reference:"C:\Program Files (x86)\Reference Assemblies\Microsoft\Framework\.NETFramework\v4.7.2\System.Data.dll" /reference:D:\XML\PersonalFinanceManager\packages\Stub.System.Data.SQLite.Core.NetFramework.1.0.119.0\lib\net46\System.Data.SQLite.dll /reference:D:\XML\PersonalFinanceManager\packages\System.Data.SQLite.EF6.1.0.119.0\lib\net46\System.Data.SQLite.EF6.dll /reference:D:\XML\PersonalFinanceManager\packages\System.Data.SQLite.Linq.1.0.119.0\lib\net46\System.Data.SQLite.Linq.dll /reference:"C:\Program Files (x86)\Reference Assemblies\Microsoft\Framework\.NETFramework\v4.7.2\System.Design.dll" /reference:"C:\Program Files (x86)\Reference Assemblies\Microsoft\Framework\.NETFramework\v4.7.2\System.dll" /reference:"C:\Program Files (x86)\Reference Assemblies\Microsoft\Framework\.NETFramework\v4.7.2\System.Management.dll" /reference:D:\XML\PersonalFinanceManager\packages\System.Memory.4.5.5\lib\net461\System.Memory.dll /reference:"C:\Program Files (x86)\Reference Assemblies\Microsoft\Framework\.NETFramework\v4.7.2\System.Net.Http.dll" /reference:"C:\Program Files (x86)\Reference Assemblies\Microsoft\Framework\.NETFramework\v4.7.2\System.Numerics.dll" /reference:D:\XML\PersonalFinanceManager\packages\System.Numerics.Vectors.4.6.1\lib\net462\System.Numerics.Vectors.dll /reference:D:\XML\PersonalFinanceManager\PersonalFinanceManager.DAL\bin\Debug\System.Runtime.CompilerServices.Unsafe.dll /reference:D:\XML\PersonalFinanceManager\packages\System.Security.Cryptography.Xml.8.0.2\lib\net462\System.Security.Cryptography.Xml.dll /reference:"C:\Program Files (x86)\Reference Assemblies\Microsoft\Framework\.NETFramework\v4.7.2\System.Security.dll" /reference:D:\XML\PersonalFinanceManager\PersonalFinanceManager.DAL\bin\Debug\System.Threading.Tasks.Extensions.dll /reference:"C:\Program Files (x86)\Reference Assemblies\Microsoft\Framework\.NETFramework\v4.7.2\System.Transactions.dll" /reference:"C:\Program Files (x86)\Reference Assemblies\Microsoft\Framework\.NETFramework\v4.7.2\System.Web.dll" /reference:"C:\Program Files (x86)\Reference Assemblies\Microsoft\Framework\.NETFramework\v4.7.2\System.Xaml.dll" /reference:"C:\Program Files (x86)\Reference Assemblies\Microsoft\Framework\.NETFramework\v4.7.2\System.Xml.dll" /reference:"C:\Program Files (x86)\Reference Assemblies\Microsoft\Framework\.NETFramework\v4.7.2\System.Xml.Linq.dll" /reference:D:\XML\PersonalFinanceManager\packages\Unity.5.11.8\lib\net47\Unity.Abstractions.dll /reference:D:\XML\PersonalFinanceManager\packages\Unity.5.11.8\lib\net47\Unity.Container.dll /reference:"C:\Program Files (x86)\Reference Assemblies\Microsoft\Framework\.NETFramework\v4.7.2\WindowsBase.dll" /reference:"C:\Program Files (x86)\Reference Assemblies\Microsoft\Framework\.NETFramework\v4.7.2\WindowsFormsIntegration.dll" /reference:"C:\Program Files (x86)\Reference Assemblies\Microsoft\Framework\.NETFramework\v4.7.2\Facades\netstandard.dll" /debug+ /debug:full /filealign:512 /optimize- /out:obj\Debug\PersonalFinanceManager.DAL.dll /subsystemversion:6.00 /target:library /utf8output /deterministic+ /langversion:7.3 Base\BaseRepository.cs Interfaces\ICategoryRepository.cs Interfaces\ITransactionRepository.cs Properties\AssemblyInfo.cs Repositories\AccountRepository.cs Repositories\CategoryRepository.cs Repositories\TransactionRepository.cs Repositories\UserRepository.cs "obj\Debug\.NETFramework,Version=v4.7.2.AssemblyAttributes.cs"'
  Attempt to open named pipe 'oh022SD8mDYwcGf3md6EPU9liy5XFLEqabtlPjTChOU'
  Attempt to connect named pipe 'oh022SD8mDYwcGf3md6EPU9liy5XFLEqabtlPjTChOU'
  Named pipe 'oh022SD8mDYwcGf3md6EPU9liy5XFLEqabtlPjTChOU' connected
  Begin writing request for PersonalFinanceManager.DAL
  End writing request for PersonalFinanceManager.DAL
  Begin reading response for PersonalFinanceManager.DAL
  End reading response for PersonalFinanceManager.DAL
  CompilerServer: server - server processed compilation - PersonalFinanceManager.DAL
_CopyFilesMarkedCopyLocal:
  Copying file from "D:\XML\PersonalFinanceManager\packages\EntityFramework.6.4.4\lib\net45\EntityFramework.dll" to "D:\XML\PersonalFinanceManager\PersonalFinanceManager.DAL\bin\Debug\EntityFramework.dll".
  Copying file from "D:\XML\PersonalFinanceManager\packages\EntityFramework.6.4.4\lib\net45\EntityFramework.SqlServer.dll" to "D:\XML\PersonalFinanceManager\PersonalFinanceManager.DAL\bin\Debug\EntityFramework.SqlServer.dll".
  Copying file from "D:\XML\PersonalFinanceManager\packages\BouncyCastle.Cryptography.2.6.2\lib\net461\BouncyCastle.Cryptography.dll" to "D:\XML\PersonalFinanceManager\PersonalFinanceManager.DAL\bin\Debug\BouncyCastle.Cryptography.dll".
  Copying file from "D:\XML\PersonalFinanceManager\packages\Dapper.2.1.66\lib\net461\Dapper.dll" to "D:\XML\PersonalFinanceManager\PersonalFinanceManager.DAL\bin\Debug\Dapper.dll".
  Copying file from "D:\XML\PersonalFinanceManager\packages\EPPlus.8.5.0\lib\net462\EPPlus.dll" to "D:\XML\PersonalFinanceManager\PersonalFinanceManager.DAL\bin\Debug\EPPlus.dll".
  Copying file from "D:\XML\PersonalFinanceManager\packages\BCrypt.Net-Next.4.0.3\lib\net472\BCrypt.Net-Next.dll" to "D:\XML\PersonalFinanceManager\PersonalFinanceManager.DAL\bin\Debug\BCrypt.Net-Next.dll".
  Copying file from "D:\XML\PersonalFinanceManager\packages\Guna.Charts.WinForms.1.0.9\lib\net472\Guna.Charts.WinForms.dll" to "D:\XML\PersonalFinanceManager\PersonalFinanceManager.DAL\bin\Debug\Guna.Charts.WinForms.dll".
  Copying file from "D:\XML\PersonalFinanceManager\packages\EPPlus.Interfaces.8.4.0\lib\net462\EPPlus.Interfaces.dll" to "D:\XML\PersonalFinanceManager\PersonalFinanceManager.DAL\bin\Debug\EPPlus.Interfaces.dll".
  Copying file from "D:\XML\PersonalFinanceManager\packages\iTextSharp.5.5.13.5\lib\net461\itextsharp.dll" to "D:\XML\PersonalFinanceManager\PersonalFinanceManager.DAL\bin\Debug\itextsharp.dll".
  Copying file from "D:\XML\PersonalFinanceManager\packages\LiveCharts.0.9.7\lib\net45\LiveCharts.dll" to "D:\XML\PersonalFinanceManager\PersonalFinanceManager.DAL\bin\Debug\LiveCharts.dll".
  Copying file from "D:\XML\PersonalFinanceManager\packages\LiveCharts.Wpf.0.9.7\lib\net45\LiveCharts.Wpf.dll" to "D:\XML\PersonalFinanceManager\PersonalFinanceManager.DAL\bin\Debug\LiveCharts.Wpf.dll".
  Copying file from "D:\XML\PersonalFinanceManager\packages\Microsoft.Bcl.AsyncInterfaces.9.0.1\lib\net462\Microsoft.Bcl.AsyncInterfaces.dll" to "D:\XML\PersonalFinanceManager\PersonalFinanceManager.DAL\bin\Debug\Microsoft.Bcl.AsyncInterfaces.dll".
  Copying file from "D:\XML\PersonalFinanceManager\packages\LiveCharts.WinForms.0.9.7.1\lib\net45\LiveCharts.WinForms.dll" to "D:\XML\PersonalFinanceManager\PersonalFinanceManager.DAL\bin\Debug\LiveCharts.WinForms.dll".
  Copying file from "D:\XML\PersonalFinanceManager\packages\System.Buffers.4.6.1\lib\net462\System.Buffers.dll" to "D:\XML\PersonalFinanceManager\PersonalFinanceManager.DAL\bin\Debug\System.Buffers.dll".
  Copying file from "D:\XML\PersonalFinanceManager\PersonalFinanceManager.Common\bin\Debug\PersonalFinanceManager.Common.dll" to "D:\XML\PersonalFinanceManager\PersonalFinanceManager.DAL\bin\Debug\PersonalFinanceManager.Common.dll".
  Copying file from "D:\XML\PersonalFinanceManager\PersonalFinanceManager.Models\bin\Debug\PersonalFinanceManager.Models.dll" to "D:\XML\PersonalFinanceManager\PersonalFinanceManager.DAL\bin\Debug\PersonalFinanceManager.Models.dll".
  Copying file from "D:\XML\PersonalFinanceManager\packages\Guna.UI2.WinForms.2.0.4.6\lib\net472\Guna.UI2.dll" to "D:\XML\PersonalFinanceManager\PersonalFinanceManager.DAL\bin\Debug\Guna.UI2.dll".
  Copying file from "D:\XML\PersonalFinanceManager\packages\Stub.System.Data.SQLite.Core.NetFramework.1.0.119.0\lib\net46\System.Data.SQLite.dll" to "D:\XML\PersonalFinanceManager\PersonalFinanceManager.DAL\bin\Debug\System.Data.SQLite.dll".
  Copying file from "D:\XML\PersonalFinanceManager\packages\Microsoft.IO.RecyclableMemoryStream.3.0.1\lib\netstandard2.0\Microsoft.IO.RecyclableMemoryStream.dll" to "D:\XML\PersonalFinanceManager\PersonalFinanceManager.DAL\bin\Debug\Microsoft.IO.RecyclableMemoryStream.dll".
  Copying file from "D:\XML\PersonalFinanceManager\packages\System.Data.SQLite.EF6.1.0.119.0\lib\net46\System.Data.SQLite.EF6.dll" to "D:\XML\PersonalFinanceManager\PersonalFinanceManager.DAL\bin\Debug\System.Data.SQLite.EF6.dll".
  Copying file from "D:\XML\PersonalFinanceManager\packages\System.Data.SQLite.Linq.1.0.119.0\lib\net46\System.Data.SQLite.Linq.dll" to "D:\XML\PersonalFinanceManager\PersonalFinanceManager.DAL\bin\Debug\System.Data.SQLite.Linq.dll".
  Copying file from "D:\XML\PersonalFinanceManager\packages\System.ComponentModel.Annotations.5.0.0\lib\net461\System.ComponentModel.Annotations.dll" to "D:\XML\PersonalFinanceManager\PersonalFinanceManager.DAL\bin\Debug\System.ComponentModel.Annotations.dll".
  Copying file from "D:\XML\PersonalFinanceManager\packages\System.Memory.4.5.5\lib\net461\System.Memory.dll" to "D:\XML\PersonalFinanceManager\PersonalFinanceManager.DAL\bin\Debug\System.Memory.dll".
  Copying file from "D:\XML\PersonalFinanceManager\packages\System.Security.Cryptography.Xml.8.0.2\lib\net462\System.Security.Cryptography.Xml.dll" to "D:\XML\PersonalFinanceManager\PersonalFinanceManager.DAL\bin\Debug\System.Security.Cryptography.Xml.dll".
  Copying file from "D:\XML\PersonalFinanceManager\packages\Unity.5.11.8\lib\net47\Unity.Abstractions.dll" to "D:\XML\PersonalFinanceManager\PersonalFinanceManager.DAL\bin\Debug\Unity.Abstractions.dll".
  Copying file from "D:\XML\PersonalFinanceManager\PersonalFinanceManager.Common\bin\Debug\PersonalFinanceManager.Common.pdb" to "D:\XML\PersonalFinanceManager\PersonalFinanceManager.DAL\bin\Debug\PersonalFinanceManager.Common.pdb".
  Copying file from "D:\XML\PersonalFinanceManager\packages\System.Numerics.Vectors.4.6.1\lib\net462\System.Numerics.Vectors.dll" to "D:\XML\PersonalFinanceManager\PersonalFinanceManager.DAL\bin\Debug\System.Numerics.Vectors.dll".
  Copying file from "D:\XML\PersonalFinanceManager\PersonalFinanceManager.Common\bin\Debug\PersonalFinanceManager.Common.dll.config" to "D:\XML\PersonalFinanceManager\PersonalFinanceManager.DAL\bin\Debug\PersonalFinanceManager.Common.dll.config".
  Copying file from "D:\XML\PersonalFinanceManager\packages\Unity.5.11.8\lib\net47\Unity.Container.dll" to "D:\XML\PersonalFinanceManager\PersonalFinanceManager.DAL\bin\Debug\Unity.Container.dll".
  Copying file from "D:\XML\PersonalFinanceManager\PersonalFinanceManager.Models\bin\Debug\PersonalFinanceManager.Models.pdb" to "D:\XML\PersonalFinanceManager\PersonalFinanceManager.DAL\bin\Debug\PersonalFinanceManager.Models.pdb".
  Copying file from "D:\XML\PersonalFinanceManager\packages\BCrypt.Net-Next.4.0.3\lib\net472\BCrypt.Net-Next.xml" to "D:\XML\PersonalFinanceManager\PersonalFinanceManager.DAL\bin\Debug\BCrypt.Net-Next.xml".
  Copying file from "D:\XML\PersonalFinanceManager\packages\BouncyCastle.Cryptography.2.6.2\lib\net461\BouncyCastle.Cryptography.xml" to "D:\XML\PersonalFinanceManager\PersonalFinanceManager.DAL\bin\Debug\BouncyCastle.Cryptography.xml".
  Copying file from "D:\XML\PersonalFinanceManager\PersonalFinanceManager.Models\bin\Debug\PersonalFinanceManager.Models.dll.config" to "D:\XML\PersonalFinanceManager\PersonalFinanceManager.DAL\bin\Debug\PersonalFinanceManager.Models.dll.config".
  Copying file from "D:\XML\PersonalFinanceManager\packages\EntityFramework.6.4.4\lib\net45\EntityFramework.SqlServer.xml" to "D:\XML\PersonalFinanceManager\PersonalFinanceManager.DAL\bin\Debug\EntityFramework.SqlServer.xml".
  Copying file from "D:\XML\PersonalFinanceManager\packages\Dapper.2.1.66\lib\net461\Dapper.xml" to "D:\XML\PersonalFinanceManager\PersonalFinanceManager.DAL\bin\Debug\Dapper.xml".
  Copying file from "D:\XML\PersonalFinanceManager\packages\EntityFramework.6.4.4\lib\net45\EntityFramework.xml" to "D:\XML\PersonalFinanceManager\PersonalFinanceManager.DAL\bin\Debug\EntityFramework.xml".
  Copying file from "D:\XML\PersonalFinanceManager\packages\iTextSharp.5.5.13.5\lib\net461\itextsharp.xml" to "D:\XML\PersonalFinanceManager\PersonalFinanceManager.DAL\bin\Debug\itextsharp.xml".
  Copying file from "D:\XML\PersonalFinanceManager\packages\LiveCharts.0.9.7\lib\net45\LiveCharts.pdb" to "D:\XML\PersonalFinanceManager\PersonalFinanceManager.DAL\bin\Debug\LiveCharts.pdb".
  Copying file from "D:\XML\PersonalFinanceManager\packages\LiveCharts.0.9.7\lib\net45\LiveCharts.xml" to "D:\XML\PersonalFinanceManager\PersonalFinanceManager.DAL\bin\Debug\LiveCharts.xml".
  Copying file from "D:\XML\PersonalFinanceManager\packages\Guna.Charts.WinForms.1.0.9\lib\net472\Guna.Charts.WinForms.xml" to "D:\XML\PersonalFinanceManager\PersonalFinanceManager.DAL\bin\Debug\Guna.Charts.WinForms.xml".
  Copying file from "D:\XML\PersonalFinanceManager\packages\LiveCharts.WinForms.0.9.7.1\lib\net45\LiveCharts.WinForms.xml" to "D:\XML\PersonalFinanceManager\PersonalFinanceManager.DAL\bin\Debug\LiveCharts.WinForms.xml".
  Copying file from "D:\XML\PersonalFinanceManager\packages\LiveCharts.Wpf.0.9.7\lib\net45\LiveCharts.Wpf.pdb" to "D:\XML\PersonalFinanceManager\PersonalFinanceManager.DAL\bin\Debug\LiveCharts.Wpf.pdb".
  Copying file from "D:\XML\PersonalFinanceManager\packages\EPPlus.8.5.0\lib\net462\EPPlus.xml" to "D:\XML\PersonalFinanceManager\PersonalFinanceManager.DAL\bin\Debug\EPPlus.xml".
  Copying file from "D:\XML\PersonalFinanceManager\packages\LiveCharts.WinForms.0.9.7.1\lib\net45\LiveCharts.WinForms.pdb" to "D:\XML\PersonalFinanceManager\PersonalFinanceManager.DAL\bin\Debug\LiveCharts.WinForms.pdb".
  Copying file from "D:\XML\PersonalFinanceManager\packages\LiveCharts.Wpf.0.9.7\lib\net45\LiveCharts.Wpf.xml" to "D:\XML\PersonalFinanceManager\PersonalFinanceManager.DAL\bin\Debug\LiveCharts.Wpf.xml".
  Copying file from "D:\XML\PersonalFinanceManager\packages\Microsoft.Bcl.AsyncInterfaces.9.0.1\lib\net462\Microsoft.Bcl.AsyncInterfaces.xml" to "D:\XML\PersonalFinanceManager\PersonalFinanceManager.DAL\bin\Debug\Microsoft.Bcl.AsyncInterfaces.xml".
  Copying file from "D:\XML\PersonalFinanceManager\packages\Microsoft.IO.RecyclableMemoryStream.3.0.1\lib\netstandard2.0\Microsoft.IO.RecyclableMemoryStream.xml" to "D:\XML\PersonalFinanceManager\PersonalFinanceManager.DAL\bin\Debug\Microsoft.IO.RecyclableMemoryStream.xml".
  Copying file from "D:\XML\PersonalFinanceManager\packages\System.Buffers.4.6.1\lib\net462\System.Buffers.xml" to "D:\XML\PersonalFinanceManager\PersonalFinanceManager.DAL\bin\Debug\System.Buffers.xml".
  Copying file from "D:\XML\PersonalFinanceManager\packages\Stub.System.Data.SQLite.Core.NetFramework.1.0.119.0\lib\net46\System.Data.SQLite.xml" to "D:\XML\PersonalFinanceManager\PersonalFinanceManager.DAL\bin\Debug\System.Data.SQLite.xml".
  Copying file from "D:\XML\PersonalFinanceManager\packages\System.Numerics.Vectors.4.6.1\lib\net462\System.Numerics.Vectors.xml" to "D:\XML\PersonalFinanceManager\PersonalFinanceManager.DAL\bin\Debug\System.Numerics.Vectors.xml".
  Copying file from "D:\XML\PersonalFinanceManager\packages\System.Memory.4.5.5\lib\net461\System.Memory.xml" to "D:\XML\PersonalFinanceManager\PersonalFinanceManager.DAL\bin\Debug\System.Memory.xml".
  Copying file from "D:\XML\PersonalFinanceManager\packages\Unity.5.11.8\lib\net47\Unity.Container.pdb" to "D:\XML\PersonalFinanceManager\PersonalFinanceManager.DAL\bin\Debug\Unity.Container.pdb".
  Copying file from "D:\XML\PersonalFinanceManager\packages\Unity.5.11.8\lib\net47\Unity.Abstractions.pdb" to "D:\XML\PersonalFinanceManager\PersonalFinanceManager.DAL\bin\Debug\Unity.Abstractions.pdb".
  Copying file from "D:\XML\PersonalFinanceManager\packages\System.Security.Cryptography.Xml.8.0.2\lib\net462\System.Security.Cryptography.Xml.xml" to "D:\XML\PersonalFinanceManager\PersonalFinanceManager.DAL\bin\Debug\System.Security.Cryptography.Xml.xml".
  Creating "D:\XML\PersonalFinanceManager\PersonalFinanceManager.DAL\obj\Debug\Personal.6B9A098E.Up2Date" because "AlwaysCreate" was specified.
  Touching "D:\XML\PersonalFinanceManager\PersonalFinanceManager.DAL\obj\Debug\Personal.6B9A098E.Up2Date".
_CopyAppConfigFile:
  Copying file from "D:\XML\PersonalFinanceManager\PersonalFinanceManager.DAL\App.config" to "D:\XML\PersonalFinanceManager\PersonalFinanceManager.DAL\bin\Debug\PersonalFinanceManager.DAL.dll.config".
CopyFilesToOutputDirectory:
  Copying file from "D:\XML\PersonalFinanceManager\PersonalFinanceManager.DAL\obj\Debug\PersonalFinanceManager.DAL.dll" to "D:\XML\PersonalFinanceManager\PersonalFinanceManager.DAL\bin\Debug\PersonalFinanceManager.DAL.dll".
  PersonalFinanceManager.DAL -> D:\XML\PersonalFinanceManager\PersonalFinanceManager.DAL\bin\Debug\PersonalFinanceManager.DAL.dll
  Copying file from "D:\XML\PersonalFinanceManager\PersonalFinanceManager.DAL\obj\Debug\PersonalFinanceManager.DAL.pdb" to "D:\XML\PersonalFinanceManager\PersonalFinanceManager.DAL\bin\Debug\PersonalFinanceManager.DAL.pdb".
CopySQLiteInteropFiles:
  Copying file from "D:\XML\PersonalFinanceManager\packages\Stub.System.Data.SQLite.Core.NetFramework.1.0.119.0\build\net46\x86\SQLite.Interop.dll" to "D:\XML\PersonalFinanceManager\PersonalFinanceManager.DAL\bin\Debug\x86\SQLite.Interop.dll".
  Copying file from "D:\XML\PersonalFinanceManager\packages\Stub.System.Data.SQLite.Core.NetFramework.1.0.119.0\build\net46\x64\SQLite.Interop.dll" to "D:\XML\PersonalFinanceManager\PersonalFinanceManager.DAL\bin\Debug\x64\SQLite.Interop.dll".
Done Building Project "D:\XML\PersonalFinanceManager\PersonalFinanceManager.DAL\PersonalFinanceManager.DAL.csproj" (default targets).
C:\Program Files\Microsoft Visual Studio\18\Insiders\MSBuild\Current\Bin\Microsoft.Common.CurrentVersion.targets(2451,5): warning MSB3277: Found conflicts between different versions of "System.Threading.Tasks.Extensions" that could not be resolved. [D:\XML\PersonalFinanceManager\PersonalFinanceManager.BLL\PersonalFinanceManager.BLL.csproj]
C:\Program Files\Microsoft Visual Studio\18\Insiders\MSBuild\Current\Bin\Microsoft.Common.CurrentVersion.targets(2451,5): warning MSB3277: There was a conflict between "System.Threading.Tasks.Extensions, Version=4.2.0.1, Culture=neutral, PublicKeyToken=cc7b13ffcd2ddd51" and "System.Threading.Tasks.Extensions, Version=4.2.4.0, Culture=neutral, PublicKeyToken=cc7b13ffcd2ddd51". [D:\XML\PersonalFinanceManager\PersonalFinanceManager.BLL\PersonalFinanceManager.BLL.csproj]
C:\Program Files\Microsoft Visual Studio\18\Insiders\MSBuild\Current\Bin\Microsoft.Common.CurrentVersion.targets(2451,5): warning MSB3277:     "System.Threading.Tasks.Extensions, Version=4.2.0.1, Culture=neutral, PublicKeyToken=cc7b13ffcd2ddd51" was chosen because it was primary and "System.Threading.Tasks.Extensions, Version=4.2.4.0, Culture=neutral, PublicKeyToken=cc7b13ffcd2ddd51" was not. [D:\XML\PersonalFinanceManager\PersonalFinanceManager.BLL\PersonalFinanceManager.BLL.csproj]
C:\Program Files\Microsoft Visual Studio\18\Insiders\MSBuild\Current\Bin\Microsoft.Common.CurrentVersion.targets(2451,5): warning MSB3277:     References which depend on "System.Threading.Tasks.Extensions, Version=4.2.0.1, Culture=neutral, PublicKeyToken=cc7b13ffcd2ddd51" [D:\XML\PersonalFinanceManager\packages\System.Threading.Tasks.Extensions.4.5.4\lib\net461\System.Threading.Tasks.Extensions.dll]. [D:\XML\PersonalFinanceManager\PersonalFinanceManager.BLL\PersonalFinanceManager.BLL.csproj]
C:\Program Files\Microsoft Visual Studio\18\Insiders\MSBuild\Current\Bin\Microsoft.Common.CurrentVersion.targets(2451,5): warning MSB3277:         D:\XML\PersonalFinanceManager\packages\System.Threading.Tasks.Extensions.4.5.4\lib\net461\System.Threading.Tasks.Extensions.dll [D:\XML\PersonalFinanceManager\PersonalFinanceManager.BLL\PersonalFinanceManager.BLL.csproj]
C:\Program Files\Microsoft Visual Studio\18\Insiders\MSBuild\Current\Bin\Microsoft.Common.CurrentVersion.targets(2451,5): warning MSB3277:           Project file item includes which caused reference "D:\XML\PersonalFinanceManager\packages\System.Threading.Tasks.Extensions.4.5.4\lib\net461\System.Threading.Tasks.Extensions.dll". [D:\XML\PersonalFinanceManager\PersonalFinanceManager.BLL\PersonalFinanceManager.BLL.csproj]
C:\Program Files\Microsoft Visual Studio\18\Insiders\MSBuild\Current\Bin\Microsoft.Common.CurrentVersion.targets(2451,5): warning MSB3277:             System.Threading.Tasks.Extensions, Version=4.2.0.1, Culture=neutral, PublicKeyToken=cc7b13ffcd2ddd51, processorArchitecture=MSIL [D:\XML\PersonalFinanceManager\PersonalFinanceManager.BLL\PersonalFinanceManager.BLL.csproj]
C:\Program Files\Microsoft Visual Studio\18\Insiders\MSBuild\Current\Bin\Microsoft.Common.CurrentVersion.targets(2451,5): warning MSB3277:     References which depend on or have been unified to "System.Threading.Tasks.Extensions, Version=4.2.4.0, Culture=neutral, PublicKeyToken=cc7b13ffcd2ddd51" [C:\Program Files\Microsoft Visual Studio\18\Insiders\Common7\IDE\PublicAssemblies\System.Threading.Tasks.Extensions.dll]. [D:\XML\PersonalFinanceManager\PersonalFinanceManager.BLL\PersonalFinanceManager.BLL.csproj]
C:\Program Files\Microsoft Visual Studio\18\Insiders\MSBuild\Current\Bin\Microsoft.Common.CurrentVersion.targets(2451,5): warning MSB3277:         D:\XML\PersonalFinanceManager\packages\Dapper.2.1.66\lib\net461\Dapper.dll [D:\XML\PersonalFinanceManager\PersonalFinanceManager.BLL\PersonalFinanceManager.BLL.csproj]
C:\Program Files\Microsoft Visual Studio\18\Insiders\MSBuild\Current\Bin\Microsoft.Common.CurrentVersion.targets(2451,5): warning MSB3277:           Project file item includes which caused reference "D:\XML\PersonalFinanceManager\packages\Dapper.2.1.66\lib\net461\Dapper.dll". [D:\XML\PersonalFinanceManager\PersonalFinanceManager.BLL\PersonalFinanceManager.BLL.csproj]
C:\Program Files\Microsoft Visual Studio\18\Insiders\MSBuild\Current\Bin\Microsoft.Common.CurrentVersion.targets(2451,5): warning MSB3277:             Dapper, Version=2.0.0.0, Culture=neutral, processorArchitecture=MSIL [D:\XML\PersonalFinanceManager\PersonalFinanceManager.BLL\PersonalFinanceManager.BLL.csproj]
C:\Program Files\Microsoft Visual Studio\18\Insiders\MSBuild\Current\Bin\Microsoft.Common.CurrentVersion.targets(2451,5): warning MSB3277:             D:\XML\PersonalFinanceManager\PersonalFinanceManager.DAL\bin\Debug\PersonalFinanceManager.DAL.dll [D:\XML\PersonalFinanceManager\PersonalFinanceManager.BLL\PersonalFinanceManager.BLL.csproj]
C:\Program Files\Microsoft Visual Studio\18\Insiders\MSBuild\Current\Bin\Microsoft.Common.CurrentVersion.targets(2451,5): warning MSB3277:         D:\XML\PersonalFinanceManager\packages\Microsoft.Bcl.AsyncInterfaces.9.0.4\lib\net462\Microsoft.Bcl.AsyncInterfaces.dll [D:\XML\PersonalFinanceManager\PersonalFinanceManager.BLL\PersonalFinanceManager.BLL.csproj]
C:\Program Files\Microsoft Visual Studio\18\Insiders\MSBuild\Current\Bin\Microsoft.Common.CurrentVersion.targets(2451,5): warning MSB3277:           Project file item includes which caused reference "D:\XML\PersonalFinanceManager\packages\Microsoft.Bcl.AsyncInterfaces.9.0.4\lib\net462\Microsoft.Bcl.AsyncInterfaces.dll". [D:\XML\PersonalFinanceManager\PersonalFinanceManager.BLL\PersonalFinanceManager.BLL.csproj]
C:\Program Files\Microsoft Visual Studio\18\Insiders\MSBuild\Current\Bin\Microsoft.Common.CurrentVersion.targets(2451,5): warning MSB3277:             Microsoft.Bcl.AsyncInterfaces, Version=9.0.0.4, Culture=neutral, PublicKeyToken=cc7b13ffcd2ddd51, processorArchitecture=MSIL [D:\XML\PersonalFinanceManager\PersonalFinanceManager.BLL\PersonalFinanceManager.BLL.csproj]
C:\Program Files\Microsoft Visual Studio\18\Insiders\MSBuild\Current\Bin\Microsoft.Common.CurrentVersion.targets(2451,5): warning MSB3277:             Dapper, Version=2.0.0.0, Culture=neutral, processorArchitecture=MSIL [D:\XML\PersonalFinanceManager\PersonalFinanceManager.BLL\PersonalFinanceManager.BLL.csproj]
C:\Program Files\Microsoft Visual Studio\18\Insiders\MSBuild\Current\Bin\Microsoft.Common.CurrentVersion.targets(2451,5): warning MSB3277:             D:\XML\PersonalFinanceManager\PersonalFinanceManager.DAL\bin\Debug\PersonalFinanceManager.DAL.dll [D:\XML\PersonalFinanceManager\PersonalFinanceManager.BLL\PersonalFinanceManager.BLL.csproj]
C:\Program Files\Microsoft Visual Studio\18\Insiders\MSBuild\Current\Bin\Microsoft.Common.CurrentVersion.targets(2451,5): warning MSB3277:             System.Threading.Channels, Version=9.0.0.4, Culture=neutral, PublicKeyToken=cc7b13ffcd2ddd51, processorArchitecture=MSIL [D:\XML\PersonalFinanceManager\PersonalFinanceManager.BLL\PersonalFinanceManager.BLL.csproj]
C:\Program Files\Microsoft Visual Studio\18\Insiders\MSBuild\Current\Bin\Microsoft.Common.CurrentVersion.targets(2451,5): warning MSB3277:             Microsoft.ML.Data, Version=1.0.0.0, Culture=neutral, PublicKeyToken=cc7b13ffcd2ddd51, processorArchitecture=MSIL [D:\XML\PersonalFinanceManager\PersonalFinanceManager.BLL\PersonalFinanceManager.BLL.csproj]
C:\Program Files\Microsoft Visual Studio\18\Insiders\MSBuild\Current\Bin\Microsoft.Common.CurrentVersion.targets(2451,5): warning MSB3277:             Microsoft.ML.FastTree, Version=1.0.0.0, Culture=neutral, PublicKeyToken=cc7b13ffcd2ddd51, processorArchitecture=MSIL [D:\XML\PersonalFinanceManager\PersonalFinanceManager.BLL\PersonalFinanceManager.BLL.csproj]
C:\Program Files\Microsoft Visual Studio\18\Insiders\MSBuild\Current\Bin\Microsoft.Common.CurrentVersion.targets(2451,5): warning MSB3277:             Microsoft.ML.KMeansClustering, Version=1.0.0.0, Culture=neutral, PublicKeyToken=cc7b13ffcd2ddd51, processorArchitecture=MSIL [D:\XML\PersonalFinanceManager\PersonalFinanceManager.BLL\PersonalFinanceManager.BLL.csproj]
C:\Program Files\Microsoft Visual Studio\18\Insiders\MSBuild\Current\Bin\Microsoft.Common.CurrentVersion.targets(2451,5): warning MSB3277:             Microsoft.ML.PCA, Version=1.0.0.0, Culture=neutral, PublicKeyToken=cc7b13ffcd2ddd51, processorArchitecture=MSIL [D:\XML\PersonalFinanceManager\PersonalFinanceManager.BLL\PersonalFinanceManager.BLL.csproj]
C:\Program Files\Microsoft Visual Studio\18\Insiders\MSBuild\Current\Bin\Microsoft.Common.CurrentVersion.targets(2451,5): warning MSB3277:             Microsoft.ML.StandardTrainers, Version=1.0.0.0, Culture=neutral, PublicKeyToken=cc7b13ffcd2ddd51, processorArchitecture=MSIL [D:\XML\PersonalFinanceManager\PersonalFinanceManager.BLL\PersonalFinanceManager.BLL.csproj]
C:\Program Files\Microsoft Visual Studio\18\Insiders\MSBuild\Current\Bin\Microsoft.Common.CurrentVersion.targets(2451,5): warning MSB3277:             Microsoft.ML.Transforms, Version=1.0.0.0, Culture=neutral, PublicKeyToken=cc7b13ffcd2ddd51, processorArchitecture=MSIL [D:\XML\PersonalFinanceManager\PersonalFinanceManager.BLL\PersonalFinanceManager.BLL.csproj]
C:\Program Files\Microsoft Visual Studio\18\Insiders\MSBuild\Current\Bin\Microsoft.Common.CurrentVersion.targets(2451,5): warning MSB3277:         D:\XML\PersonalFinanceManager\packages\Microsoft.ML.5.0.0\lib\netstandard2.0\Microsoft.ML.Data.dll [D:\XML\PersonalFinanceManager\PersonalFinanceManager.BLL\PersonalFinanceManager.BLL.csproj]
C:\Program Files\Microsoft Visual Studio\18\Insiders\MSBuild\Current\Bin\Microsoft.Common.CurrentVersion.targets(2451,5): warning MSB3277:           Project file item includes which caused reference "D:\XML\PersonalFinanceManager\packages\Microsoft.ML.5.0.0\lib\netstandard2.0\Microsoft.ML.Data.dll". [D:\XML\PersonalFinanceManager\PersonalFinanceManager.BLL\PersonalFinanceManager.BLL.csproj]
C:\Program Files\Microsoft Visual Studio\18\Insiders\MSBuild\Current\Bin\Microsoft.Common.CurrentVersion.targets(2451,5): warning MSB3277:             Microsoft.ML.Data, Version=1.0.0.0, Culture=neutral, PublicKeyToken=cc7b13ffcd2ddd51, processorArchitecture=MSIL [D:\XML\PersonalFinanceManager\PersonalFinanceManager.BLL\PersonalFinanceManager.BLL.csproj]
C:\Program Files\Microsoft Visual Studio\18\Insiders\MSBuild\Current\Bin\Microsoft.Common.CurrentVersion.targets(2451,5): warning MSB3277:             Microsoft.ML.FastTree, Version=1.0.0.0, Culture=neutral, PublicKeyToken=cc7b13ffcd2ddd51, processorArchitecture=MSIL [D:\XML\PersonalFinanceManager\PersonalFinanceManager.BLL\PersonalFinanceManager.BLL.csproj]
C:\Program Files\Microsoft Visual Studio\18\Insiders\MSBuild\Current\Bin\Microsoft.Common.CurrentVersion.targets(2451,5): warning MSB3277:             Microsoft.ML.KMeansClustering, Version=1.0.0.0, Culture=neutral, PublicKeyToken=cc7b13ffcd2ddd51, processorArchitecture=MSIL [D:\XML\PersonalFinanceManager\PersonalFinanceManager.BLL\PersonalFinanceManager.BLL.csproj]
C:\Program Files\Microsoft Visual Studio\18\Insiders\MSBuild\Current\Bin\Microsoft.Common.CurrentVersion.targets(2451,5): warning MSB3277:             Microsoft.ML.PCA, Version=1.0.0.0, Culture=neutral, PublicKeyToken=cc7b13ffcd2ddd51, processorArchitecture=MSIL [D:\XML\PersonalFinanceManager\PersonalFinanceManager.BLL\PersonalFinanceManager.BLL.csproj]
C:\Program Files\Microsoft Visual Studio\18\Insiders\MSBuild\Current\Bin\Microsoft.Common.CurrentVersion.targets(2451,5): warning MSB3277:             Microsoft.ML.StandardTrainers, Version=1.0.0.0, Culture=neutral, PublicKeyToken=cc7b13ffcd2ddd51, processorArchitecture=MSIL [D:\XML\PersonalFinanceManager\PersonalFinanceManager.BLL\PersonalFinanceManager.BLL.csproj]
C:\Program Files\Microsoft Visual Studio\18\Insiders\MSBuild\Current\Bin\Microsoft.Common.CurrentVersion.targets(2451,5): warning MSB3277:             Microsoft.ML.Transforms, Version=1.0.0.0, Culture=neutral, PublicKeyToken=cc7b13ffcd2ddd51, processorArchitecture=MSIL [D:\XML\PersonalFinanceManager\PersonalFinanceManager.BLL\PersonalFinanceManager.BLL.csproj]
C:\Program Files\Microsoft Visual Studio\18\Insiders\MSBuild\Current\Bin\Microsoft.Common.CurrentVersion.targets(2451,5): warning MSB3277:         D:\XML\PersonalFinanceManager\packages\System.Threading.Channels.9.0.4\lib\net462\System.Threading.Channels.dll [D:\XML\PersonalFinanceManager\PersonalFinanceManager.BLL\PersonalFinanceManager.BLL.csproj]
C:\Program Files\Microsoft Visual Studio\18\Insiders\MSBuild\Current\Bin\Microsoft.Common.CurrentVersion.targets(2451,5): warning MSB3277:           Project file item includes which caused reference "D:\XML\PersonalFinanceManager\packages\System.Threading.Channels.9.0.4\lib\net462\System.Threading.Channels.dll". [D:\XML\PersonalFinanceManager\PersonalFinanceManager.BLL\PersonalFinanceManager.BLL.csproj]
C:\Program Files\Microsoft Visual Studio\18\Insiders\MSBuild\Current\Bin\Microsoft.Common.CurrentVersion.targets(2451,5): warning MSB3277:             System.Threading.Channels, Version=9.0.0.4, Culture=neutral, PublicKeyToken=cc7b13ffcd2ddd51, processorArchitecture=MSIL [D:\XML\PersonalFinanceManager\PersonalFinanceManager.BLL\PersonalFinanceManager.BLL.csproj]
C:\Program Files\Microsoft Visual Studio\18\Insiders\MSBuild\Current\Bin\Microsoft.Common.CurrentVersion.targets(2451,5): warning MSB3277:             Microsoft.ML.Data, Version=1.0.0.0, Culture=neutral, PublicKeyToken=cc7b13ffcd2ddd51, processorArchitecture=MSIL [D:\XML\PersonalFinanceManager\PersonalFinanceManager.BLL\PersonalFinanceManager.BLL.csproj]
C:\Program Files\Microsoft Visual Studio\18\Insiders\MSBuild\Current\Bin\Microsoft.Common.CurrentVersion.targets(2451,5): warning MSB3277:             Microsoft.ML.FastTree, Version=1.0.0.0, Culture=neutral, PublicKeyToken=cc7b13ffcd2ddd51, processorArchitecture=MSIL [D:\XML\PersonalFinanceManager\PersonalFinanceManager.BLL\PersonalFinanceManager.BLL.csproj]
C:\Program Files\Microsoft Visual Studio\18\Insiders\MSBuild\Current\Bin\Microsoft.Common.CurrentVersion.targets(2451,5): warning MSB3277:             Microsoft.ML.KMeansClustering, Version=1.0.0.0, Culture=neutral, PublicKeyToken=cc7b13ffcd2ddd51, processorArchitecture=MSIL [D:\XML\PersonalFinanceManager\PersonalFinanceManager.BLL\PersonalFinanceManager.BLL.csproj]
C:\Program Files\Microsoft Visual Studio\18\Insiders\MSBuild\Current\Bin\Microsoft.Common.CurrentVersion.targets(2451,5): warning MSB3277:             Microsoft.ML.PCA, Version=1.0.0.0, Culture=neutral, PublicKeyToken=cc7b13ffcd2ddd51, processorArchitecture=MSIL [D:\XML\PersonalFinanceManager\PersonalFinanceManager.BLL\PersonalFinanceManager.BLL.csproj]
C:\Program Files\Microsoft Visual Studio\18\Insiders\MSBuild\Current\Bin\Microsoft.Common.CurrentVersion.targets(2451,5): warning MSB3277:             Microsoft.ML.StandardTrainers, Version=1.0.0.0, Culture=neutral, PublicKeyToken=cc7b13ffcd2ddd51, processorArchitecture=MSIL [D:\XML\PersonalFinanceManager\PersonalFinanceManager.BLL\PersonalFinanceManager.BLL.csproj]
C:\Program Files\Microsoft Visual Studio\18\Insiders\MSBuild\Current\Bin\Microsoft.Common.CurrentVersion.targets(2451,5): warning MSB3277:             Microsoft.ML.Transforms, Version=1.0.0.0, Culture=neutral, PublicKeyToken=cc7b13ffcd2ddd51, processorArchitecture=MSIL [D:\XML\PersonalFinanceManager\PersonalFinanceManager.BLL\PersonalFinanceManager.BLL.csproj]
C:\Program Files\Microsoft Visual Studio\18\Insiders\MSBuild\Current\Bin\Microsoft.Common.CurrentVersion.targets(2451,5): warning MSB3277:         D:\XML\PersonalFinanceManager\packages\Unity.5.11.8\lib\net47\Unity.Abstractions.dll [D:\XML\PersonalFinanceManager\PersonalFinanceManager.BLL\PersonalFinanceManager.BLL.csproj]
C:\Program Files\Microsoft Visual Studio\18\Insiders\MSBuild\Current\Bin\Microsoft.Common.CurrentVersion.targets(2451,5): warning MSB3277:           Project file item includes which caused reference "D:\XML\PersonalFinanceManager\packages\Unity.5.11.8\lib\net47\Unity.Abstractions.dll". [D:\XML\PersonalFinanceManager\PersonalFinanceManager.BLL\PersonalFinanceManager.BLL.csproj]
C:\Program Files\Microsoft Visual Studio\18\Insiders\MSBuild\Current\Bin\Microsoft.Common.CurrentVersion.targets(2451,5): warning MSB3277:             Unity.Abstractions, Version=5.11.6.0, Culture=neutral, PublicKeyToken=489b6accfaf20ef0, processorArchitecture=MSIL [D:\XML\PersonalFinanceManager\PersonalFinanceManager.BLL\PersonalFinanceManager.BLL.csproj]
C:\Program Files\Microsoft Visual Studio\18\Insiders\MSBuild\Current\Bin\Microsoft.Common.CurrentVersion.targets(2451,5): warning MSB3277:             Unity.Container, Version=5.11.9.0, Culture=neutral, PublicKeyToken=489b6accfaf20ef0, processorArchitecture=MSIL [D:\XML\PersonalFinanceManager\PersonalFinanceManager.BLL\PersonalFinanceManager.BLL.csproj]
GenerateTargetFrameworkMonikerAttribute:
Skipping target "GenerateTargetFrameworkMonikerAttribute" because all output files are up-to-date with respect to the input files.
CoreCompile:
  C:\Program Files\Microsoft Visual Studio\18\Insiders\MSBuild\Current\Bin\Roslyn\csc.exe /noconfig /nowarn:1701,1702 /fullpaths /nostdlib+ /errorreport:prompt /warn:4 /define:DEBUG;TRACE /highentropyva+ /reference:D:\XML\PersonalFinanceManager\packages\BCrypt.Net-Next.4.1.0\lib\net472\BCrypt.Net-Next.dll /reference:D:\XML\PersonalFinanceManager\packages\BouncyCastle.Cryptography.2.6.2\lib\net461\BouncyCastle.Cryptography.dll /reference:D:\XML\PersonalFinanceManager\packages\Dapper.2.1.66\lib\net461\Dapper.dll /reference:D:\XML\PersonalFinanceManager\packages\EntityFramework.6.4.4\lib\net45\EntityFramework.dll /reference:D:\XML\PersonalFinanceManager\packages\EntityFramework.6.4.4\lib\net45\EntityFramework.SqlServer.dll /reference:D:\XML\PersonalFinanceManager\packages\EPPlus.8.5.0\lib\net462\EPPlus.dll /reference:D:\XML\PersonalFinanceManager\packages\EPPlus.Interfaces.8.4.0\lib\net462\EPPlus.Interfaces.dll /reference:D:\XML\PersonalFinanceManager\packages\FluentValidation.9.5.4\lib\net461\FluentValidation.dll /reference:D:\XML\PersonalFinanceManager\packages\Guna.Charts.WinForms.1.0.9\lib\net472\Guna.Charts.WinForms.dll /reference:D:\XML\PersonalFinanceManager\packages\Guna.UI2.WinForms.2.0.4.6\lib\net472\Guna.UI2.dll /reference:D:\XML\PersonalFinanceManager\packages\iTextSharp.5.5.13.5\lib\net461\itextsharp.dll /reference:D:\XML\PersonalFinanceManager\packages\LiveCharts.0.9.7\lib\net45\LiveCharts.dll /reference:D:\XML\PersonalFinanceManager\packages\LiveCharts.WinForms.0.9.7.1\lib\net45\LiveCharts.WinForms.dll /reference:D:\XML\PersonalFinanceManager\packages\LiveCharts.Wpf.0.9.7\lib\net45\LiveCharts.Wpf.dll /reference:D:\XML\PersonalFinanceManager\packages\Microsoft.Bcl.AsyncInterfaces.9.0.4\lib\net462\Microsoft.Bcl.AsyncInterfaces.dll /reference:D:\XML\PersonalFinanceManager\packages\Microsoft.Bcl.Numerics.9.0.4\lib\net462\Microsoft.Bcl.Numerics.dll /reference:"C:\Program Files (x86)\Reference Assemblies\Microsoft\Framework\.NETFramework\v4.7.2\Microsoft.CSharp.dll" /reference:D:\XML\PersonalFinanceManager\packages\Microsoft.IO.RecyclableMemoryStream.3.0.1\lib\netstandard2.0\Microsoft.IO.RecyclableMemoryStream.dll /reference:D:\XML\PersonalFinanceManager\packages\Microsoft.ML.5.0.0\lib\netstandard2.0\Microsoft.ML.Core.dll /reference:D:\XML\PersonalFinanceManager\packages\Microsoft.ML.CpuMath.5.0.0\lib\netstandard2.0\Microsoft.ML.CpuMath.dll /reference:D:\XML\PersonalFinanceManager\packages\Microsoft.ML.5.0.0\lib\netstandard2.0\Microsoft.ML.Data.dll /reference:D:\XML\PersonalFinanceManager\packages\Microsoft.ML.DataView.5.0.0\lib\netstandard2.0\Microsoft.ML.DataView.dll /reference:D:\XML\PersonalFinanceManager\packages\Microsoft.ML.FastTree.5.0.0\lib\netstandard2.0\Microsoft.ML.FastTree.dll /reference:D:\XML\PersonalFinanceManager\packages\Microsoft.ML.5.0.0\lib\netstandard2.0\Microsoft.ML.KMeansClustering.dll /reference:D:\XML\PersonalFinanceManager\packages\Microsoft.ML.5.0.0\lib\netstandard2.0\Microsoft.ML.PCA.dll /reference:D:\XML\PersonalFinanceManager\packages\Microsoft.ML.5.0.0\lib\netstandard2.0\Microsoft.ML.StandardTrainers.dll /reference:D:\XML\PersonalFinanceManager\packages\Microsoft.ML.5.0.0\lib\netstandard2.0\Microsoft.ML.Transforms.dll /reference:"C:\Program Files (x86)\Reference Assemblies\Microsoft\Framework\.NETFramework\v4.7.2\mscorlib.dll" /reference:D:\XML\PersonalFinanceManager\packages\Newtonsoft.Json.13.0.3\lib\net45\Newtonsoft.Json.dll /reference:D:\XML\PersonalFinanceManager\PersonalFinanceManager.Common\bin\Debug\PersonalFinanceManager.Common.dll /reference:D:\XML\PersonalFinanceManager\PersonalFinanceManager.DAL\bin\Debug\PersonalFinanceManager.DAL.dll /reference:D:\XML\PersonalFinanceManager\PersonalFinanceManager.Models\bin\Debug\PersonalFinanceManager.Models.dll /reference:"C:\Program Files (x86)\Reference Assemblies\Microsoft\Framework\.NETFramework\v4.7.2\PresentationCore.dll" /reference:"C:\Program Files (x86)\Reference Assemblies\Microsoft\Framework\.NETFramework\v4.7.2\PresentationFramework.dll" /reference:D:\XML\PersonalFinanceManager\packages\System.Buffers.4.6.1\lib\net462\System.Buffers.dll /reference:D:\XML\PersonalFinanceManager\packages\System.CodeDom.9.0.4\lib\net462\System.CodeDom.dll /reference:D:\XML\PersonalFinanceManager\packages\System.Collections.Immutable.9.0.4\lib\net462\System.Collections.Immutable.dll /reference:D:\XML\PersonalFinanceManager\packages\System.ComponentModel.Annotations.5.0.0\lib\net461\System.ComponentModel.Annotations.dll /reference:"C:\Program Files (x86)\Reference Assemblies\Microsoft\Framework\.NETFramework\v4.7.2\System.ComponentModel.DataAnnotations.dll" /reference:"C:\Program Files (x86)\Reference Assemblies\Microsoft\Framework\.NETFramework\v4.7.2\System.Configuration.dll" /reference:"C:\Program Files (x86)\Reference Assemblies\Microsoft\Framework\.NETFramework\v4.7.2\System.Core.dll" /reference:"C:\Program Files (x86)\Reference Assemblies\Microsoft\Framework\.NETFramework\v4.7.2\System.Data.DataSetExtensions.dll" /reference:"C:\Program Files (x86)\Reference Assemblies\Microsoft\Framework\.NETFramework\v4.7.2\System.Data.dll" /reference:D:\XML\PersonalFinanceManager\packages\Stub.System.Data.SQLite.Core.NetFramework.1.0.119.0\lib\net46\System.Data.SQLite.dll /reference:D:\XML\PersonalFinanceManager\packages\System.Data.SQLite.EF6.1.0.119.0\lib\net46\System.Data.SQLite.EF6.dll /reference:D:\XML\PersonalFinanceManager\packages\System.Data.SQLite.Linq.1.0.119.0\lib\net46\System.Data.SQLite.Linq.dll /reference:"C:\Program Files (x86)\Reference Assemblies\Microsoft\Framework\.NETFramework\v4.7.2\System.Design.dll" /reference:"C:\Program Files (x86)\Reference Assemblies\Microsoft\Framework\.NETFramework\v4.7.2\System.dll" /reference:"C:\Program Files (x86)\Reference Assemblies\Microsoft\Framework\.NETFramework\v4.7.2\System.Management.dll" /reference:D:\XML\PersonalFinanceManager\packages\System.Memory.4.6.3\lib\net462\System.Memory.dll /reference:"C:\Program Files (x86)\Reference Assemblies\Microsoft\Framework\.NETFramework\v4.7.2\System.Net.Http.dll" /reference:"C:\Program Files (x86)\Reference Assemblies\Microsoft\Framework\.NETFramework\v4.7.2\System.Numerics.dll" /reference:D:\XML\PersonalFinanceManager\packages\System.Numerics.Tensors.9.0.4\lib\net462\System.Numerics.Tensors.dll /reference:D:\XML\PersonalFinanceManager\packages\System.Numerics.Vectors.4.6.1\lib\net462\System.Numerics.Vectors.dll /reference:D:\XML\PersonalFinanceManager\packages\System.Runtime.CompilerServices.Unsafe.6.1.2\lib\net462\System.Runtime.CompilerServices.Unsafe.dll /reference:D:\XML\PersonalFinanceManager\packages\System.Security.Cryptography.Xml.8.0.2\lib\net462\System.Security.Cryptography.Xml.dll /reference:"C:\Program Files (x86)\Reference Assemblies\Microsoft\Framework\.NETFramework\v4.7.2\System.Security.dll" /reference:D:\XML\PersonalFinanceManager\packages\System.Threading.Channels.9.0.4\lib\net462\System.Threading.Channels.dll /reference:D:\XML\PersonalFinanceManager\packages\System.Threading.Tasks.Extensions.4.5.4\lib\net461\System.Threading.Tasks.Extensions.dll /reference:"C:\Program Files (x86)\Reference Assemblies\Microsoft\Framework\.NETFramework\v4.7.2\System.Transactions.dll" /reference:"C:\Program Files (x86)\Reference Assemblies\Microsoft\Framework\.NETFramework\v4.7.2\System.Web.dll" /reference:"C:\Program Files (x86)\Reference Assemblies\Microsoft\Framework\.NETFramework\v4.7.2\System.Xaml.dll" /reference:"C:\Program Files (x86)\Reference Assemblies\Microsoft\Framework\.NETFramework\v4.7.2\System.Xml.dll" /reference:"C:\Program Files (x86)\Reference Assemblies\Microsoft\Framework\.NETFramework\v4.7.2\System.Xml.Linq.dll" /reference:D:\XML\PersonalFinanceManager\packages\Unity.5.11.8\lib\net47\Unity.Abstractions.dll /reference:D:\XML\PersonalFinanceManager\packages\Unity.5.11.8\lib\net47\Unity.Container.dll /reference:"C:\Program Files (x86)\Reference Assemblies\Microsoft\Framework\.NETFramework\v4.7.2\WindowsBase.dll" /reference:"C:\Program Files (x86)\Reference Assemblies\Microsoft\Framework\.NETFramework\v4.7.2\WindowsFormsIntegration.dll" /reference:"C:\Program Files (x86)\Reference Assemblies\Microsoft\Framework\.NETFramework\v4.7.2\Facades\netstandard.dll" /debug+ /debug:full /filealign:512 /optimize- /out:obj\Debug\PersonalFinanceManager.BLL.dll /subsystemversion:6.00 /target:library /utf8output /deterministic+ /langversion:7.3 Class1.cs Interfaces\ICategoryService.cs Interfaces\ITransactionService.cs Interfaces\IAccountService.cs ML\Models\SpendingData.cs ML\SpendingPredictor.cs Properties\AssemblyInfo.cs Services\CategoryService.cs Services\StatisticsService.cs Services\TransactionService.cs Services\UserService.cs Services\AccountService.cs Validators\AccountValidator.cs Validators\CategoryValidator.cs Validators\TransactionValidator.cs "obj\Debug\.NETFramework,Version=v4.7.2.AssemblyAttributes.cs"
  Compilation request PersonalFinanceManager.BLL, PathToTool=C:\Program Files\Microsoft Visual Studio\18\Insiders\MSBuild\Current\Bin\Roslyn\csc.exe
  CommandLine = ' /noconfig'
  BuildResponseFile = '/nowarn:1701,1702 /fullpaths /nostdlib+ /errorreport:prompt /warn:4 /define:DEBUG;TRACE /highentropyva+ /reference:D:\XML\PersonalFinanceManager\packages\BCrypt.Net-Next.4.1.0\lib\net472\BCrypt.Net-Next.dll /reference:D:\XML\PersonalFinanceManager\packages\BouncyCastle.Cryptography.2.6.2\lib\net461\BouncyCastle.Cryptography.dll /reference:D:\XML\PersonalFinanceManager\packages\Dapper.2.1.66\lib\net461\Dapper.dll /reference:D:\XML\PersonalFinanceManager\packages\EntityFramework.6.4.4\lib\net45\EntityFramework.dll /reference:D:\XML\PersonalFinanceManager\packages\EntityFramework.6.4.4\lib\net45\EntityFramework.SqlServer.dll /reference:D:\XML\PersonalFinanceManager\packages\EPPlus.8.5.0\lib\net462\EPPlus.dll /reference:D:\XML\PersonalFinanceManager\packages\EPPlus.Interfaces.8.4.0\lib\net462\EPPlus.Interfaces.dll /reference:D:\XML\PersonalFinanceManager\packages\FluentValidation.9.5.4\lib\net461\FluentValidation.dll /reference:D:\XML\PersonalFinanceManager\packages\Guna.Charts.WinForms.1.0.9\lib\net472\Guna.Charts.WinForms.dll /reference:D:\XML\PersonalFinanceManager\packages\Guna.UI2.WinForms.2.0.4.6\lib\net472\Guna.UI2.dll /reference:D:\XML\PersonalFinanceManager\packages\iTextSharp.5.5.13.5\lib\net461\itextsharp.dll /reference:D:\XML\PersonalFinanceManager\packages\LiveCharts.0.9.7\lib\net45\LiveCharts.dll /reference:D:\XML\PersonalFinanceManager\packages\LiveCharts.WinForms.0.9.7.1\lib\net45\LiveCharts.WinForms.dll /reference:D:\XML\PersonalFinanceManager\packages\LiveCharts.Wpf.0.9.7\lib\net45\LiveCharts.Wpf.dll /reference:D:\XML\PersonalFinanceManager\packages\Microsoft.Bcl.AsyncInterfaces.9.0.4\lib\net462\Microsoft.Bcl.AsyncInterfaces.dll /reference:D:\XML\PersonalFinanceManager\packages\Microsoft.Bcl.Numerics.9.0.4\lib\net462\Microsoft.Bcl.Numerics.dll /reference:"C:\Program Files (x86)\Reference Assemblies\Microsoft\Framework\.NETFramework\v4.7.2\Microsoft.CSharp.dll" /reference:D:\XML\PersonalFinanceManager\packages\Microsoft.IO.RecyclableMemoryStream.3.0.1\lib\netstandard2.0\Microsoft.IO.RecyclableMemoryStream.dll /reference:D:\XML\PersonalFinanceManager\packages\Microsoft.ML.5.0.0\lib\netstandard2.0\Microsoft.ML.Core.dll /reference:D:\XML\PersonalFinanceManager\packages\Microsoft.ML.CpuMath.5.0.0\lib\netstandard2.0\Microsoft.ML.CpuMath.dll /reference:D:\XML\PersonalFinanceManager\packages\Microsoft.ML.5.0.0\lib\netstandard2.0\Microsoft.ML.Data.dll /reference:D:\XML\PersonalFinanceManager\packages\Microsoft.ML.DataView.5.0.0\lib\netstandard2.0\Microsoft.ML.DataView.dll /reference:D:\XML\PersonalFinanceManager\packages\Microsoft.ML.FastTree.5.0.0\lib\netstandard2.0\Microsoft.ML.FastTree.dll /reference:D:\XML\PersonalFinanceManager\packages\Microsoft.ML.5.0.0\lib\netstandard2.0\Microsoft.ML.KMeansClustering.dll /reference:D:\XML\PersonalFinanceManager\packages\Microsoft.ML.5.0.0\lib\netstandard2.0\Microsoft.ML.PCA.dll /reference:D:\XML\PersonalFinanceManager\packages\Microsoft.ML.5.0.0\lib\netstandard2.0\Microsoft.ML.StandardTrainers.dll /reference:D:\XML\PersonalFinanceManager\packages\Microsoft.ML.5.0.0\lib\netstandard2.0\Microsoft.ML.Transforms.dll /reference:"C:\Program Files (x86)\Reference Assemblies\Microsoft\Framework\.NETFramework\v4.7.2\mscorlib.dll" /reference:D:\XML\PersonalFinanceManager\packages\Newtonsoft.Json.13.0.3\lib\net45\Newtonsoft.Json.dll /reference:D:\XML\PersonalFinanceManager\PersonalFinanceManager.Common\bin\Debug\PersonalFinanceManager.Common.dll /reference:D:\XML\PersonalFinanceManager\PersonalFinanceManager.DAL\bin\Debug\PersonalFinanceManager.DAL.dll /reference:D:\XML\PersonalFinanceManager\PersonalFinanceManager.Models\bin\Debug\PersonalFinanceManager.Models.dll /reference:"C:\Program Files (x86)\Reference Assemblies\Microsoft\Framework\.NETFramework\v4.7.2\PresentationCore.dll" /reference:"C:\Program Files (x86)\Reference Assemblies\Microsoft\Framework\.NETFramework\v4.7.2\PresentationFramework.dll" /reference:D:\XML\PersonalFinanceManager\packages\System.Buffers.4.6.1\lib\net462\System.Buffers.dll /reference:D:\XML\PersonalFinanceManager\packages\System.CodeDom.9.0.4\lib\net462\System.CodeDom.dll /reference:D:\XML\PersonalFinanceManager\packages\System.Collections.Immutable.9.0.4\lib\net462\System.Collections.Immutable.dll /reference:D:\XML\PersonalFinanceManager\packages\System.ComponentModel.Annotations.5.0.0\lib\net461\System.ComponentModel.Annotations.dll /reference:"C:\Program Files (x86)\Reference Assemblies\Microsoft\Framework\.NETFramework\v4.7.2\System.ComponentModel.DataAnnotations.dll" /reference:"C:\Program Files (x86)\Reference Assemblies\Microsoft\Framework\.NETFramework\v4.7.2\System.Configuration.dll" /reference:"C:\Program Files (x86)\Reference Assemblies\Microsoft\Framework\.NETFramework\v4.7.2\System.Core.dll" /reference:"C:\Program Files (x86)\Reference Assemblies\Microsoft\Framework\.NETFramework\v4.7.2\System.Data.DataSetExtensions.dll" /reference:"C:\Program Files (x86)\Reference Assemblies\Microsoft\Framework\.NETFramework\v4.7.2\System.Data.dll" /reference:D:\XML\PersonalFinanceManager\packages\Stub.System.Data.SQLite.Core.NetFramework.1.0.119.0\lib\net46\System.Data.SQLite.dll /reference:D:\XML\PersonalFinanceManager\packages\System.Data.SQLite.EF6.1.0.119.0\lib\net46\System.Data.SQLite.EF6.dll /reference:D:\XML\PersonalFinanceManager\packages\System.Data.SQLite.Linq.1.0.119.0\lib\net46\System.Data.SQLite.Linq.dll /reference:"C:\Program Files (x86)\Reference Assemblies\Microsoft\Framework\.NETFramework\v4.7.2\System.Design.dll" /reference:"C:\Program Files (x86)\Reference Assemblies\Microsoft\Framework\.NETFramework\v4.7.2\System.dll" /reference:"C:\Program Files (x86)\Reference Assemblies\Microsoft\Framework\.NETFramework\v4.7.2\System.Management.dll" /reference:D:\XML\PersonalFinanceManager\packages\System.Memory.4.6.3\lib\net462\System.Memory.dll /reference:"C:\Program Files (x86)\Reference Assemblies\Microsoft\Framework\.NETFramework\v4.7.2\System.Net.Http.dll" /reference:"C:\Program Files (x86)\Reference Assemblies\Microsoft\Framework\.NETFramework\v4.7.2\System.Numerics.dll" /reference:D:\XML\PersonalFinanceManager\packages\System.Numerics.Tensors.9.0.4\lib\net462\System.Numerics.Tensors.dll /reference:D:\XML\PersonalFinanceManager\packages\System.Numerics.Vectors.4.6.1\lib\net462\System.Numerics.Vectors.dll /reference:D:\XML\PersonalFinanceManager\packages\System.Runtime.CompilerServices.Unsafe.6.1.2\lib\net462\System.Runtime.CompilerServices.Unsafe.dll /reference:D:\XML\PersonalFinanceManager\packages\System.Security.Cryptography.Xml.8.0.2\lib\net462\System.Security.Cryptography.Xml.dll /reference:"C:\Program Files (x86)\Reference Assemblies\Microsoft\Framework\.NETFramework\v4.7.2\System.Security.dll" /reference:D:\XML\PersonalFinanceManager\packages\System.Threading.Channels.9.0.4\lib\net462\System.Threading.Channels.dll /reference:D:\XML\PersonalFinanceManager\packages\System.Threading.Tasks.Extensions.4.5.4\lib\net461\System.Threading.Tasks.Extensions.dll /reference:"C:\Program Files (x86)\Reference Assemblies\Microsoft\Framework\.NETFramework\v4.7.2\System.Transactions.dll" /reference:"C:\Program Files (x86)\Reference Assemblies\Microsoft\Framework\.NETFramework\v4.7.2\System.Web.dll" /reference:"C:\Program Files (x86)\Reference Assemblies\Microsoft\Framework\.NETFramework\v4.7.2\System.Xaml.dll" /reference:"C:\Program Files (x86)\Reference Assemblies\Microsoft\Framework\.NETFramework\v4.7.2\System.Xml.dll" /reference:"C:\Program Files (x86)\Reference Assemblies\Microsoft\Framework\.NETFramework\v4.7.2\System.Xml.Linq.dll" /reference:D:\XML\PersonalFinanceManager\packages\Unity.5.11.8\lib\net47\Unity.Abstractions.dll /reference:D:\XML\PersonalFinanceManager\packages\Unity.5.11.8\lib\net47\Unity.Container.dll /reference:"C:\Program Files (x86)\Reference Assemblies\Microsoft\Framework\.NETFramework\v4.7.2\WindowsBase.dll" /reference:"C:\Program Files (x86)\Reference Assemblies\Microsoft\Framework\.NETFramework\v4.7.2\WindowsFormsIntegration.dll" /reference:"C:\Program Files (x86)\Reference Assemblies\Microsoft\Framework\.NETFramework\v4.7.2\Facades\netstandard.dll" /debug+ /debug:full /filealign:512 /optimize- /out:obj\Debug\PersonalFinanceManager.BLL.dll /subsystemversion:6.00 /target:library /utf8output /deterministic+ /langversion:7.3 Class1.cs Interfaces\ICategoryService.cs Interfaces\ITransactionService.cs Interfaces\IAccountService.cs ML\Models\SpendingData.cs ML\SpendingPredictor.cs Properties\AssemblyInfo.cs Services\CategoryService.cs Services\StatisticsService.cs Services\TransactionService.cs Services\UserService.cs Services\AccountService.cs Validators\AccountValidator.cs Validators\CategoryValidator.cs Validators\TransactionValidator.cs "obj\Debug\.NETFramework,Version=v4.7.2.AssemblyAttributes.cs"'
  Attempt to open named pipe 'oh022SD8mDYwcGf3md6EPU9liy5XFLEqabtlPjTChOU'
  Attempt to connect named pipe 'oh022SD8mDYwcGf3md6EPU9liy5XFLEqabtlPjTChOU'
  Named pipe 'oh022SD8mDYwcGf3md6EPU9liy5XFLEqabtlPjTChOU' connected
  Begin writing request for PersonalFinanceManager.BLL
  End writing request for PersonalFinanceManager.BLL
  Begin reading response for PersonalFinanceManager.BLL
  End reading response for PersonalFinanceManager.BLL
  CompilerServer: server - server processed compilation - PersonalFinanceManager.BLL
_CopyFilesMarkedCopyLocal:
  Copying file from "D:\XML\PersonalFinanceManager\packages\BCrypt.Net-Next.4.1.0\lib\net472\BCrypt.Net-Next.dll" to "D:\XML\PersonalFinanceManager\PersonalFinanceManager.BLL\bin\Debug\BCrypt.Net-Next.dll".
  Copying file from "D:\XML\PersonalFinanceManager\packages\Dapper.2.1.66\lib\net461\Dapper.dll" to "D:\XML\PersonalFinanceManager\PersonalFinanceManager.BLL\bin\Debug\Dapper.dll".
  Copying file from "D:\XML\PersonalFinanceManager\packages\EntityFramework.6.4.4\lib\net45\EntityFramework.SqlServer.dll" to "D:\XML\PersonalFinanceManager\PersonalFinanceManager.BLL\bin\Debug\EntityFramework.SqlServer.dll".
  Copying file from "D:\XML\PersonalFinanceManager\packages\BouncyCastle.Cryptography.2.6.2\lib\net461\BouncyCastle.Cryptography.dll" to "D:\XML\PersonalFinanceManager\PersonalFinanceManager.BLL\bin\Debug\BouncyCastle.Cryptography.dll".
  Copying file from "D:\XML\PersonalFinanceManager\packages\EntityFramework.6.4.4\lib\net45\EntityFramework.dll" to "D:\XML\PersonalFinanceManager\PersonalFinanceManager.BLL\bin\Debug\EntityFramework.dll".
  Copying file from "D:\XML\PersonalFinanceManager\packages\EPPlus.8.5.0\lib\net462\EPPlus.dll" to "D:\XML\PersonalFinanceManager\PersonalFinanceManager.BLL\bin\Debug\EPPlus.dll".
  Copying file from "D:\XML\PersonalFinanceManager\packages\EPPlus.Interfaces.8.4.0\lib\net462\EPPlus.Interfaces.dll" to "D:\XML\PersonalFinanceManager\PersonalFinanceManager.BLL\bin\Debug\EPPlus.Interfaces.dll".
  Copying file from "D:\XML\PersonalFinanceManager\packages\Guna.Charts.WinForms.1.0.9\lib\net472\Guna.Charts.WinForms.dll" to "D:\XML\PersonalFinanceManager\PersonalFinanceManager.BLL\bin\Debug\Guna.Charts.WinForms.dll".
  Copying file from "D:\XML\PersonalFinanceManager\packages\Guna.UI2.WinForms.2.0.4.6\lib\net472\Guna.UI2.dll" to "D:\XML\PersonalFinanceManager\PersonalFinanceManager.BLL\bin\Debug\Guna.UI2.dll".
  Copying file from "D:\XML\PersonalFinanceManager\packages\FluentValidation.9.5.4\lib\net461\FluentValidation.dll" to "D:\XML\PersonalFinanceManager\PersonalFinanceManager.BLL\bin\Debug\FluentValidation.dll".
  Copying file from "D:\XML\PersonalFinanceManager\packages\iTextSharp.5.5.13.5\lib\net461\itextsharp.dll" to "D:\XML\PersonalFinanceManager\PersonalFinanceManager.BLL\bin\Debug\itextsharp.dll".
  Copying file from "D:\XML\PersonalFinanceManager\packages\LiveCharts.Wpf.0.9.7\lib\net45\LiveCharts.Wpf.dll" to "D:\XML\PersonalFinanceManager\PersonalFinanceManager.BLL\bin\Debug\LiveCharts.Wpf.dll".
  Copying file from "D:\XML\PersonalFinanceManager\packages\LiveCharts.WinForms.0.9.7.1\lib\net45\LiveCharts.WinForms.dll" to "D:\XML\PersonalFinanceManager\PersonalFinanceManager.BLL\bin\Debug\LiveCharts.WinForms.dll".
  Copying file from "D:\XML\PersonalFinanceManager\packages\Microsoft.Bcl.AsyncInterfaces.9.0.4\lib\net462\Microsoft.Bcl.AsyncInterfaces.dll" to "D:\XML\PersonalFinanceManager\PersonalFinanceManager.BLL\bin\Debug\Microsoft.Bcl.AsyncInterfaces.dll".
  Copying file from "D:\XML\PersonalFinanceManager\packages\LiveCharts.0.9.7\lib\net45\LiveCharts.dll" to "D:\XML\PersonalFinanceManager\PersonalFinanceManager.BLL\bin\Debug\LiveCharts.dll".
  Copying file from "D:\XML\PersonalFinanceManager\packages\Microsoft.IO.RecyclableMemoryStream.3.0.1\lib\netstandard2.0\Microsoft.IO.RecyclableMemoryStream.dll" to "D:\XML\PersonalFinanceManager\PersonalFinanceManager.BLL\bin\Debug\Microsoft.IO.RecyclableMemoryStream.dll".
  Copying file from "D:\XML\PersonalFinanceManager\packages\Microsoft.ML.5.0.0\lib\netstandard2.0\Microsoft.ML.Core.dll" to "D:\XML\PersonalFinanceManager\PersonalFinanceManager.BLL\bin\Debug\Microsoft.ML.Core.dll".
  Copying file from "D:\XML\PersonalFinanceManager\packages\Microsoft.ML.CpuMath.5.0.0\lib\netstandard2.0\Microsoft.ML.CpuMath.dll" to "D:\XML\PersonalFinanceManager\PersonalFinanceManager.BLL\bin\Debug\Microsoft.ML.CpuMath.dll".
  Copying file from "D:\XML\PersonalFinanceManager\packages\Microsoft.Bcl.Numerics.9.0.4\lib\net462\Microsoft.Bcl.Numerics.dll" to "D:\XML\PersonalFinanceManager\PersonalFinanceManager.BLL\bin\Debug\Microsoft.Bcl.Numerics.dll".
  Copying file from "D:\XML\PersonalFinanceManager\packages\Microsoft.ML.DataView.5.0.0\lib\netstandard2.0\Microsoft.ML.DataView.dll" to "D:\XML\PersonalFinanceManager\PersonalFinanceManager.BLL\bin\Debug\Microsoft.ML.DataView.dll".
  Copying file from "D:\XML\PersonalFinanceManager\packages\Microsoft.ML.5.0.0\lib\netstandard2.0\Microsoft.ML.KMeansClustering.dll" to "D:\XML\PersonalFinanceManager\PersonalFinanceManager.BLL\bin\Debug\Microsoft.ML.KMeansClustering.dll".
  Copying file from "D:\XML\PersonalFinanceManager\packages\Microsoft.ML.5.0.0\lib\netstandard2.0\Microsoft.ML.Data.dll" to "D:\XML\PersonalFinanceManager\PersonalFinanceManager.BLL\bin\Debug\Microsoft.ML.Data.dll".
  Copying file from "D:\XML\PersonalFinanceManager\packages\Microsoft.ML.FastTree.5.0.0\lib\netstandard2.0\Microsoft.ML.FastTree.dll" to "D:\XML\PersonalFinanceManager\PersonalFinanceManager.BLL\bin\Debug\Microsoft.ML.FastTree.dll".
  Copying file from "D:\XML\PersonalFinanceManager\packages\Microsoft.ML.5.0.0\lib\netstandard2.0\Microsoft.ML.StandardTrainers.dll" to "D:\XML\PersonalFinanceManager\PersonalFinanceManager.BLL\bin\Debug\Microsoft.ML.StandardTrainers.dll".
  Copying file from "D:\XML\PersonalFinanceManager\packages\Microsoft.ML.5.0.0\lib\netstandard2.0\Microsoft.ML.Transforms.dll" to "D:\XML\PersonalFinanceManager\PersonalFinanceManager.BLL\bin\Debug\Microsoft.ML.Transforms.dll".
  Copying file from "D:\XML\PersonalFinanceManager\packages\Newtonsoft.Json.13.0.3\lib\net45\Newtonsoft.Json.dll" to "D:\XML\PersonalFinanceManager\PersonalFinanceManager.BLL\bin\Debug\Newtonsoft.Json.dll".
  Copying file from "D:\XML\PersonalFinanceManager\packages\Microsoft.ML.5.0.0\lib\netstandard2.0\Microsoft.ML.PCA.dll" to "D:\XML\PersonalFinanceManager\PersonalFinanceManager.BLL\bin\Debug\Microsoft.ML.PCA.dll".
  Copying file from "D:\XML\PersonalFinanceManager\PersonalFinanceManager.Common\bin\Debug\PersonalFinanceManager.Common.dll" to "D:\XML\PersonalFinanceManager\PersonalFinanceManager.BLL\bin\Debug\PersonalFinanceManager.Common.dll".
  Copying file from "D:\XML\PersonalFinanceManager\PersonalFinanceManager.DAL\bin\Debug\PersonalFinanceManager.DAL.dll" to "D:\XML\PersonalFinanceManager\PersonalFinanceManager.BLL\bin\Debug\PersonalFinanceManager.DAL.dll".
  Copying file from "D:\XML\PersonalFinanceManager\PersonalFinanceManager.Models\bin\Debug\PersonalFinanceManager.Models.dll" to "D:\XML\PersonalFinanceManager\PersonalFinanceManager.BLL\bin\Debug\PersonalFinanceManager.Models.dll".
  Copying file from "D:\XML\PersonalFinanceManager\packages\System.CodeDom.9.0.4\lib\net462\System.CodeDom.dll" to "D:\XML\PersonalFinanceManager\PersonalFinanceManager.BLL\bin\Debug\System.CodeDom.dll".
  Copying file from "D:\XML\PersonalFinanceManager\packages\System.Buffers.4.6.1\lib\net462\System.Buffers.dll" to "D:\XML\PersonalFinanceManager\PersonalFinanceManager.BLL\bin\Debug\System.Buffers.dll".
  Copying file from "D:\XML\PersonalFinanceManager\packages\System.Collections.Immutable.9.0.4\lib\net462\System.Collections.Immutable.dll" to "D:\XML\PersonalFinanceManager\PersonalFinanceManager.BLL\bin\Debug\System.Collections.Immutable.dll".
  Copying file from "D:\XML\PersonalFinanceManager\packages\System.ComponentModel.Annotations.5.0.0\lib\net461\System.ComponentModel.Annotations.dll" to "D:\XML\PersonalFinanceManager\PersonalFinanceManager.BLL\bin\Debug\System.ComponentModel.Annotations.dll".
  Copying file from "D:\XML\PersonalFinanceManager\packages\Stub.System.Data.SQLite.Core.NetFramework.1.0.119.0\lib\net46\System.Data.SQLite.dll" to "D:\XML\PersonalFinanceManager\PersonalFinanceManager.BLL\bin\Debug\System.Data.SQLite.dll".
  Copying file from "D:\XML\PersonalFinanceManager\packages\System.Data.SQLite.EF6.1.0.119.0\lib\net46\System.Data.SQLite.EF6.dll" to "D:\XML\PersonalFinanceManager\PersonalFinanceManager.BLL\bin\Debug\System.Data.SQLite.EF6.dll".
  Copying file from "D:\XML\PersonalFinanceManager\packages\System.Data.SQLite.Linq.1.0.119.0\lib\net46\System.Data.SQLite.Linq.dll" to "D:\XML\PersonalFinanceManager\PersonalFinanceManager.BLL\bin\Debug\System.Data.SQLite.Linq.dll".
  Copying file from "D:\XML\PersonalFinanceManager\packages\System.Memory.4.6.3\lib\net462\System.Memory.dll" to "D:\XML\PersonalFinanceManager\PersonalFinanceManager.BLL\bin\Debug\System.Memory.dll".
  Copying file from "D:\XML\PersonalFinanceManager\packages\System.Security.Cryptography.Xml.8.0.2\lib\net462\System.Security.Cryptography.Xml.dll" to "D:\XML\PersonalFinanceManager\PersonalFinanceManager.BLL\bin\Debug\System.Security.Cryptography.Xml.dll".
  Copying file from "D:\XML\PersonalFinanceManager\packages\System.Threading.Channels.9.0.4\lib\net462\System.Threading.Channels.dll" to "D:\XML\PersonalFinanceManager\PersonalFinanceManager.BLL\bin\Debug\System.Threading.Channels.dll".
  Copying file from "D:\XML\PersonalFinanceManager\packages\System.Numerics.Vectors.4.6.1\lib\net462\System.Numerics.Vectors.dll" to "D:\XML\PersonalFinanceManager\PersonalFinanceManager.BLL\bin\Debug\System.Numerics.Vectors.dll".
  Copying file from "D:\XML\PersonalFinanceManager\packages\System.Threading.Tasks.Extensions.4.5.4\lib\net461\System.Threading.Tasks.Extensions.dll" to "D:\XML\PersonalFinanceManager\PersonalFinanceManager.BLL\bin\Debug\System.Threading.Tasks.Extensions.dll".
  Copying file from "D:\XML\PersonalFinanceManager\packages\Unity.5.11.8\lib\net47\Unity.Abstractions.dll" to "D:\XML\PersonalFinanceManager\PersonalFinanceManager.BLL\bin\Debug\Unity.Abstractions.dll".
  Copying file from "D:\XML\PersonalFinanceManager\packages\System.Numerics.Tensors.9.0.4\lib\net462\System.Numerics.Tensors.dll" to "D:\XML\PersonalFinanceManager\PersonalFinanceManager.BLL\bin\Debug\System.Numerics.Tensors.dll".
  Copying file from "D:\XML\PersonalFinanceManager\packages\System.Runtime.CompilerServices.Unsafe.6.1.2\lib\net462\System.Runtime.CompilerServices.Unsafe.dll" to "D:\XML\PersonalFinanceManager\PersonalFinanceManager.BLL\bin\Debug\System.Runtime.CompilerServices.Unsafe.dll".
  Copying file from "D:\XML\PersonalFinanceManager\packages\Unity.5.11.8\lib\net47\Unity.Container.dll" to "D:\XML\PersonalFinanceManager\PersonalFinanceManager.BLL\bin\Debug\Unity.Container.dll".
  Copying file from "D:\XML\PersonalFinanceManager\PersonalFinanceManager.Common\bin\Debug\PersonalFinanceManager.Common.dll.config" to "D:\XML\PersonalFinanceManager\PersonalFinanceManager.BLL\bin\Debug\PersonalFinanceManager.Common.dll.config".
  Copying file from "D:\XML\PersonalFinanceManager\PersonalFinanceManager.DAL\bin\Debug\PersonalFinanceManager.DAL.dll.config" to "D:\XML\PersonalFinanceManager\PersonalFinanceManager.BLL\bin\Debug\PersonalFinanceManager.DAL.dll.config".
  Copying file from "D:\XML\PersonalFinanceManager\PersonalFinanceManager.Models\bin\Debug\PersonalFinanceManager.Models.pdb" to "D:\XML\PersonalFinanceManager\PersonalFinanceManager.BLL\bin\Debug\PersonalFinanceManager.Models.pdb".
  Copying file from "D:\XML\PersonalFinanceManager\PersonalFinanceManager.Models\bin\Debug\PersonalFinanceManager.Models.dll.config" to "D:\XML\PersonalFinanceManager\PersonalFinanceManager.BLL\bin\Debug\PersonalFinanceManager.Models.dll.config".
  Copying file from "D:\XML\PersonalFinanceManager\PersonalFinanceManager.Common\bin\Debug\PersonalFinanceManager.Common.pdb" to "D:\XML\PersonalFinanceManager\PersonalFinanceManager.BLL\bin\Debug\PersonalFinanceManager.Common.pdb".
  Copying file from "D:\XML\PersonalFinanceManager\packages\BCrypt.Net-Next.4.1.0\lib\net472\BCrypt.Net-Next.xml" to "D:\XML\PersonalFinanceManager\PersonalFinanceManager.BLL\bin\Debug\BCrypt.Net-Next.xml".
  Copying file from "D:\XML\PersonalFinanceManager\packages\BouncyCastle.Cryptography.2.6.2\lib\net461\BouncyCastle.Cryptography.xml" to "D:\XML\PersonalFinanceManager\PersonalFinanceManager.BLL\bin\Debug\BouncyCastle.Cryptography.xml".
  Copying file from "D:\XML\PersonalFinanceManager\packages\Dapper.2.1.66\lib\net461\Dapper.xml" to "D:\XML\PersonalFinanceManager\PersonalFinanceManager.BLL\bin\Debug\Dapper.xml".
  Copying file from "D:\XML\PersonalFinanceManager\packages\EntityFramework.6.4.4\lib\net45\EntityFramework.xml" to "D:\XML\PersonalFinanceManager\PersonalFinanceManager.BLL\bin\Debug\EntityFramework.xml".
  Copying file from "D:\XML\PersonalFinanceManager\PersonalFinanceManager.DAL\bin\Debug\PersonalFinanceManager.DAL.pdb" to "D:\XML\PersonalFinanceManager\PersonalFinanceManager.BLL\bin\Debug\PersonalFinanceManager.DAL.pdb".
  Copying file from "D:\XML\PersonalFinanceManager\packages\EntityFramework.6.4.4\lib\net45\EntityFramework.SqlServer.xml" to "D:\XML\PersonalFinanceManager\PersonalFinanceManager.BLL\bin\Debug\EntityFramework.SqlServer.xml".
  Copying file from "D:\XML\PersonalFinanceManager\packages\EPPlus.8.5.0\lib\net462\EPPlus.xml" to "D:\XML\PersonalFinanceManager\PersonalFinanceManager.BLL\bin\Debug\EPPlus.xml".
  Copying file from "D:\XML\PersonalFinanceManager\packages\FluentValidation.9.5.4\lib\net461\FluentValidation.xml" to "D:\XML\PersonalFinanceManager\PersonalFinanceManager.BLL\bin\Debug\FluentValidation.xml".
  Copying file from "D:\XML\PersonalFinanceManager\packages\Microsoft.Bcl.AsyncInterfaces.9.0.4\lib\net462\Microsoft.Bcl.AsyncInterfaces.xml" to "D:\XML\PersonalFinanceManager\PersonalFinanceManager.BLL\bin\Debug\Microsoft.Bcl.AsyncInterfaces.xml".
  Copying file from "D:\XML\PersonalFinanceManager\packages\Microsoft.Bcl.Numerics.9.0.4\lib\net462\Microsoft.Bcl.Numerics.xml" to "D:\XML\PersonalFinanceManager\PersonalFinanceManager.BLL\bin\Debug\Microsoft.Bcl.Numerics.xml".
  Copying file from "D:\XML\PersonalFinanceManager\packages\Microsoft.ML.5.0.0\lib\netstandard2.0\Microsoft.ML.Core.xml" to "D:\XML\PersonalFinanceManager\PersonalFinanceManager.BLL\bin\Debug\Microsoft.ML.Core.xml".
  Copying file from "D:\XML\PersonalFinanceManager\packages\Microsoft.ML.CpuMath.5.0.0\lib\netstandard2.0\Microsoft.ML.CpuMath.xml" to "D:\XML\PersonalFinanceManager\PersonalFinanceManager.BLL\bin\Debug\Microsoft.ML.CpuMath.xml".
  Copying file from "D:\XML\PersonalFinanceManager\packages\Microsoft.ML.DataView.5.0.0\lib\netstandard2.0\Microsoft.ML.DataView.xml" to "D:\XML\PersonalFinanceManager\PersonalFinanceManager.BLL\bin\Debug\Microsoft.ML.DataView.xml".
  Copying file from "D:\XML\PersonalFinanceManager\packages\Microsoft.ML.FastTree.5.0.0\lib\netstandard2.0\Microsoft.ML.FastTree.xml" to "D:\XML\PersonalFinanceManager\PersonalFinanceManager.BLL\bin\Debug\Microsoft.ML.FastTree.xml".
  Copying file from "D:\XML\PersonalFinanceManager\packages\Microsoft.ML.5.0.0\lib\netstandard2.0\Microsoft.ML.Data.xml" to "D:\XML\PersonalFinanceManager\PersonalFinanceManager.BLL\bin\Debug\Microsoft.ML.Data.xml".
  Copying file from "D:\XML\PersonalFinanceManager\packages\Microsoft.ML.5.0.0\lib\netstandard2.0\Microsoft.ML.PCA.xml" to "D:\XML\PersonalFinanceManager\PersonalFinanceManager.BLL\bin\Debug\Microsoft.ML.PCA.xml".
  Copying file from "D:\XML\PersonalFinanceManager\packages\Microsoft.ML.5.0.0\lib\netstandard2.0\Microsoft.ML.Transforms.xml" to "D:\XML\PersonalFinanceManager\PersonalFinanceManager.BLL\bin\Debug\Microsoft.ML.Transforms.xml".
  Copying file from "D:\XML\PersonalFinanceManager\packages\Microsoft.ML.5.0.0\lib\netstandard2.0\Microsoft.ML.KMeansClustering.xml" to "D:\XML\PersonalFinanceManager\PersonalFinanceManager.BLL\bin\Debug\Microsoft.ML.KMeansClustering.xml".
  Copying file from "D:\XML\PersonalFinanceManager\packages\Newtonsoft.Json.13.0.3\lib\net45\Newtonsoft.Json.xml" to "D:\XML\PersonalFinanceManager\PersonalFinanceManager.BLL\bin\Debug\Newtonsoft.Json.xml".
  Copying file from "D:\XML\PersonalFinanceManager\packages\Guna.Charts.WinForms.1.0.9\lib\net472\Guna.Charts.WinForms.xml" to "D:\XML\PersonalFinanceManager\PersonalFinanceManager.BLL\bin\Debug\Guna.Charts.WinForms.xml".
  Copying file from "D:\XML\PersonalFinanceManager\packages\LiveCharts.0.9.7\lib\net45\LiveCharts.pdb" to "D:\XML\PersonalFinanceManager\PersonalFinanceManager.BLL\bin\Debug\LiveCharts.pdb".
  Copying file from "D:\XML\PersonalFinanceManager\packages\iTextSharp.5.5.13.5\lib\net461\itextsharp.xml" to "D:\XML\PersonalFinanceManager\PersonalFinanceManager.BLL\bin\Debug\itextsharp.xml".
  Copying file from "D:\XML\PersonalFinanceManager\packages\LiveCharts.WinForms.0.9.7.1\lib\net45\LiveCharts.WinForms.xml" to "D:\XML\PersonalFinanceManager\PersonalFinanceManager.BLL\bin\Debug\LiveCharts.WinForms.xml".
  Copying file from "D:\XML\PersonalFinanceManager\packages\Microsoft.ML.5.0.0\lib\netstandard2.0\Microsoft.ML.StandardTrainers.xml" to "D:\XML\PersonalFinanceManager\PersonalFinanceManager.BLL\bin\Debug\Microsoft.ML.StandardTrainers.xml".
  Copying file from "D:\XML\PersonalFinanceManager\packages\LiveCharts.Wpf.0.9.7\lib\net45\LiveCharts.Wpf.pdb" to "D:\XML\PersonalFinanceManager\PersonalFinanceManager.BLL\bin\Debug\LiveCharts.Wpf.pdb".
  Copying file from "D:\XML\PersonalFinanceManager\packages\LiveCharts.Wpf.0.9.7\lib\net45\LiveCharts.Wpf.xml" to "D:\XML\PersonalFinanceManager\PersonalFinanceManager.BLL\bin\Debug\LiveCharts.Wpf.xml".
  Copying file from "D:\XML\PersonalFinanceManager\packages\Microsoft.IO.RecyclableMemoryStream.3.0.1\lib\netstandard2.0\Microsoft.IO.RecyclableMemoryStream.xml" to "D:\XML\PersonalFinanceManager\PersonalFinanceManager.BLL\bin\Debug\Microsoft.IO.RecyclableMemoryStream.xml".
  Copying file from "D:\XML\PersonalFinanceManager\packages\System.Buffers.4.6.1\lib\net462\System.Buffers.xml" to "D:\XML\PersonalFinanceManager\PersonalFinanceManager.BLL\bin\Debug\System.Buffers.xml".
  Copying file from "D:\XML\PersonalFinanceManager\packages\LiveCharts.WinForms.0.9.7.1\lib\net45\LiveCharts.WinForms.pdb" to "D:\XML\PersonalFinanceManager\PersonalFinanceManager.BLL\bin\Debug\LiveCharts.WinForms.pdb".
  Copying file from "D:\XML\PersonalFinanceManager\packages\System.CodeDom.9.0.4\lib\net462\System.CodeDom.xml" to "D:\XML\PersonalFinanceManager\PersonalFinanceManager.BLL\bin\Debug\System.CodeDom.xml".
  Copying file from "D:\XML\PersonalFinanceManager\packages\LiveCharts.0.9.7\lib\net45\LiveCharts.xml" to "D:\XML\PersonalFinanceManager\PersonalFinanceManager.BLL\bin\Debug\LiveCharts.xml".
  Copying file from "D:\XML\PersonalFinanceManager\packages\System.Numerics.Tensors.9.0.4\lib\net462\System.Numerics.Tensors.xml" to "D:\XML\PersonalFinanceManager\PersonalFinanceManager.BLL\bin\Debug\System.Numerics.Tensors.xml".
  Copying file from "D:\XML\PersonalFinanceManager\packages\System.Memory.4.6.3\lib\net462\System.Memory.xml" to "D:\XML\PersonalFinanceManager\PersonalFinanceManager.BLL\bin\Debug\System.Memory.xml".
  Copying file from "D:\XML\PersonalFinanceManager\packages\System.Numerics.Vectors.4.6.1\lib\net462\System.Numerics.Vectors.xml" to "D:\XML\PersonalFinanceManager\PersonalFinanceManager.BLL\bin\Debug\System.Numerics.Vectors.xml".
  Copying file from "D:\XML\PersonalFinanceManager\packages\System.Runtime.CompilerServices.Unsafe.6.1.2\lib\net462\System.Runtime.CompilerServices.Unsafe.xml" to "D:\XML\PersonalFinanceManager\PersonalFinanceManager.BLL\bin\Debug\System.Runtime.CompilerServices.Unsafe.xml".
  Copying file from "D:\XML\PersonalFinanceManager\packages\System.Collections.Immutable.9.0.4\lib\net462\System.Collections.Immutable.xml" to "D:\XML\PersonalFinanceManager\PersonalFinanceManager.BLL\bin\Debug\System.Collections.Immutable.xml".
  Copying file from "D:\XML\PersonalFinanceManager\packages\Stub.System.Data.SQLite.Core.NetFramework.1.0.119.0\lib\net46\System.Data.SQLite.xml" to "D:\XML\PersonalFinanceManager\PersonalFinanceManager.BLL\bin\Debug\System.Data.SQLite.xml".
  Copying file from "D:\XML\PersonalFinanceManager\packages\System.Threading.Tasks.Extensions.4.5.4\lib\net461\System.Threading.Tasks.Extensions.xml" to "D:\XML\PersonalFinanceManager\PersonalFinanceManager.BLL\bin\Debug\System.Threading.Tasks.Extensions.xml".
  Copying file from "D:\XML\PersonalFinanceManager\packages\System.Threading.Channels.9.0.4\lib\net462\System.Threading.Channels.xml" to "D:\XML\PersonalFinanceManager\PersonalFinanceManager.BLL\bin\Debug\System.Threading.Channels.xml".
  Copying file from "D:\XML\PersonalFinanceManager\packages\Unity.5.11.8\lib\net47\Unity.Abstractions.pdb" to "D:\XML\PersonalFinanceManager\PersonalFinanceManager.BLL\bin\Debug\Unity.Abstractions.pdb".
  Copying file from "D:\XML\PersonalFinanceManager\packages\System.Security.Cryptography.Xml.8.0.2\lib\net462\System.Security.Cryptography.Xml.xml" to "D:\XML\PersonalFinanceManager\PersonalFinanceManager.BLL\bin\Debug\System.Security.Cryptography.Xml.xml".
  Copying file from "D:\XML\PersonalFinanceManager\packages\Unity.5.11.8\lib\net47\Unity.Container.pdb" to "D:\XML\PersonalFinanceManager\PersonalFinanceManager.BLL\bin\Debug\Unity.Container.pdb".
  Creating "D:\XML\PersonalFinanceManager\PersonalFinanceManager.BLL\obj\Debug\Personal.56A434E5.Up2Date" because "AlwaysCreate" was specified.
  Touching "D:\XML\PersonalFinanceManager\PersonalFinanceManager.BLL\obj\Debug\Personal.56A434E5.Up2Date".
_CopyAppConfigFile:
  Copying file from "D:\XML\PersonalFinanceManager\PersonalFinanceManager.BLL\app.config" to "D:\XML\PersonalFinanceManager\PersonalFinanceManager.BLL\bin\Debug\PersonalFinanceManager.BLL.dll.config".
CopyFilesToOutputDirectory:
  Copying file from "D:\XML\PersonalFinanceManager\PersonalFinanceManager.BLL\obj\Debug\PersonalFinanceManager.BLL.dll" to "D:\XML\PersonalFinanceManager\PersonalFinanceManager.BLL\bin\Debug\PersonalFinanceManager.BLL.dll".
  PersonalFinanceManager.BLL -> D:\XML\PersonalFinanceManager\PersonalFinanceManager.BLL\bin\Debug\PersonalFinanceManager.BLL.dll
  Copying file from "D:\XML\PersonalFinanceManager\PersonalFinanceManager.BLL\obj\Debug\PersonalFinanceManager.BLL.pdb" to "D:\XML\PersonalFinanceManager\PersonalFinanceManager.BLL\bin\Debug\PersonalFinanceManager.BLL.pdb".
CopySQLiteInteropFiles:
  Copying file from "D:\XML\PersonalFinanceManager\packages\Stub.System.Data.SQLite.Core.NetFramework.1.0.119.0\build\net46\x86\SQLite.Interop.dll" to "D:\XML\PersonalFinanceManager\PersonalFinanceManager.BLL\bin\Debug\x86\SQLite.Interop.dll".
  Copying file from "D:\XML\PersonalFinanceManager\packages\Stub.System.Data.SQLite.Core.NetFramework.1.0.119.0\build\net46\x64\SQLite.Interop.dll" to "D:\XML\PersonalFinanceManager\PersonalFinanceManager.BLL\bin\Debug\x64\SQLite.Interop.dll".
Done Building Project "D:\XML\PersonalFinanceManager\PersonalFinanceManager.BLL\PersonalFinanceManager.BLL.csproj" (Rebuild target(s)).
Project "D:\XML\PersonalFinanceManager\PersonalFinanceManager.slnx" (1) is building "D:\XML\PersonalFinanceManager\PersonalFinanceManager.Infrastructure\PersonalFinanceManager.Infrastructure.csproj" (6) on node 1 (Rebuild target(s)).
CoreClean:
  Deleting file "D:\XML\PersonalFinanceManager\PersonalFinanceManager.Infrastructure\bin\Debug\PersonalFinanceManager.Infrastructure.dll.config".
  Deleting file "D:\XML\PersonalFinanceManager\PersonalFinanceManager.Infrastructure\bin\Debug\PersonalFinanceManager.Infrastructure.dll".
  Deleting file "D:\XML\PersonalFinanceManager\PersonalFinanceManager.Infrastructure\bin\Debug\PersonalFinanceManager.Infrastructure.pdb".
  Deleting file "D:\XML\PersonalFinanceManager\PersonalFinanceManager.Infrastructure\bin\Debug\PersonalFinanceManager.BLL.dll".
  Deleting file "D:\XML\PersonalFinanceManager\PersonalFinanceManager.Infrastructure\bin\Debug\PersonalFinanceManager.Common.dll".
  Deleting file "D:\XML\PersonalFinanceManager\PersonalFinanceManager.Infrastructure\bin\Debug\PersonalFinanceManager.DAL.dll".
  Deleting file "D:\XML\PersonalFinanceManager\PersonalFinanceManager.Infrastructure\bin\Debug\System.Runtime.CompilerServices.Unsafe.dll".
  Deleting file "D:\XML\PersonalFinanceManager\PersonalFinanceManager.Infrastructure\bin\Debug\PersonalFinanceManager.Models.dll".
  Deleting file "D:\XML\PersonalFinanceManager\PersonalFinanceManager.Infrastructure\bin\Debug\System.Data.SQLite.dll".
  Deleting file "D:\XML\PersonalFinanceManager\PersonalFinanceManager.Infrastructure\bin\Debug\FluentValidation.dll".
  Deleting file "D:\XML\PersonalFinanceManager\PersonalFinanceManager.Infrastructure\bin\Debug\Microsoft.ML.Data.dll".
  Deleting file "D:\XML\PersonalFinanceManager\PersonalFinanceManager.Infrastructure\bin\Debug\Microsoft.ML.Core.dll".
  Deleting file "D:\XML\PersonalFinanceManager\PersonalFinanceManager.Infrastructure\bin\Debug\Microsoft.ML.DataView.dll".
  Deleting file "D:\XML\PersonalFinanceManager\PersonalFinanceManager.Infrastructure\bin\Debug\Microsoft.ML.FastTree.dll".
  Deleting file "D:\XML\PersonalFinanceManager\PersonalFinanceManager.Infrastructure\bin\Debug\Dapper.dll".
  Deleting file "D:\XML\PersonalFinanceManager\PersonalFinanceManager.Infrastructure\bin\Debug\System.Threading.Tasks.Extensions.dll".
  Deleting file "D:\XML\PersonalFinanceManager\PersonalFinanceManager.Infrastructure\bin\Debug\System.Memory.dll".
  Deleting file "D:\XML\PersonalFinanceManager\PersonalFinanceManager.Infrastructure\bin\Debug\Newtonsoft.Json.dll".
  Deleting file "D:\XML\PersonalFinanceManager\PersonalFinanceManager.Infrastructure\bin\Debug\System.Collections.Immutable.dll".
  Deleting file "D:\XML\PersonalFinanceManager\PersonalFinanceManager.Infrastructure\bin\Debug\System.Threading.Channels.dll".
  Deleting file "D:\XML\PersonalFinanceManager\PersonalFinanceManager.Infrastructure\bin\Debug\Microsoft.ML.CpuMath.dll".
  Deleting file "D:\XML\PersonalFinanceManager\PersonalFinanceManager.Infrastructure\bin\Debug\System.Buffers.dll".
  Deleting file "D:\XML\PersonalFinanceManager\PersonalFinanceManager.Infrastructure\bin\Debug\Microsoft.Bcl.AsyncInterfaces.dll".
  Deleting file "D:\XML\PersonalFinanceManager\PersonalFinanceManager.Infrastructure\bin\Debug\System.Numerics.Vectors.dll".
  Deleting file "D:\XML\PersonalFinanceManager\PersonalFinanceManager.Infrastructure\bin\Debug\System.Numerics.Tensors.dll".
  Deleting file "D:\XML\PersonalFinanceManager\PersonalFinanceManager.Infrastructure\bin\Debug\Microsoft.Bcl.Numerics.dll".
  Deleting file "D:\XML\PersonalFinanceManager\PersonalFinanceManager.Infrastructure\bin\Debug\PersonalFinanceManager.Common.pdb".
  Deleting file "D:\XML\PersonalFinanceManager\PersonalFinanceManager.Infrastructure\bin\Debug\PersonalFinanceManager.BLL.pdb".
  Deleting file "D:\XML\PersonalFinanceManager\PersonalFinanceManager.Infrastructure\bin\Debug\PersonalFinanceManager.BLL.dll.config".
  Deleting file "D:\XML\PersonalFinanceManager\PersonalFinanceManager.Infrastructure\bin\Debug\PersonalFinanceManager.DAL.pdb".
  Deleting file "D:\XML\PersonalFinanceManager\PersonalFinanceManager.Infrastructure\bin\Debug\PersonalFinanceManager.DAL.dll.config".
  Deleting file "D:\XML\PersonalFinanceManager\PersonalFinanceManager.Infrastructure\bin\Debug\System.Runtime.CompilerServices.Unsafe.xml".
  Deleting file "D:\XML\PersonalFinanceManager\PersonalFinanceManager.Infrastructure\bin\Debug\PersonalFinanceManager.Models.pdb".
  Deleting file "D:\XML\PersonalFinanceManager\PersonalFinanceManager.Infrastructure\bin\Debug\FluentValidation.xml".
  Deleting file "D:\XML\PersonalFinanceManager\PersonalFinanceManager.Infrastructure\bin\Debug\Microsoft.ML.Data.xml".
  Deleting file "D:\XML\PersonalFinanceManager\PersonalFinanceManager.Infrastructure\bin\Debug\Microsoft.ML.Core.xml".
  Deleting file "D:\XML\PersonalFinanceManager\PersonalFinanceManager.Infrastructure\bin\Debug\Microsoft.ML.DataView.xml".
  Deleting file "D:\XML\PersonalFinanceManager\PersonalFinanceManager.Infrastructure\bin\Debug\Microsoft.ML.FastTree.xml".
  Deleting file "D:\XML\PersonalFinanceManager\PersonalFinanceManager.Infrastructure\bin\Debug\Dapper.xml".
  Deleting file "D:\XML\PersonalFinanceManager\PersonalFinanceManager.Infrastructure\bin\Debug\System.Threading.Tasks.Extensions.xml".
  Deleting file "D:\XML\PersonalFinanceManager\PersonalFinanceManager.Infrastructure\bin\Debug\System.Memory.xml".
  Deleting file "D:\XML\PersonalFinanceManager\PersonalFinanceManager.Infrastructure\bin\Debug\Newtonsoft.Json.xml".
  Deleting file "D:\XML\PersonalFinanceManager\PersonalFinanceManager.Infrastructure\bin\Debug\System.Collections.Immutable.xml".
  Deleting file "D:\XML\PersonalFinanceManager\PersonalFinanceManager.Infrastructure\bin\Debug\System.Threading.Channels.xml".
  Deleting file "D:\XML\PersonalFinanceManager\PersonalFinanceManager.Infrastructure\bin\Debug\Microsoft.ML.CpuMath.xml".
  Deleting file "D:\XML\PersonalFinanceManager\PersonalFinanceManager.Infrastructure\bin\Debug\System.Buffers.xml".
  Deleting file "D:\XML\PersonalFinanceManager\PersonalFinanceManager.Infrastructure\bin\Debug\Microsoft.Bcl.AsyncInterfaces.xml".
  Deleting file "D:\XML\PersonalFinanceManager\PersonalFinanceManager.Infrastructure\bin\Debug\System.Numerics.Vectors.xml".
  Deleting file "D:\XML\PersonalFinanceManager\PersonalFinanceManager.Infrastructure\bin\Debug\System.Numerics.Tensors.xml".
  Deleting file "D:\XML\PersonalFinanceManager\PersonalFinanceManager.Infrastructure\bin\Debug\Microsoft.Bcl.Numerics.xml".
  Deleting file "D:\XML\PersonalFinanceManager\PersonalFinanceManager.Infrastructure\bin\Debug\System.Data.SQLite.xml".
  Deleting file "D:\XML\PersonalFinanceManager\PersonalFinanceManager.Infrastructure\bin\Debug\BCrypt.Net-Next.dll".
  Deleting file "D:\XML\PersonalFinanceManager\PersonalFinanceManager.Infrastructure\bin\Debug\BouncyCastle.Cryptography.dll".
  Deleting file "D:\XML\PersonalFinanceManager\PersonalFinanceManager.Infrastructure\bin\Debug\EntityFramework.dll".
  Deleting file "D:\XML\PersonalFinanceManager\PersonalFinanceManager.Infrastructure\bin\Debug\EntityFramework.SqlServer.dll".
  Deleting file "D:\XML\PersonalFinanceManager\PersonalFinanceManager.Infrastructure\bin\Debug\EPPlus.dll".
  Deleting file "D:\XML\PersonalFinanceManager\PersonalFinanceManager.Infrastructure\bin\Debug\EPPlus.Interfaces.dll".
  Deleting file "D:\XML\PersonalFinanceManager\PersonalFinanceManager.Infrastructure\bin\Debug\Guna.Charts.WinForms.dll".
  Deleting file "D:\XML\PersonalFinanceManager\PersonalFinanceManager.Infrastructure\bin\Debug\Guna.UI2.dll".
  Deleting file "D:\XML\PersonalFinanceManager\PersonalFinanceManager.Infrastructure\bin\Debug\itextsharp.dll".
  Deleting file "D:\XML\PersonalFinanceManager\PersonalFinanceManager.Infrastructure\bin\Debug\LiveCharts.dll".
  Deleting file "D:\XML\PersonalFinanceManager\PersonalFinanceManager.Infrastructure\bin\Debug\LiveCharts.WinForms.dll".
  Deleting file "D:\XML\PersonalFinanceManager\PersonalFinanceManager.Infrastructure\bin\Debug\LiveCharts.Wpf.dll".
  Deleting file "D:\XML\PersonalFinanceManager\PersonalFinanceManager.Infrastructure\bin\Debug\Microsoft.IO.RecyclableMemoryStream.dll".
  Deleting file "D:\XML\PersonalFinanceManager\PersonalFinanceManager.Infrastructure\bin\Debug\System.ComponentModel.Annotations.dll".
  Deleting file "D:\XML\PersonalFinanceManager\PersonalFinanceManager.Infrastructure\bin\Debug\System.Data.SQLite.EF6.dll".
  Deleting file "D:\XML\PersonalFinanceManager\PersonalFinanceManager.Infrastructure\bin\Debug\System.Data.SQLite.Linq.dll".
  Deleting file "D:\XML\PersonalFinanceManager\PersonalFinanceManager.Infrastructure\bin\Debug\System.Security.Cryptography.Xml.dll".
  Deleting file "D:\XML\PersonalFinanceManager\PersonalFinanceManager.Infrastructure\bin\Debug\PersonalFinanceManager.Common.dll.config".
  Deleting file "D:\XML\PersonalFinanceManager\PersonalFinanceManager.Infrastructure\bin\Debug\BCrypt.Net-Next.xml".
  Deleting file "D:\XML\PersonalFinanceManager\PersonalFinanceManager.Infrastructure\bin\Debug\BouncyCastle.Cryptography.xml".
  Deleting file "D:\XML\PersonalFinanceManager\PersonalFinanceManager.Infrastructure\bin\Debug\EntityFramework.xml".
  Deleting file "D:\XML\PersonalFinanceManager\PersonalFinanceManager.Infrastructure\bin\Debug\EntityFramework.SqlServer.xml".
  Deleting file "D:\XML\PersonalFinanceManager\PersonalFinanceManager.Infrastructure\bin\Debug\EPPlus.xml".
  Deleting file "D:\XML\PersonalFinanceManager\PersonalFinanceManager.Infrastructure\bin\Debug\Guna.Charts.WinForms.xml".
  Deleting file "D:\XML\PersonalFinanceManager\PersonalFinanceManager.Infrastructure\bin\Debug\itextsharp.xml".
  Deleting file "D:\XML\PersonalFinanceManager\PersonalFinanceManager.Infrastructure\bin\Debug\LiveCharts.pdb".
  Deleting file "D:\XML\PersonalFinanceManager\PersonalFinanceManager.Infrastructure\bin\Debug\LiveCharts.xml".
  Deleting file "D:\XML\PersonalFinanceManager\PersonalFinanceManager.Infrastructure\bin\Debug\LiveCharts.WinForms.pdb".
  Deleting file "D:\XML\PersonalFinanceManager\PersonalFinanceManager.Infrastructure\bin\Debug\LiveCharts.WinForms.xml".
  Deleting file "D:\XML\PersonalFinanceManager\PersonalFinanceManager.Infrastructure\bin\Debug\LiveCharts.Wpf.pdb".
  Deleting file "D:\XML\PersonalFinanceManager\PersonalFinanceManager.Infrastructure\bin\Debug\LiveCharts.Wpf.xml".
  Deleting file "D:\XML\PersonalFinanceManager\PersonalFinanceManager.Infrastructure\bin\Debug\Microsoft.IO.RecyclableMemoryStream.xml".
  Deleting file "D:\XML\PersonalFinanceManager\PersonalFinanceManager.Infrastructure\bin\Debug\System.Security.Cryptography.Xml.xml".
  Deleting file "D:\XML\PersonalFinanceManager\PersonalFinanceManager.Infrastructure\bin\Debug\PersonalFinanceManager.Models.dll.config".
  Deleting file "D:\XML\PersonalFinanceManager\PersonalFinanceManager.Infrastructure\obj\Debug\PersonalFinanceManager.Infrastructure.csproj.AssemblyReference.cache".
  Deleting file "D:\XML\PersonalFinanceManager\PersonalFinanceManager.Infrastructure\obj\Debug\PersonalFinanceManager.Infrastructure.csproj.CoreCompileInputs.cache".
  Deleting file "D:\XML\PersonalFinanceManager\PersonalFinanceManager.Infrastructure\obj\Debug\Personal.D48A23FD.Up2Date".
  Deleting file "D:\XML\PersonalFinanceManager\PersonalFinanceManager.Infrastructure\obj\Debug\PersonalFinanceManager.Infrastructure.dll".
  Deleting file "D:\XML\PersonalFinanceManager\PersonalFinanceManager.Infrastructure\obj\Debug\PersonalFinanceManager.Infrastructure.pdb".
CleanSQLiteInteropFiles:
  Deleting file "bin\Debug\x64\SQLite.Interop.dll".
  Deleting file "bin\Debug\x86\SQLite.Interop.dll".
C:\Program Files\Microsoft Visual Studio\18\Insiders\MSBuild\Current\Bin\Microsoft.Common.CurrentVersion.targets(2451,5): warning MSB3277: Found conflicts between different versions of "System.Data.SQLite" that could not be resolved. [D:\XML\PersonalFinanceManager\PersonalFinanceManager.Infrastructure\PersonalFinanceManager.Infrastructure.csproj]
C:\Program Files\Microsoft Visual Studio\18\Insiders\MSBuild\Current\Bin\Microsoft.Common.CurrentVersion.targets(2451,5): warning MSB3277: There was a conflict between "System.Data.SQLite, Version=1.0.119.0, Culture=neutral, PublicKeyToken=db937bc2d44ff139" and "System.Data.SQLite, Version=2.0.2.0, Culture=neutral, PublicKeyToken=db937bc2d44ff139". [D:\XML\PersonalFinanceManager\PersonalFinanceManager.Infrastructure\PersonalFinanceManager.Infrastructure.csproj]
C:\Program Files\Microsoft Visual Studio\18\Insiders\MSBuild\Current\Bin\Microsoft.Common.CurrentVersion.targets(2451,5): warning MSB3277:     "System.Data.SQLite, Version=1.0.119.0, Culture=neutral, PublicKeyToken=db937bc2d44ff139" was chosen because it was primary and "System.Data.SQLite, Version=2.0.2.0, Culture=neutral, PublicKeyToken=db937bc2d44ff139" was not. [D:\XML\PersonalFinanceManager\PersonalFinanceManager.Infrastructure\PersonalFinanceManager.Infrastructure.csproj]
C:\Program Files\Microsoft Visual Studio\18\Insiders\MSBuild\Current\Bin\Microsoft.Common.CurrentVersion.targets(2451,5): warning MSB3277:     References which depend on "System.Data.SQLite, Version=1.0.119.0, Culture=neutral, PublicKeyToken=db937bc2d44ff139" [D:\XML\PersonalFinanceManager\packages\Stub.System.Data.SQLite.Core.NetFramework.1.0.119.0\lib\net46\System.Data.SQLite.dll]. [D:\XML\PersonalFinanceManager\PersonalFinanceManager.Infrastructure\PersonalFinanceManager.Infrastructure.csproj]
C:\Program Files\Microsoft Visual Studio\18\Insiders\MSBuild\Current\Bin\Microsoft.Common.CurrentVersion.targets(2451,5): warning MSB3277:         D:\XML\PersonalFinanceManager\packages\Stub.System.Data.SQLite.Core.NetFramework.1.0.119.0\lib\net46\System.Data.SQLite.dll [D:\XML\PersonalFinanceManager\PersonalFinanceManager.Infrastructure\PersonalFinanceManager.Infrastructure.csproj]
C:\Program Files\Microsoft Visual Studio\18\Insiders\MSBuild\Current\Bin\Microsoft.Common.CurrentVersion.targets(2451,5): warning MSB3277:           Project file item includes which caused reference "D:\XML\PersonalFinanceManager\packages\Stub.System.Data.SQLite.Core.NetFramework.1.0.119.0\lib\net46\System.Data.SQLite.dll". [D:\XML\PersonalFinanceManager\PersonalFinanceManager.Infrastructure\PersonalFinanceManager.Infrastructure.csproj]
C:\Program Files\Microsoft Visual Studio\18\Insiders\MSBuild\Current\Bin\Microsoft.Common.CurrentVersion.targets(2451,5): warning MSB3277:             System.Data.SQLite, Version=1.0.119.0, Culture=neutral, PublicKeyToken=db937bc2d44ff139, processorArchitecture=MSIL [D:\XML\PersonalFinanceManager\PersonalFinanceManager.Infrastructure\PersonalFinanceManager.Infrastructure.csproj]
C:\Program Files\Microsoft Visual Studio\18\Insiders\MSBuild\Current\Bin\Microsoft.Common.CurrentVersion.targets(2451,5): warning MSB3277:     References which depend on or have been unified to "System.Data.SQLite, Version=2.0.2.0, Culture=neutral, PublicKeyToken=db937bc2d44ff139" []. [D:\XML\PersonalFinanceManager\PersonalFinanceManager.Infrastructure\PersonalFinanceManager.Infrastructure.csproj]
C:\Program Files\Microsoft Visual Studio\18\Insiders\MSBuild\Current\Bin\Microsoft.Common.CurrentVersion.targets(2451,5): warning MSB3277:         D:\XML\PersonalFinanceManager\PersonalFinanceManager.Common\bin\Debug\PersonalFinanceManager.Common.dll [D:\XML\PersonalFinanceManager\PersonalFinanceManager.Infrastructure\PersonalFinanceManager.Infrastructure.csproj]
C:\Program Files\Microsoft Visual Studio\18\Insiders\MSBuild\Current\Bin\Microsoft.Common.CurrentVersion.targets(2451,5): warning MSB3277:           Project file item includes which caused reference "D:\XML\PersonalFinanceManager\PersonalFinanceManager.Common\bin\Debug\PersonalFinanceManager.Common.dll". [D:\XML\PersonalFinanceManager\PersonalFinanceManager.Infrastructure\PersonalFinanceManager.Infrastructure.csproj]
C:\Program Files\Microsoft Visual Studio\18\Insiders\MSBuild\Current\Bin\Microsoft.Common.CurrentVersion.targets(2451,5): warning MSB3277:             D:\XML\PersonalFinanceManager\PersonalFinanceManager.Common\bin\Debug\PersonalFinanceManager.Common.dll [D:\XML\PersonalFinanceManager\PersonalFinanceManager.Infrastructure\PersonalFinanceManager.Infrastructure.csproj]
C:\Program Files\Microsoft Visual Studio\18\Insiders\MSBuild\Current\Bin\Microsoft.Common.CurrentVersion.targets(2451,5): warning MSB3277:             D:\XML\PersonalFinanceManager\PersonalFinanceManager.BLL\bin\Debug\PersonalFinanceManager.BLL.dll [D:\XML\PersonalFinanceManager\PersonalFinanceManager.Infrastructure\PersonalFinanceManager.Infrastructure.csproj]
C:\Program Files\Microsoft Visual Studio\18\Insiders\MSBuild\Current\Bin\Microsoft.Common.CurrentVersion.targets(2451,5): warning MSB3277:             D:\XML\PersonalFinanceManager\PersonalFinanceManager.DAL\bin\Debug\PersonalFinanceManager.DAL.dll [D:\XML\PersonalFinanceManager\PersonalFinanceManager.Infrastructure\PersonalFinanceManager.Infrastructure.csproj]
C:\Program Files\Microsoft Visual Studio\18\Insiders\MSBuild\Current\Bin\Microsoft.Common.CurrentVersion.targets(2451,5): warning MSB3277:         D:\XML\PersonalFinanceManager\packages\System.Data.SQLite.EF6.1.0.119.0\lib\net46\System.Data.SQLite.EF6.dll [D:\XML\PersonalFinanceManager\PersonalFinanceManager.Infrastructure\PersonalFinanceManager.Infrastructure.csproj]
C:\Program Files\Microsoft Visual Studio\18\Insiders\MSBuild\Current\Bin\Microsoft.Common.CurrentVersion.targets(2451,5): warning MSB3277:           Project file item includes which caused reference "D:\XML\PersonalFinanceManager\packages\System.Data.SQLite.EF6.1.0.119.0\lib\net46\System.Data.SQLite.EF6.dll". [D:\XML\PersonalFinanceManager\PersonalFinanceManager.Infrastructure\PersonalFinanceManager.Infrastructure.csproj]
C:\Program Files\Microsoft Visual Studio\18\Insiders\MSBuild\Current\Bin\Microsoft.Common.CurrentVersion.targets(2451,5): warning MSB3277:             System.Data.SQLite.EF6, Version=1.0.119.0, Culture=neutral, PublicKeyToken=db937bc2d44ff139, processorArchitecture=MSIL [D:\XML\PersonalFinanceManager\PersonalFinanceManager.Infrastructure\PersonalFinanceManager.Infrastructure.csproj]
C:\Program Files\Microsoft Visual Studio\18\Insiders\MSBuild\Current\Bin\Microsoft.Common.CurrentVersion.targets(2451,5): warning MSB3277:         D:\XML\PersonalFinanceManager\packages\System.Data.SQLite.Linq.1.0.119.0\lib\net46\System.Data.SQLite.Linq.dll [D:\XML\PersonalFinanceManager\PersonalFinanceManager.Infrastructure\PersonalFinanceManager.Infrastructure.csproj]
C:\Program Files\Microsoft Visual Studio\18\Insiders\MSBuild\Current\Bin\Microsoft.Common.CurrentVersion.targets(2451,5): warning MSB3277:           Project file item includes which caused reference "D:\XML\PersonalFinanceManager\packages\System.Data.SQLite.Linq.1.0.119.0\lib\net46\System.Data.SQLite.Linq.dll". [D:\XML\PersonalFinanceManager\PersonalFinanceManager.Infrastructure\PersonalFinanceManager.Infrastructure.csproj]
C:\Program Files\Microsoft Visual Studio\18\Insiders\MSBuild\Current\Bin\Microsoft.Common.CurrentVersion.targets(2451,5): warning MSB3277:             System.Data.SQLite.Linq, Version=1.0.119.0, Culture=neutral, PublicKeyToken=db937bc2d44ff139, processorArchitecture=MSIL [D:\XML\PersonalFinanceManager\PersonalFinanceManager.Infrastructure\PersonalFinanceManager.Infrastructure.csproj]
C:\Program Files\Microsoft Visual Studio\18\Insiders\MSBuild\Current\Bin\Microsoft.Common.CurrentVersion.targets(2451,5): warning MSB3277: Found conflicts between different versions of "System.Memory" that could not be resolved. [D:\XML\PersonalFinanceManager\PersonalFinanceManager.Infrastructure\PersonalFinanceManager.Infrastructure.csproj]
C:\Program Files\Microsoft Visual Studio\18\Insiders\MSBuild\Current\Bin\Microsoft.Common.CurrentVersion.targets(2451,5): warning MSB3277: There was a conflict between "System.Memory, Version=4.0.1.2, Culture=neutral, PublicKeyToken=cc7b13ffcd2ddd51" and "System.Memory, Version=4.0.5.0, Culture=neutral, PublicKeyToken=cc7b13ffcd2ddd51". [D:\XML\PersonalFinanceManager\PersonalFinanceManager.Infrastructure\PersonalFinanceManager.Infrastructure.csproj]
C:\Program Files\Microsoft Visual Studio\18\Insiders\MSBuild\Current\Bin\Microsoft.Common.CurrentVersion.targets(2451,5): warning MSB3277:     "System.Memory, Version=4.0.1.2, Culture=neutral, PublicKeyToken=cc7b13ffcd2ddd51" was chosen because it was primary and "System.Memory, Version=4.0.5.0, Culture=neutral, PublicKeyToken=cc7b13ffcd2ddd51" was not. [D:\XML\PersonalFinanceManager\PersonalFinanceManager.Infrastructure\PersonalFinanceManager.Infrastructure.csproj]
C:\Program Files\Microsoft Visual Studio\18\Insiders\MSBuild\Current\Bin\Microsoft.Common.CurrentVersion.targets(2451,5): warning MSB3277:     References which depend on "System.Memory, Version=4.0.1.2, Culture=neutral, PublicKeyToken=cc7b13ffcd2ddd51" [D:\XML\PersonalFinanceManager\packages\System.Memory.4.5.5\lib\net461\System.Memory.dll]. [D:\XML\PersonalFinanceManager\PersonalFinanceManager.Infrastructure\PersonalFinanceManager.Infrastructure.csproj]
C:\Program Files\Microsoft Visual Studio\18\Insiders\MSBuild\Current\Bin\Microsoft.Common.CurrentVersion.targets(2451,5): warning MSB3277:         D:\XML\PersonalFinanceManager\packages\System.Memory.4.5.5\lib\net461\System.Memory.dll [D:\XML\PersonalFinanceManager\PersonalFinanceManager.Infrastructure\PersonalFinanceManager.Infrastructure.csproj]
C:\Program Files\Microsoft Visual Studio\18\Insiders\MSBuild\Current\Bin\Microsoft.Common.CurrentVersion.targets(2451,5): warning MSB3277:           Project file item includes which caused reference "D:\XML\PersonalFinanceManager\packages\System.Memory.4.5.5\lib\net461\System.Memory.dll". [D:\XML\PersonalFinanceManager\PersonalFinanceManager.Infrastructure\PersonalFinanceManager.Infrastructure.csproj]
C:\Program Files\Microsoft Visual Studio\18\Insiders\MSBuild\Current\Bin\Microsoft.Common.CurrentVersion.targets(2451,5): warning MSB3277:             System.Memory, Version=4.0.1.2, Culture=neutral, PublicKeyToken=cc7b13ffcd2ddd51, processorArchitecture=MSIL [D:\XML\PersonalFinanceManager\PersonalFinanceManager.Infrastructure\PersonalFinanceManager.Infrastructure.csproj]
C:\Program Files\Microsoft Visual Studio\18\Insiders\MSBuild\Current\Bin\Microsoft.Common.CurrentVersion.targets(2451,5): warning MSB3277:     References which depend on or have been unified to "System.Memory, Version=4.0.5.0, Culture=neutral, PublicKeyToken=cc7b13ffcd2ddd51" [C:\Program Files\Microsoft Visual Studio\18\Insiders\Common7\IDE\PublicAssemblies\System.Memory.dll]. [D:\XML\PersonalFinanceManager\PersonalFinanceManager.Infrastructure\PersonalFinanceManager.Infrastructure.csproj]
C:\Program Files\Microsoft Visual Studio\18\Insiders\MSBuild\Current\Bin\Microsoft.Common.CurrentVersion.targets(2451,5): warning MSB3277:         D:\XML\PersonalFinanceManager\packages\BCrypt.Net-Next.4.0.3\lib\net472\BCrypt.Net-Next.dll [D:\XML\PersonalFinanceManager\PersonalFinanceManager.Infrastructure\PersonalFinanceManager.Infrastructure.csproj]
C:\Program Files\Microsoft Visual Studio\18\Insiders\MSBuild\Current\Bin\Microsoft.Common.CurrentVersion.targets(2451,5): warning MSB3277:           Project file item includes which caused reference "D:\XML\PersonalFinanceManager\packages\BCrypt.Net-Next.4.0.3\lib\net472\BCrypt.Net-Next.dll". [D:\XML\PersonalFinanceManager\PersonalFinanceManager.Infrastructure\PersonalFinanceManager.Infrastructure.csproj]
C:\Program Files\Microsoft Visual Studio\18\Insiders\MSBuild\Current\Bin\Microsoft.Common.CurrentVersion.targets(2451,5): warning MSB3277:             BCrypt.Net-Next, Version=4.0.3.0, Culture=neutral, PublicKeyToken=1e11be04b6288443, processorArchitecture=MSIL [D:\XML\PersonalFinanceManager\PersonalFinanceManager.Infrastructure\PersonalFinanceManager.Infrastructure.csproj]
C:\Program Files\Microsoft Visual Studio\18\Insiders\MSBuild\Current\Bin\Microsoft.Common.CurrentVersion.targets(2451,5): warning MSB3277:         D:\XML\PersonalFinanceManager\packages\Microsoft.IO.RecyclableMemoryStream.3.0.1\lib\netstandard2.0\Microsoft.IO.RecyclableMemoryStream.dll [D:\XML\PersonalFinanceManager\PersonalFinanceManager.Infrastructure\PersonalFinanceManager.Infrastructure.csproj]
C:\Program Files\Microsoft Visual Studio\18\Insiders\MSBuild\Current\Bin\Microsoft.Common.CurrentVersion.targets(2451,5): warning MSB3277:           Project file item includes which caused reference "D:\XML\PersonalFinanceManager\packages\Microsoft.IO.RecyclableMemoryStream.3.0.1\lib\netstandard2.0\Microsoft.IO.RecyclableMemoryStream.dll". [D:\XML\PersonalFinanceManager\PersonalFinanceManager.Infrastructure\PersonalFinanceManager.Infrastructure.csproj]
C:\Program Files\Microsoft Visual Studio\18\Insiders\MSBuild\Current\Bin\Microsoft.Common.CurrentVersion.targets(2451,5): warning MSB3277:             Microsoft.IO.RecyclableMemoryStream, Version=3.0.1.0, Culture=neutral, PublicKeyToken=31bf3856ad364e35, processorArchitecture=MSIL [D:\XML\PersonalFinanceManager\PersonalFinanceManager.Infrastructure\PersonalFinanceManager.Infrastructure.csproj]
C:\Program Files\Microsoft Visual Studio\18\Insiders\MSBuild\Current\Bin\Microsoft.Common.CurrentVersion.targets(2451,5): warning MSB3277:             EPPlus, Version=8.5.0.0, Culture=neutral, PublicKeyToken=ea159fdaa78159a1, processorArchitecture=MSIL [D:\XML\PersonalFinanceManager\PersonalFinanceManager.Infrastructure\PersonalFinanceManager.Infrastructure.csproj]
C:\Program Files\Microsoft Visual Studio\18\Insiders\MSBuild\Current\Bin\Microsoft.Common.CurrentVersion.targets(2451,5): warning MSB3277:         D:\XML\PersonalFinanceManager\PersonalFinanceManager.BLL\bin\Debug\Microsoft.ML.Data.dll [D:\XML\PersonalFinanceManager\PersonalFinanceManager.Infrastructure\PersonalFinanceManager.Infrastructure.csproj]
C:\Program Files\Microsoft Visual Studio\18\Insiders\MSBuild\Current\Bin\Microsoft.Common.CurrentVersion.targets(2451,5): warning MSB3277:           Project file item includes which caused reference "D:\XML\PersonalFinanceManager\PersonalFinanceManager.BLL\bin\Debug\Microsoft.ML.Data.dll". [D:\XML\PersonalFinanceManager\PersonalFinanceManager.Infrastructure\PersonalFinanceManager.Infrastructure.csproj]
C:\Program Files\Microsoft Visual Studio\18\Insiders\MSBuild\Current\Bin\Microsoft.Common.CurrentVersion.targets(2451,5): warning MSB3277:             D:\XML\PersonalFinanceManager\PersonalFinanceManager.BLL\bin\Debug\PersonalFinanceManager.BLL.dll [D:\XML\PersonalFinanceManager\PersonalFinanceManager.Infrastructure\PersonalFinanceManager.Infrastructure.csproj]
C:\Program Files\Microsoft Visual Studio\18\Insiders\MSBuild\Current\Bin\Microsoft.Common.CurrentVersion.targets(2451,5): warning MSB3277:         D:\XML\PersonalFinanceManager\PersonalFinanceManager.BLL\bin\Debug\Microsoft.ML.Core.dll [D:\XML\PersonalFinanceManager\PersonalFinanceManager.Infrastructure\PersonalFinanceManager.Infrastructure.csproj]
C:\Program Files\Microsoft Visual Studio\18\Insiders\MSBuild\Current\Bin\Microsoft.Common.CurrentVersion.targets(2451,5): warning MSB3277:           Project file item includes which caused reference "D:\XML\PersonalFinanceManager\PersonalFinanceManager.BLL\bin\Debug\Microsoft.ML.Core.dll". [D:\XML\PersonalFinanceManager\PersonalFinanceManager.Infrastructure\PersonalFinanceManager.Infrastructure.csproj]
C:\Program Files\Microsoft Visual Studio\18\Insiders\MSBuild\Current\Bin\Microsoft.Common.CurrentVersion.targets(2451,5): warning MSB3277:             D:\XML\PersonalFinanceManager\PersonalFinanceManager.BLL\bin\Debug\PersonalFinanceManager.BLL.dll [D:\XML\PersonalFinanceManager\PersonalFinanceManager.Infrastructure\PersonalFinanceManager.Infrastructure.csproj]
C:\Program Files\Microsoft Visual Studio\18\Insiders\MSBuild\Current\Bin\Microsoft.Common.CurrentVersion.targets(2451,5): warning MSB3277:         D:\XML\PersonalFinanceManager\PersonalFinanceManager.BLL\bin\Debug\Microsoft.ML.DataView.dll [D:\XML\PersonalFinanceManager\PersonalFinanceManager.Infrastructure\PersonalFinanceManager.Infrastructure.csproj]
C:\Program Files\Microsoft Visual Studio\18\Insiders\MSBuild\Current\Bin\Microsoft.Common.CurrentVersion.targets(2451,5): warning MSB3277:           Project file item includes which caused reference "D:\XML\PersonalFinanceManager\PersonalFinanceManager.BLL\bin\Debug\Microsoft.ML.DataView.dll". [D:\XML\PersonalFinanceManager\PersonalFinanceManager.Infrastructure\PersonalFinanceManager.Infrastructure.csproj]
C:\Program Files\Microsoft Visual Studio\18\Insiders\MSBuild\Current\Bin\Microsoft.Common.CurrentVersion.targets(2451,5): warning MSB3277:             D:\XML\PersonalFinanceManager\PersonalFinanceManager.BLL\bin\Debug\PersonalFinanceManager.BLL.dll [D:\XML\PersonalFinanceManager\PersonalFinanceManager.Infrastructure\PersonalFinanceManager.Infrastructure.csproj]
C:\Program Files\Microsoft Visual Studio\18\Insiders\MSBuild\Current\Bin\Microsoft.Common.CurrentVersion.targets(2451,5): warning MSB3277:         D:\XML\PersonalFinanceManager\PersonalFinanceManager.BLL\bin\Debug\Microsoft.ML.FastTree.dll [D:\XML\PersonalFinanceManager\PersonalFinanceManager.Infrastructure\PersonalFinanceManager.Infrastructure.csproj]
C:\Program Files\Microsoft Visual Studio\18\Insiders\MSBuild\Current\Bin\Microsoft.Common.CurrentVersion.targets(2451,5): warning MSB3277:           Project file item includes which caused reference "D:\XML\PersonalFinanceManager\PersonalFinanceManager.BLL\bin\Debug\Microsoft.ML.FastTree.dll". [D:\XML\PersonalFinanceManager\PersonalFinanceManager.Infrastructure\PersonalFinanceManager.Infrastructure.csproj]
C:\Program Files\Microsoft Visual Studio\18\Insiders\MSBuild\Current\Bin\Microsoft.Common.CurrentVersion.targets(2451,5): warning MSB3277:             D:\XML\PersonalFinanceManager\PersonalFinanceManager.BLL\bin\Debug\PersonalFinanceManager.BLL.dll [D:\XML\PersonalFinanceManager\PersonalFinanceManager.Infrastructure\PersonalFinanceManager.Infrastructure.csproj]
C:\Program Files\Microsoft Visual Studio\18\Insiders\MSBuild\Current\Bin\Microsoft.Common.CurrentVersion.targets(2451,5): warning MSB3277:         D:\XML\PersonalFinanceManager\PersonalFinanceManager.BLL\bin\Debug\System.Collections.Immutable.dll [D:\XML\PersonalFinanceManager\PersonalFinanceManager.Infrastructure\PersonalFinanceManager.Infrastructure.csproj]
C:\Program Files\Microsoft Visual Studio\18\Insiders\MSBuild\Current\Bin\Microsoft.Common.CurrentVersion.targets(2451,5): warning MSB3277:           Project file item includes which caused reference "D:\XML\PersonalFinanceManager\PersonalFinanceManager.BLL\bin\Debug\System.Collections.Immutable.dll". [D:\XML\PersonalFinanceManager\PersonalFinanceManager.Infrastructure\PersonalFinanceManager.Infrastructure.csproj]
C:\Program Files\Microsoft Visual Studio\18\Insiders\MSBuild\Current\Bin\Microsoft.Common.CurrentVersion.targets(2451,5): warning MSB3277:             D:\XML\PersonalFinanceManager\PersonalFinanceManager.BLL\bin\Debug\PersonalFinanceManager.BLL.dll [D:\XML\PersonalFinanceManager\PersonalFinanceManager.Infrastructure\PersonalFinanceManager.Infrastructure.csproj]
C:\Program Files\Microsoft Visual Studio\18\Insiders\MSBuild\Current\Bin\Microsoft.Common.CurrentVersion.targets(2451,5): warning MSB3277:         D:\XML\PersonalFinanceManager\PersonalFinanceManager.BLL\bin\Debug\Microsoft.ML.CpuMath.dll [D:\XML\PersonalFinanceManager\PersonalFinanceManager.Infrastructure\PersonalFinanceManager.Infrastructure.csproj]
C:\Program Files\Microsoft Visual Studio\18\Insiders\MSBuild\Current\Bin\Microsoft.Common.CurrentVersion.targets(2451,5): warning MSB3277:           Project file item includes which caused reference "D:\XML\PersonalFinanceManager\PersonalFinanceManager.BLL\bin\Debug\Microsoft.ML.CpuMath.dll". [D:\XML\PersonalFinanceManager\PersonalFinanceManager.Infrastructure\PersonalFinanceManager.Infrastructure.csproj]
C:\Program Files\Microsoft Visual Studio\18\Insiders\MSBuild\Current\Bin\Microsoft.Common.CurrentVersion.targets(2451,5): warning MSB3277:             D:\XML\PersonalFinanceManager\PersonalFinanceManager.BLL\bin\Debug\PersonalFinanceManager.BLL.dll [D:\XML\PersonalFinanceManager\PersonalFinanceManager.Infrastructure\PersonalFinanceManager.Infrastructure.csproj]
C:\Program Files\Microsoft Visual Studio\18\Insiders\MSBuild\Current\Bin\Microsoft.Common.CurrentVersion.targets(2451,5): warning MSB3277:         D:\XML\PersonalFinanceManager\PersonalFinanceManager.BLL\bin\Debug\System.Numerics.Tensors.dll [D:\XML\PersonalFinanceManager\PersonalFinanceManager.Infrastructure\PersonalFinanceManager.Infrastructure.csproj]
C:\Program Files\Microsoft Visual Studio\18\Insiders\MSBuild\Current\Bin\Microsoft.Common.CurrentVersion.targets(2451,5): warning MSB3277:           Project file item includes which caused reference "D:\XML\PersonalFinanceManager\PersonalFinanceManager.BLL\bin\Debug\System.Numerics.Tensors.dll". [D:\XML\PersonalFinanceManager\PersonalFinanceManager.Infrastructure\PersonalFinanceManager.Infrastructure.csproj]
C:\Program Files\Microsoft Visual Studio\18\Insiders\MSBuild\Current\Bin\Microsoft.Common.CurrentVersion.targets(2451,5): warning MSB3277:             D:\XML\PersonalFinanceManager\PersonalFinanceManager.BLL\bin\Debug\PersonalFinanceManager.BLL.dll [D:\XML\PersonalFinanceManager\PersonalFinanceManager.Infrastructure\PersonalFinanceManager.Infrastructure.csproj]
C:\Program Files\Microsoft Visual Studio\18\Insiders\MSBuild\Current\Bin\Microsoft.Common.CurrentVersion.targets(2451,5): warning MSB3277: Found conflicts between different versions of "Microsoft.Bcl.AsyncInterfaces" that could not be resolved. [D:\XML\PersonalFinanceManager\PersonalFinanceManager.Infrastructure\PersonalFinanceManager.Infrastructure.csproj]
C:\Program Files\Microsoft Visual Studio\18\Insiders\MSBuild\Current\Bin\Microsoft.Common.CurrentVersion.targets(2451,5): warning MSB3277: There was a conflict between "Microsoft.Bcl.AsyncInterfaces, Version=9.0.0.1, Culture=neutral, PublicKeyToken=cc7b13ffcd2ddd51" and "Microsoft.Bcl.AsyncInterfaces, Version=9.0.0.4, Culture=neutral, PublicKeyToken=cc7b13ffcd2ddd51". [D:\XML\PersonalFinanceManager\PersonalFinanceManager.Infrastructure\PersonalFinanceManager.Infrastructure.csproj]
C:\Program Files\Microsoft Visual Studio\18\Insiders\MSBuild\Current\Bin\Microsoft.Common.CurrentVersion.targets(2451,5): warning MSB3277:     "Microsoft.Bcl.AsyncInterfaces, Version=9.0.0.1, Culture=neutral, PublicKeyToken=cc7b13ffcd2ddd51" was chosen because it was primary and "Microsoft.Bcl.AsyncInterfaces, Version=9.0.0.4, Culture=neutral, PublicKeyToken=cc7b13ffcd2ddd51" was not. [D:\XML\PersonalFinanceManager\PersonalFinanceManager.Infrastructure\PersonalFinanceManager.Infrastructure.csproj]
C:\Program Files\Microsoft Visual Studio\18\Insiders\MSBuild\Current\Bin\Microsoft.Common.CurrentVersion.targets(2451,5): warning MSB3277:     References which depend on "Microsoft.Bcl.AsyncInterfaces, Version=9.0.0.1, Culture=neutral, PublicKeyToken=cc7b13ffcd2ddd51" [D:\XML\PersonalFinanceManager\packages\Microsoft.Bcl.AsyncInterfaces.9.0.1\lib\net462\Microsoft.Bcl.AsyncInterfaces.dll]. [D:\XML\PersonalFinanceManager\PersonalFinanceManager.Infrastructure\PersonalFinanceManager.Infrastructure.csproj]
C:\Program Files\Microsoft Visual Studio\18\Insiders\MSBuild\Current\Bin\Microsoft.Common.CurrentVersion.targets(2451,5): warning MSB3277:         D:\XML\PersonalFinanceManager\packages\Microsoft.Bcl.AsyncInterfaces.9.0.1\lib\net462\Microsoft.Bcl.AsyncInterfaces.dll [D:\XML\PersonalFinanceManager\PersonalFinanceManager.Infrastructure\PersonalFinanceManager.Infrastructure.csproj]
C:\Program Files\Microsoft Visual Studio\18\Insiders\MSBuild\Current\Bin\Microsoft.Common.CurrentVersion.targets(2451,5): warning MSB3277:           Project file item includes which caused reference "D:\XML\PersonalFinanceManager\packages\Microsoft.Bcl.AsyncInterfaces.9.0.1\lib\net462\Microsoft.Bcl.AsyncInterfaces.dll". [D:\XML\PersonalFinanceManager\PersonalFinanceManager.Infrastructure\PersonalFinanceManager.Infrastructure.csproj]
C:\Program Files\Microsoft Visual Studio\18\Insiders\MSBuild\Current\Bin\Microsoft.Common.CurrentVersion.targets(2451,5): warning MSB3277:             Microsoft.Bcl.AsyncInterfaces, Version=9.0.0.1, Culture=neutral, PublicKeyToken=cc7b13ffcd2ddd51, processorArchitecture=MSIL [D:\XML\PersonalFinanceManager\PersonalFinanceManager.Infrastructure\PersonalFinanceManager.Infrastructure.csproj]
C:\Program Files\Microsoft Visual Studio\18\Insiders\MSBuild\Current\Bin\Microsoft.Common.CurrentVersion.targets(2451,5): warning MSB3277:     References which depend on or have been unified to "Microsoft.Bcl.AsyncInterfaces, Version=9.0.0.4, Culture=neutral, PublicKeyToken=cc7b13ffcd2ddd51" [D:\XML\PersonalFinanceManager\PersonalFinanceManager.BLL\bin\Debug\Microsoft.Bcl.AsyncInterfaces.dll]. [D:\XML\PersonalFinanceManager\PersonalFinanceManager.Infrastructure\PersonalFinanceManager.Infrastructure.csproj]
C:\Program Files\Microsoft Visual Studio\18\Insiders\MSBuild\Current\Bin\Microsoft.Common.CurrentVersion.targets(2451,5): warning MSB3277:         D:\XML\PersonalFinanceManager\packages\Dapper.2.1.66\lib\net461\Dapper.dll [D:\XML\PersonalFinanceManager\PersonalFinanceManager.Infrastructure\PersonalFinanceManager.Infrastructure.csproj]
C:\Program Files\Microsoft Visual Studio\18\Insiders\MSBuild\Current\Bin\Microsoft.Common.CurrentVersion.targets(2451,5): warning MSB3277:           Project file item includes which caused reference "D:\XML\PersonalFinanceManager\packages\Dapper.2.1.66\lib\net461\Dapper.dll". [D:\XML\PersonalFinanceManager\PersonalFinanceManager.Infrastructure\PersonalFinanceManager.Infrastructure.csproj]
C:\Program Files\Microsoft Visual Studio\18\Insiders\MSBuild\Current\Bin\Microsoft.Common.CurrentVersion.targets(2451,5): warning MSB3277:             Dapper, Version=2.0.0.0, Culture=neutral, processorArchitecture=MSIL [D:\XML\PersonalFinanceManager\PersonalFinanceManager.Infrastructure\PersonalFinanceManager.Infrastructure.csproj]
C:\Program Files\Microsoft Visual Studio\18\Insiders\MSBuild\Current\Bin\Microsoft.Common.CurrentVersion.targets(2451,5): warning MSB3277:             D:\XML\PersonalFinanceManager\PersonalFinanceManager.DAL\bin\Debug\PersonalFinanceManager.DAL.dll [D:\XML\PersonalFinanceManager\PersonalFinanceManager.Infrastructure\PersonalFinanceManager.Infrastructure.csproj]
C:\Program Files\Microsoft Visual Studio\18\Insiders\MSBuild\Current\Bin\Microsoft.Common.CurrentVersion.targets(2451,5): warning MSB3277:         D:\XML\PersonalFinanceManager\PersonalFinanceManager.BLL\bin\Debug\System.Threading.Channels.dll [D:\XML\PersonalFinanceManager\PersonalFinanceManager.Infrastructure\PersonalFinanceManager.Infrastructure.csproj]
C:\Program Files\Microsoft Visual Studio\18\Insiders\MSBuild\Current\Bin\Microsoft.Common.CurrentVersion.targets(2451,5): warning MSB3277:           Project file item includes which caused reference "D:\XML\PersonalFinanceManager\PersonalFinanceManager.BLL\bin\Debug\System.Threading.Channels.dll". [D:\XML\PersonalFinanceManager\PersonalFinanceManager.Infrastructure\PersonalFinanceManager.Infrastructure.csproj]
C:\Program Files\Microsoft Visual Studio\18\Insiders\MSBuild\Current\Bin\Microsoft.Common.CurrentVersion.targets(2451,5): warning MSB3277:             D:\XML\PersonalFinanceManager\PersonalFinanceManager.BLL\bin\Debug\PersonalFinanceManager.BLL.dll [D:\XML\PersonalFinanceManager\PersonalFinanceManager.Infrastructure\PersonalFinanceManager.Infrastructure.csproj]
GenerateTargetFrameworkMonikerAttribute:
Skipping target "GenerateTargetFrameworkMonikerAttribute" because all output files are up-to-date with respect to the input files.
CoreCompile:
  C:\Program Files\Microsoft Visual Studio\18\Insiders\MSBuild\Current\Bin\Roslyn\csc.exe /noconfig /nowarn:1701,1702 /fullpaths /nostdlib+ /errorreport:prompt /warn:4 /define:DEBUG;TRACE /highentropyva+ /reference:D:\XML\PersonalFinanceManager\packages\BCrypt.Net-Next.4.0.3\lib\net472\BCrypt.Net-Next.dll /reference:D:\XML\PersonalFinanceManager\packages\BouncyCastle.Cryptography.2.6.2\lib\net461\BouncyCastle.Cryptography.dll /reference:D:\XML\PersonalFinanceManager\packages\Dapper.2.1.66\lib\net461\Dapper.dll /reference:D:\XML\PersonalFinanceManager\packages\EntityFramework.6.4.4\lib\net45\EntityFramework.dll /reference:D:\XML\PersonalFinanceManager\packages\EntityFramework.6.4.4\lib\net45\EntityFramework.SqlServer.dll /reference:D:\XML\PersonalFinanceManager\packages\EPPlus.8.5.0\lib\net462\EPPlus.dll /reference:D:\XML\PersonalFinanceManager\packages\EPPlus.Interfaces.8.4.0\lib\net462\EPPlus.Interfaces.dll /reference:D:\XML\PersonalFinanceManager\packages\Guna.Charts.WinForms.1.0.9\lib\net472\Guna.Charts.WinForms.dll /reference:D:\XML\PersonalFinanceManager\packages\Guna.UI2.WinForms.2.0.4.6\lib\net472\Guna.UI2.dll /reference:D:\XML\PersonalFinanceManager\packages\iTextSharp.5.5.13.5\lib\net461\itextsharp.dll /reference:D:\XML\PersonalFinanceManager\packages\LiveCharts.0.9.7\lib\net45\LiveCharts.dll /reference:D:\XML\PersonalFinanceManager\packages\LiveCharts.WinForms.0.9.7.1\lib\net45\LiveCharts.WinForms.dll /reference:D:\XML\PersonalFinanceManager\packages\LiveCharts.Wpf.0.9.7\lib\net45\LiveCharts.Wpf.dll /reference:D:\XML\PersonalFinanceManager\packages\Microsoft.Bcl.AsyncInterfaces.9.0.1\lib\net462\Microsoft.Bcl.AsyncInterfaces.dll /reference:"C:\Program Files (x86)\Reference Assemblies\Microsoft\Framework\.NETFramework\v4.7.2\Microsoft.CSharp.dll" /reference:D:\XML\PersonalFinanceManager\packages\Microsoft.IO.RecyclableMemoryStream.3.0.1\lib\netstandard2.0\Microsoft.IO.RecyclableMemoryStream.dll /reference:"C:\Program Files (x86)\Reference Assemblies\Microsoft\Framework\.NETFramework\v4.7.2\mscorlib.dll" /reference:D:\XML\PersonalFinanceManager\PersonalFinanceManager.BLL\bin\Debug\PersonalFinanceManager.BLL.dll /reference:D:\XML\PersonalFinanceManager\PersonalFinanceManager.Common\bin\Debug\PersonalFinanceManager.Common.dll /reference:D:\XML\PersonalFinanceManager\PersonalFinanceManager.DAL\bin\Debug\PersonalFinanceManager.DAL.dll /reference:"C:\Program Files (x86)\Reference Assemblies\Microsoft\Framework\.NETFramework\v4.7.2\PresentationCore.dll" /reference:"C:\Program Files (x86)\Reference Assemblies\Microsoft\Framework\.NETFramework\v4.7.2\PresentationFramework.dll" /reference:D:\XML\PersonalFinanceManager\packages\System.Buffers.4.6.1\lib\net462\System.Buffers.dll /reference:D:\XML\PersonalFinanceManager\packages\System.ComponentModel.Annotations.5.0.0\lib\net461\System.ComponentModel.Annotations.dll /reference:"C:\Program Files (x86)\Reference Assemblies\Microsoft\Framework\.NETFramework\v4.7.2\System.ComponentModel.DataAnnotations.dll" /reference:"C:\Program Files (x86)\Reference Assemblies\Microsoft\Framework\.NETFramework\v4.7.2\System.Configuration.dll" /reference:"C:\Program Files (x86)\Reference Assemblies\Microsoft\Framework\.NETFramework\v4.7.2\System.Core.dll" /reference:"C:\Program Files (x86)\Reference Assemblies\Microsoft\Framework\.NETFramework\v4.7.2\System.Data.DataSetExtensions.dll" /reference:"C:\Program Files (x86)\Reference Assemblies\Microsoft\Framework\.NETFramework\v4.7.2\System.Data.dll" /reference:D:\XML\PersonalFinanceManager\packages\Stub.System.Data.SQLite.Core.NetFramework.1.0.119.0\lib\net46\System.Data.SQLite.dll /reference:D:\XML\PersonalFinanceManager\packages\System.Data.SQLite.EF6.1.0.119.0\lib\net46\System.Data.SQLite.EF6.dll /reference:D:\XML\PersonalFinanceManager\packages\System.Data.SQLite.Linq.1.0.119.0\lib\net46\System.Data.SQLite.Linq.dll /reference:"C:\Program Files (x86)\Reference Assemblies\Microsoft\Framework\.NETFramework\v4.7.2\System.Design.dll" /reference:"C:\Program Files (x86)\Reference Assemblies\Microsoft\Framework\.NETFramework\v4.7.2\System.dll" /reference:"C:\Program Files (x86)\Reference Assemblies\Microsoft\Framework\.NETFramework\v4.7.2\System.Management.dll" /reference:D:\XML\PersonalFinanceManager\packages\System.Memory.4.5.5\lib\net461\System.Memory.dll /reference:"C:\Program Files (x86)\Reference Assemblies\Microsoft\Framework\.NETFramework\v4.7.2\System.Net.Http.dll" /reference:"C:\Program Files (x86)\Reference Assemblies\Microsoft\Framework\.NETFramework\v4.7.2\System.Numerics.dll" /reference:D:\XML\PersonalFinanceManager\packages\System.Numerics.Vectors.4.6.1\lib\net462\System.Numerics.Vectors.dll /reference:D:\XML\PersonalFinanceManager\packages\System.Runtime.CompilerServices.Unsafe.6.1.2\lib\net462\System.Runtime.CompilerServices.Unsafe.dll /reference:D:\XML\PersonalFinanceManager\packages\System.Security.Cryptography.Xml.8.0.2\lib\net462\System.Security.Cryptography.Xml.dll /reference:"C:\Program Files (x86)\Reference Assemblies\Microsoft\Framework\.NETFramework\v4.7.2\System.Security.dll" /reference:D:\XML\PersonalFinanceManager\packages\System.Threading.Tasks.Extensions.4.6.3\lib\net462\System.Threading.Tasks.Extensions.dll /reference:"C:\Program Files (x86)\Reference Assemblies\Microsoft\Framework\.NETFramework\v4.7.2\System.Transactions.dll" /reference:"C:\Program Files (x86)\Reference Assemblies\Microsoft\Framework\.NETFramework\v4.7.2\System.Web.dll" /reference:"C:\Program Files (x86)\Reference Assemblies\Microsoft\Framework\.NETFramework\v4.7.2\System.Xaml.dll" /reference:"C:\Program Files (x86)\Reference Assemblies\Microsoft\Framework\.NETFramework\v4.7.2\System.Xml.dll" /reference:"C:\Program Files (x86)\Reference Assemblies\Microsoft\Framework\.NETFramework\v4.7.2\System.Xml.Linq.dll" /reference:D:\XML\PersonalFinanceManager\PersonalFinanceManager.Infrastructure\bin\Debug\Unity.Abstractions.dll /reference:D:\XML\PersonalFinanceManager\PersonalFinanceManager.Infrastructure\bin\Debug\Unity.Container.dll /reference:"C:\Program Files (x86)\Reference Assemblies\Microsoft\Framework\.NETFramework\v4.7.2\WindowsBase.dll" /reference:"C:\Program Files (x86)\Reference Assemblies\Microsoft\Framework\.NETFramework\v4.7.2\WindowsFormsIntegration.dll" /reference:"C:\Program Files (x86)\Reference Assemblies\Microsoft\Framework\.NETFramework\v4.7.2\Facades\netstandard.dll" /debug+ /debug:full /filealign:512 /optimize- /out:obj\Debug\PersonalFinanceManager.Infrastructure.dll /subsystemversion:6.00 /target:library /utf8output /deterministic+ /langversion:7.3 DI\DependencyContainer.cs DI\ServiceLocator.cs Properties\AssemblyInfo.cs "obj\Debug\.NETFramework,Version=v4.7.2.AssemblyAttributes.cs"
  Compilation request PersonalFinanceManager.Infrastructure, PathToTool=C:\Program Files\Microsoft Visual Studio\18\Insiders\MSBuild\Current\Bin\Roslyn\csc.exe
  CommandLine = ' /noconfig'
  BuildResponseFile = '/nowarn:1701,1702 /fullpaths /nostdlib+ /errorreport:prompt /warn:4 /define:DEBUG;TRACE /highentropyva+ /reference:D:\XML\PersonalFinanceManager\packages\BCrypt.Net-Next.4.0.3\lib\net472\BCrypt.Net-Next.dll /reference:D:\XML\PersonalFinanceManager\packages\BouncyCastle.Cryptography.2.6.2\lib\net461\BouncyCastle.Cryptography.dll /reference:D:\XML\PersonalFinanceManager\packages\Dapper.2.1.66\lib\net461\Dapper.dll /reference:D:\XML\PersonalFinanceManager\packages\EntityFramework.6.4.4\lib\net45\EntityFramework.dll /reference:D:\XML\PersonalFinanceManager\packages\EntityFramework.6.4.4\lib\net45\EntityFramework.SqlServer.dll /reference:D:\XML\PersonalFinanceManager\packages\EPPlus.8.5.0\lib\net462\EPPlus.dll /reference:D:\XML\PersonalFinanceManager\packages\EPPlus.Interfaces.8.4.0\lib\net462\EPPlus.Interfaces.dll /reference:D:\XML\PersonalFinanceManager\packages\Guna.Charts.WinForms.1.0.9\lib\net472\Guna.Charts.WinForms.dll /reference:D:\XML\PersonalFinanceManager\packages\Guna.UI2.WinForms.2.0.4.6\lib\net472\Guna.UI2.dll /reference:D:\XML\PersonalFinanceManager\packages\iTextSharp.5.5.13.5\lib\net461\itextsharp.dll /reference:D:\XML\PersonalFinanceManager\packages\LiveCharts.0.9.7\lib\net45\LiveCharts.dll /reference:D:\XML\PersonalFinanceManager\packages\LiveCharts.WinForms.0.9.7.1\lib\net45\LiveCharts.WinForms.dll /reference:D:\XML\PersonalFinanceManager\packages\LiveCharts.Wpf.0.9.7\lib\net45\LiveCharts.Wpf.dll /reference:D:\XML\PersonalFinanceManager\packages\Microsoft.Bcl.AsyncInterfaces.9.0.1\lib\net462\Microsoft.Bcl.AsyncInterfaces.dll /reference:"C:\Program Files (x86)\Reference Assemblies\Microsoft\Framework\.NETFramework\v4.7.2\Microsoft.CSharp.dll" /reference:D:\XML\PersonalFinanceManager\packages\Microsoft.IO.RecyclableMemoryStream.3.0.1\lib\netstandard2.0\Microsoft.IO.RecyclableMemoryStream.dll /reference:"C:\Program Files (x86)\Reference Assemblies\Microsoft\Framework\.NETFramework\v4.7.2\mscorlib.dll" /reference:D:\XML\PersonalFinanceManager\PersonalFinanceManager.BLL\bin\Debug\PersonalFinanceManager.BLL.dll /reference:D:\XML\PersonalFinanceManager\PersonalFinanceManager.Common\bin\Debug\PersonalFinanceManager.Common.dll /reference:D:\XML\PersonalFinanceManager\PersonalFinanceManager.DAL\bin\Debug\PersonalFinanceManager.DAL.dll /reference:"C:\Program Files (x86)\Reference Assemblies\Microsoft\Framework\.NETFramework\v4.7.2\PresentationCore.dll" /reference:"C:\Program Files (x86)\Reference Assemblies\Microsoft\Framework\.NETFramework\v4.7.2\PresentationFramework.dll" /reference:D:\XML\PersonalFinanceManager\packages\System.Buffers.4.6.1\lib\net462\System.Buffers.dll /reference:D:\XML\PersonalFinanceManager\packages\System.ComponentModel.Annotations.5.0.0\lib\net461\System.ComponentModel.Annotations.dll /reference:"C:\Program Files (x86)\Reference Assemblies\Microsoft\Framework\.NETFramework\v4.7.2\System.ComponentModel.DataAnnotations.dll" /reference:"C:\Program Files (x86)\Reference Assemblies\Microsoft\Framework\.NETFramework\v4.7.2\System.Configuration.dll" /reference:"C:\Program Files (x86)\Reference Assemblies\Microsoft\Framework\.NETFramework\v4.7.2\System.Core.dll" /reference:"C:\Program Files (x86)\Reference Assemblies\Microsoft\Framework\.NETFramework\v4.7.2\System.Data.DataSetExtensions.dll" /reference:"C:\Program Files (x86)\Reference Assemblies\Microsoft\Framework\.NETFramework\v4.7.2\System.Data.dll" /reference:D:\XML\PersonalFinanceManager\packages\Stub.System.Data.SQLite.Core.NetFramework.1.0.119.0\lib\net46\System.Data.SQLite.dll /reference:D:\XML\PersonalFinanceManager\packages\System.Data.SQLite.EF6.1.0.119.0\lib\net46\System.Data.SQLite.EF6.dll /reference:D:\XML\PersonalFinanceManager\packages\System.Data.SQLite.Linq.1.0.119.0\lib\net46\System.Data.SQLite.Linq.dll /reference:"C:\Program Files (x86)\Reference Assemblies\Microsoft\Framework\.NETFramework\v4.7.2\System.Design.dll" /reference:"C:\Program Files (x86)\Reference Assemblies\Microsoft\Framework\.NETFramework\v4.7.2\System.dll" /reference:"C:\Program Files (x86)\Reference Assemblies\Microsoft\Framework\.NETFramework\v4.7.2\System.Management.dll" /reference:D:\XML\PersonalFinanceManager\packages\System.Memory.4.5.5\lib\net461\System.Memory.dll /reference:"C:\Program Files (x86)\Reference Assemblies\Microsoft\Framework\.NETFramework\v4.7.2\System.Net.Http.dll" /reference:"C:\Program Files (x86)\Reference Assemblies\Microsoft\Framework\.NETFramework\v4.7.2\System.Numerics.dll" /reference:D:\XML\PersonalFinanceManager\packages\System.Numerics.Vectors.4.6.1\lib\net462\System.Numerics.Vectors.dll /reference:D:\XML\PersonalFinanceManager\packages\System.Runtime.CompilerServices.Unsafe.6.1.2\lib\net462\System.Runtime.CompilerServices.Unsafe.dll /reference:D:\XML\PersonalFinanceManager\packages\System.Security.Cryptography.Xml.8.0.2\lib\net462\System.Security.Cryptography.Xml.dll /reference:"C:\Program Files (x86)\Reference Assemblies\Microsoft\Framework\.NETFramework\v4.7.2\System.Security.dll" /reference:D:\XML\PersonalFinanceManager\packages\System.Threading.Tasks.Extensions.4.6.3\lib\net462\System.Threading.Tasks.Extensions.dll /reference:"C:\Program Files (x86)\Reference Assemblies\Microsoft\Framework\.NETFramework\v4.7.2\System.Transactions.dll" /reference:"C:\Program Files (x86)\Reference Assemblies\Microsoft\Framework\.NETFramework\v4.7.2\System.Web.dll" /reference:"C:\Program Files (x86)\Reference Assemblies\Microsoft\Framework\.NETFramework\v4.7.2\System.Xaml.dll" /reference:"C:\Program Files (x86)\Reference Assemblies\Microsoft\Framework\.NETFramework\v4.7.2\System.Xml.dll" /reference:"C:\Program Files (x86)\Reference Assemblies\Microsoft\Framework\.NETFramework\v4.7.2\System.Xml.Linq.dll" /reference:D:\XML\PersonalFinanceManager\PersonalFinanceManager.Infrastructure\bin\Debug\Unity.Abstractions.dll /reference:D:\XML\PersonalFinanceManager\PersonalFinanceManager.Infrastructure\bin\Debug\Unity.Container.dll /reference:"C:\Program Files (x86)\Reference Assemblies\Microsoft\Framework\.NETFramework\v4.7.2\WindowsBase.dll" /reference:"C:\Program Files (x86)\Reference Assemblies\Microsoft\Framework\.NETFramework\v4.7.2\WindowsFormsIntegration.dll" /reference:"C:\Program Files (x86)\Reference Assemblies\Microsoft\Framework\.NETFramework\v4.7.2\Facades\netstandard.dll" /debug+ /debug:full /filealign:512 /optimize- /out:obj\Debug\PersonalFinanceManager.Infrastructure.dll /subsystemversion:6.00 /target:library /utf8output /deterministic+ /langversion:7.3 DI\DependencyContainer.cs DI\ServiceLocator.cs Properties\AssemblyInfo.cs "obj\Debug\.NETFramework,Version=v4.7.2.AssemblyAttributes.cs"'
  Attempt to open named pipe 'oh022SD8mDYwcGf3md6EPU9liy5XFLEqabtlPjTChOU'
  Attempt to connect named pipe 'oh022SD8mDYwcGf3md6EPU9liy5XFLEqabtlPjTChOU'
  Named pipe 'oh022SD8mDYwcGf3md6EPU9liy5XFLEqabtlPjTChOU' connected
  Begin writing request for PersonalFinanceManager.Infrastructure
  End writing request for PersonalFinanceManager.Infrastructure
  Begin reading response for PersonalFinanceManager.Infrastructure
  End reading response for PersonalFinanceManager.Infrastructure
  CompilerServer: server - server processed compilation - PersonalFinanceManager.Infrastructure
_CopyFilesMarkedCopyLocal:
  Copying file from "D:\XML\PersonalFinanceManager\packages\BouncyCastle.Cryptography.2.6.2\lib\net461\BouncyCastle.Cryptography.dll" to "D:\XML\PersonalFinanceManager\PersonalFinanceManager.Infrastructure\bin\Debug\BouncyCastle.Cryptography.dll".
  Copying file from "D:\XML\PersonalFinanceManager\packages\BCrypt.Net-Next.4.0.3\lib\net472\BCrypt.Net-Next.dll" to "D:\XML\PersonalFinanceManager\PersonalFinanceManager.Infrastructure\bin\Debug\BCrypt.Net-Next.dll".
  Copying file from "D:\XML\PersonalFinanceManager\packages\EPPlus.8.5.0\lib\net462\EPPlus.dll" to "D:\XML\PersonalFinanceManager\PersonalFinanceManager.Infrastructure\bin\Debug\EPPlus.dll".
  Copying file from "D:\XML\PersonalFinanceManager\packages\EntityFramework.6.4.4\lib\net45\EntityFramework.SqlServer.dll" to "D:\XML\PersonalFinanceManager\PersonalFinanceManager.Infrastructure\bin\Debug\EntityFramework.SqlServer.dll".
  Copying file from "D:\XML\PersonalFinanceManager\packages\EntityFramework.6.4.4\lib\net45\EntityFramework.dll" to "D:\XML\PersonalFinanceManager\PersonalFinanceManager.Infrastructure\bin\Debug\EntityFramework.dll".
  Copying file from "D:\XML\PersonalFinanceManager\packages\Dapper.2.1.66\lib\net461\Dapper.dll" to "D:\XML\PersonalFinanceManager\PersonalFinanceManager.Infrastructure\bin\Debug\Dapper.dll".
  Copying file from "D:\XML\PersonalFinanceManager\packages\EPPlus.Interfaces.8.4.0\lib\net462\EPPlus.Interfaces.dll" to "D:\XML\PersonalFinanceManager\PersonalFinanceManager.Infrastructure\bin\Debug\EPPlus.Interfaces.dll".
  Copying file from "D:\XML\PersonalFinanceManager\packages\Guna.Charts.WinForms.1.0.9\lib\net472\Guna.Charts.WinForms.dll" to "D:\XML\PersonalFinanceManager\PersonalFinanceManager.Infrastructure\bin\Debug\Guna.Charts.WinForms.dll".
  Copying file from "D:\XML\PersonalFinanceManager\packages\Guna.UI2.WinForms.2.0.4.6\lib\net472\Guna.UI2.dll" to "D:\XML\PersonalFinanceManager\PersonalFinanceManager.Infrastructure\bin\Debug\Guna.UI2.dll".
  Copying file from "D:\XML\PersonalFinanceManager\packages\LiveCharts.0.9.7\lib\net45\LiveCharts.dll" to "D:\XML\PersonalFinanceManager\PersonalFinanceManager.Infrastructure\bin\Debug\LiveCharts.dll".
  Copying file from "D:\XML\PersonalFinanceManager\packages\LiveCharts.WinForms.0.9.7.1\lib\net45\LiveCharts.WinForms.dll" to "D:\XML\PersonalFinanceManager\PersonalFinanceManager.Infrastructure\bin\Debug\LiveCharts.WinForms.dll".
  Copying file from "D:\XML\PersonalFinanceManager\packages\iTextSharp.5.5.13.5\lib\net461\itextsharp.dll" to "D:\XML\PersonalFinanceManager\PersonalFinanceManager.Infrastructure\bin\Debug\itextsharp.dll".
  Copying file from "D:\XML\PersonalFinanceManager\packages\LiveCharts.Wpf.0.9.7\lib\net45\LiveCharts.Wpf.dll" to "D:\XML\PersonalFinanceManager\PersonalFinanceManager.Infrastructure\bin\Debug\LiveCharts.Wpf.dll".
  Copying file from "D:\XML\PersonalFinanceManager\packages\Microsoft.Bcl.AsyncInterfaces.9.0.1\lib\net462\Microsoft.Bcl.AsyncInterfaces.dll" to "D:\XML\PersonalFinanceManager\PersonalFinanceManager.Infrastructure\bin\Debug\Microsoft.Bcl.AsyncInterfaces.dll".
  Copying file from "D:\XML\PersonalFinanceManager\packages\Microsoft.IO.RecyclableMemoryStream.3.0.1\lib\netstandard2.0\Microsoft.IO.RecyclableMemoryStream.dll" to "D:\XML\PersonalFinanceManager\PersonalFinanceManager.Infrastructure\bin\Debug\Microsoft.IO.RecyclableMemoryStream.dll".
  Copying file from "D:\XML\PersonalFinanceManager\PersonalFinanceManager.BLL\bin\Debug\PersonalFinanceManager.BLL.dll" to "D:\XML\PersonalFinanceManager\PersonalFinanceManager.Infrastructure\bin\Debug\PersonalFinanceManager.BLL.dll".
  Copying file from "D:\XML\PersonalFinanceManager\PersonalFinanceManager.Common\bin\Debug\PersonalFinanceManager.Common.dll" to "D:\XML\PersonalFinanceManager\PersonalFinanceManager.Infrastructure\bin\Debug\PersonalFinanceManager.Common.dll".
  Copying file from "D:\XML\PersonalFinanceManager\PersonalFinanceManager.DAL\bin\Debug\PersonalFinanceManager.DAL.dll" to "D:\XML\PersonalFinanceManager\PersonalFinanceManager.Infrastructure\bin\Debug\PersonalFinanceManager.DAL.dll".
  Copying file from "D:\XML\PersonalFinanceManager\packages\System.ComponentModel.Annotations.5.0.0\lib\net461\System.ComponentModel.Annotations.dll" to "D:\XML\PersonalFinanceManager\PersonalFinanceManager.Infrastructure\bin\Debug\System.ComponentModel.Annotations.dll".
  Copying file from "D:\XML\PersonalFinanceManager\packages\System.Data.SQLite.EF6.1.0.119.0\lib\net46\System.Data.SQLite.EF6.dll" to "D:\XML\PersonalFinanceManager\PersonalFinanceManager.Infrastructure\bin\Debug\System.Data.SQLite.EF6.dll".
  Copying file from "D:\XML\PersonalFinanceManager\packages\System.Numerics.Vectors.4.6.1\lib\net462\System.Numerics.Vectors.dll" to "D:\XML\PersonalFinanceManager\PersonalFinanceManager.Infrastructure\bin\Debug\System.Numerics.Vectors.dll".
  Copying file from "D:\XML\PersonalFinanceManager\packages\Stub.System.Data.SQLite.Core.NetFramework.1.0.119.0\lib\net46\System.Data.SQLite.dll" to "D:\XML\PersonalFinanceManager\PersonalFinanceManager.Infrastructure\bin\Debug\System.Data.SQLite.dll".
  Copying file from "D:\XML\PersonalFinanceManager\packages\System.Data.SQLite.Linq.1.0.119.0\lib\net46\System.Data.SQLite.Linq.dll" to "D:\XML\PersonalFinanceManager\PersonalFinanceManager.Infrastructure\bin\Debug\System.Data.SQLite.Linq.dll".
  Copying file from "D:\XML\PersonalFinanceManager\packages\System.Memory.4.5.5\lib\net461\System.Memory.dll" to "D:\XML\PersonalFinanceManager\PersonalFinanceManager.Infrastructure\bin\Debug\System.Memory.dll".
  Copying file from "D:\XML\PersonalFinanceManager\packages\System.Buffers.4.6.1\lib\net462\System.Buffers.dll" to "D:\XML\PersonalFinanceManager\PersonalFinanceManager.Infrastructure\bin\Debug\System.Buffers.dll".
  Copying file from "D:\XML\PersonalFinanceManager\packages\System.Runtime.CompilerServices.Unsafe.6.1.2\lib\net462\System.Runtime.CompilerServices.Unsafe.dll" to "D:\XML\PersonalFinanceManager\PersonalFinanceManager.Infrastructure\bin\Debug\System.Runtime.CompilerServices.Unsafe.dll".
  Copying file from "D:\XML\PersonalFinanceManager\packages\System.Threading.Tasks.Extensions.4.6.3\lib\net462\System.Threading.Tasks.Extensions.dll" to "D:\XML\PersonalFinanceManager\PersonalFinanceManager.Infrastructure\bin\Debug\System.Threading.Tasks.Extensions.dll".
  Copying file from "D:\XML\PersonalFinanceManager\packages\System.Security.Cryptography.Xml.8.0.2\lib\net462\System.Security.Cryptography.Xml.dll" to "D:\XML\PersonalFinanceManager\PersonalFinanceManager.Infrastructure\bin\Debug\System.Security.Cryptography.Xml.dll".
  Copying file from "D:\XML\PersonalFinanceManager\PersonalFinanceManager.BLL\bin\Debug\FluentValidation.dll" to "D:\XML\PersonalFinanceManager\PersonalFinanceManager.Infrastructure\bin\Debug\FluentValidation.dll".
  Copying file from "D:\XML\PersonalFinanceManager\PersonalFinanceManager.BLL\bin\Debug\Microsoft.ML.Data.dll" to "D:\XML\PersonalFinanceManager\PersonalFinanceManager.Infrastructure\bin\Debug\Microsoft.ML.Data.dll".
  Copying file from "D:\XML\PersonalFinanceManager\PersonalFinanceManager.BLL\bin\Debug\Microsoft.ML.Core.dll" to "D:\XML\PersonalFinanceManager\PersonalFinanceManager.Infrastructure\bin\Debug\Microsoft.ML.Core.dll".
  Copying file from "D:\XML\PersonalFinanceManager\PersonalFinanceManager.Common\bin\Debug\PersonalFinanceManager.Models.dll" to "D:\XML\PersonalFinanceManager\PersonalFinanceManager.Infrastructure\bin\Debug\PersonalFinanceManager.Models.dll".
  Copying file from "D:\XML\PersonalFinanceManager\PersonalFinanceManager.BLL\bin\Debug\Microsoft.ML.DataView.dll" to "D:\XML\PersonalFinanceManager\PersonalFinanceManager.Infrastructure\bin\Debug\Microsoft.ML.DataView.dll".
  Copying file from "D:\XML\PersonalFinanceManager\PersonalFinanceManager.BLL\bin\Debug\Microsoft.ML.FastTree.dll" to "D:\XML\PersonalFinanceManager\PersonalFinanceManager.Infrastructure\bin\Debug\Microsoft.ML.FastTree.dll".
  Copying file from "D:\XML\PersonalFinanceManager\PersonalFinanceManager.BLL\bin\Debug\Newtonsoft.Json.dll" to "D:\XML\PersonalFinanceManager\PersonalFinanceManager.Infrastructure\bin\Debug\Newtonsoft.Json.dll".
  Copying file from "D:\XML\PersonalFinanceManager\PersonalFinanceManager.BLL\bin\Debug\System.Collections.Immutable.dll" to "D:\XML\PersonalFinanceManager\PersonalFinanceManager.Infrastructure\bin\Debug\System.Collections.Immutable.dll".
  Copying file from "D:\XML\PersonalFinanceManager\PersonalFinanceManager.BLL\bin\Debug\System.Numerics.Tensors.dll" to "D:\XML\PersonalFinanceManager\PersonalFinanceManager.Infrastructure\bin\Debug\System.Numerics.Tensors.dll".
  Copying file from "D:\XML\PersonalFinanceManager\PersonalFinanceManager.BLL\bin\Debug\Microsoft.Bcl.Numerics.dll" to "D:\XML\PersonalFinanceManager\PersonalFinanceManager.Infrastructure\bin\Debug\Microsoft.Bcl.Numerics.dll".
  Copying file from "D:\XML\PersonalFinanceManager\PersonalFinanceManager.BLL\bin\Debug\System.Threading.Channels.dll" to "D:\XML\PersonalFinanceManager\PersonalFinanceManager.Infrastructure\bin\Debug\System.Threading.Channels.dll".
  Copying file from "D:\XML\PersonalFinanceManager\PersonalFinanceManager.Common\bin\Debug\PersonalFinanceManager.Common.pdb" to "D:\XML\PersonalFinanceManager\PersonalFinanceManager.Infrastructure\bin\Debug\PersonalFinanceManager.Common.pdb".
  Copying file from "D:\XML\PersonalFinanceManager\PersonalFinanceManager.BLL\bin\Debug\Microsoft.ML.CpuMath.dll" to "D:\XML\PersonalFinanceManager\PersonalFinanceManager.Infrastructure\bin\Debug\Microsoft.ML.CpuMath.dll".
  Copying file from "D:\XML\PersonalFinanceManager\PersonalFinanceManager.Common\bin\Debug\PersonalFinanceManager.Common.dll.config" to "D:\XML\PersonalFinanceManager\PersonalFinanceManager.Infrastructure\bin\Debug\PersonalFinanceManager.Common.dll.config".
  Copying file from "D:\XML\PersonalFinanceManager\PersonalFinanceManager.BLL\bin\Debug\PersonalFinanceManager.BLL.pdb" to "D:\XML\PersonalFinanceManager\PersonalFinanceManager.Infrastructure\bin\Debug\PersonalFinanceManager.BLL.pdb".
  Copying file from "D:\XML\PersonalFinanceManager\PersonalFinanceManager.BLL\bin\Debug\PersonalFinanceManager.BLL.dll.config" to "D:\XML\PersonalFinanceManager\PersonalFinanceManager.Infrastructure\bin\Debug\PersonalFinanceManager.BLL.dll.config".
  Copying file from "D:\XML\PersonalFinanceManager\PersonalFinanceManager.DAL\bin\Debug\PersonalFinanceManager.DAL.pdb" to "D:\XML\PersonalFinanceManager\PersonalFinanceManager.Infrastructure\bin\Debug\PersonalFinanceManager.DAL.pdb".
  Copying file from "D:\XML\PersonalFinanceManager\packages\BCrypt.Net-Next.4.0.3\lib\net472\BCrypt.Net-Next.xml" to "D:\XML\PersonalFinanceManager\PersonalFinanceManager.Infrastructure\bin\Debug\BCrypt.Net-Next.xml".
  Copying file from "D:\XML\PersonalFinanceManager\packages\BouncyCastle.Cryptography.2.6.2\lib\net461\BouncyCastle.Cryptography.xml" to "D:\XML\PersonalFinanceManager\PersonalFinanceManager.Infrastructure\bin\Debug\BouncyCastle.Cryptography.xml".
  Copying file from "D:\XML\PersonalFinanceManager\PersonalFinanceManager.DAL\bin\Debug\PersonalFinanceManager.DAL.dll.config" to "D:\XML\PersonalFinanceManager\PersonalFinanceManager.Infrastructure\bin\Debug\PersonalFinanceManager.DAL.dll.config".
  Copying file from "D:\XML\PersonalFinanceManager\packages\EntityFramework.6.4.4\lib\net45\EntityFramework.xml" to "D:\XML\PersonalFinanceManager\PersonalFinanceManager.Infrastructure\bin\Debug\EntityFramework.xml".
  Copying file from "D:\XML\PersonalFinanceManager\packages\EntityFramework.6.4.4\lib\net45\EntityFramework.SqlServer.xml" to "D:\XML\PersonalFinanceManager\PersonalFinanceManager.Infrastructure\bin\Debug\EntityFramework.SqlServer.xml".
  Copying file from "D:\XML\PersonalFinanceManager\packages\EPPlus.8.5.0\lib\net462\EPPlus.xml" to "D:\XML\PersonalFinanceManager\PersonalFinanceManager.Infrastructure\bin\Debug\EPPlus.xml".
  Copying file from "D:\XML\PersonalFinanceManager\packages\Dapper.2.1.66\lib\net461\Dapper.xml" to "D:\XML\PersonalFinanceManager\PersonalFinanceManager.Infrastructure\bin\Debug\Dapper.xml".
  Copying file from "D:\XML\PersonalFinanceManager\packages\Guna.Charts.WinForms.1.0.9\lib\net472\Guna.Charts.WinForms.xml" to "D:\XML\PersonalFinanceManager\PersonalFinanceManager.Infrastructure\bin\Debug\Guna.Charts.WinForms.xml".
  Copying file from "D:\XML\PersonalFinanceManager\packages\LiveCharts.0.9.7\lib\net45\LiveCharts.pdb" to "D:\XML\PersonalFinanceManager\PersonalFinanceManager.Infrastructure\bin\Debug\LiveCharts.pdb".
  Copying file from "D:\XML\PersonalFinanceManager\packages\iTextSharp.5.5.13.5\lib\net461\itextsharp.xml" to "D:\XML\PersonalFinanceManager\PersonalFinanceManager.Infrastructure\bin\Debug\itextsharp.xml".
  Copying file from "D:\XML\PersonalFinanceManager\packages\LiveCharts.0.9.7\lib\net45\LiveCharts.xml" to "D:\XML\PersonalFinanceManager\PersonalFinanceManager.Infrastructure\bin\Debug\LiveCharts.xml".
  Copying file from "D:\XML\PersonalFinanceManager\packages\LiveCharts.WinForms.0.9.7.1\lib\net45\LiveCharts.WinForms.pdb" to "D:\XML\PersonalFinanceManager\PersonalFinanceManager.Infrastructure\bin\Debug\LiveCharts.WinForms.pdb".
  Copying file from "D:\XML\PersonalFinanceManager\packages\LiveCharts.WinForms.0.9.7.1\lib\net45\LiveCharts.WinForms.xml" to "D:\XML\PersonalFinanceManager\PersonalFinanceManager.Infrastructure\bin\Debug\LiveCharts.WinForms.xml".
  Copying file from "D:\XML\PersonalFinanceManager\packages\Microsoft.Bcl.AsyncInterfaces.9.0.1\lib\net462\Microsoft.Bcl.AsyncInterfaces.xml" to "D:\XML\PersonalFinanceManager\PersonalFinanceManager.Infrastructure\bin\Debug\Microsoft.Bcl.AsyncInterfaces.xml".
  Copying file from "D:\XML\PersonalFinanceManager\packages\Microsoft.IO.RecyclableMemoryStream.3.0.1\lib\netstandard2.0\Microsoft.IO.RecyclableMemoryStream.xml" to "D:\XML\PersonalFinanceManager\PersonalFinanceManager.Infrastructure\bin\Debug\Microsoft.IO.RecyclableMemoryStream.xml".
  Copying file from "D:\XML\PersonalFinanceManager\packages\LiveCharts.Wpf.0.9.7\lib\net45\LiveCharts.Wpf.pdb" to "D:\XML\PersonalFinanceManager\PersonalFinanceManager.Infrastructure\bin\Debug\LiveCharts.Wpf.pdb".
  Copying file from "D:\XML\PersonalFinanceManager\packages\System.Memory.4.5.5\lib\net461\System.Memory.xml" to "D:\XML\PersonalFinanceManager\PersonalFinanceManager.Infrastructure\bin\Debug\System.Memory.xml".
  Copying file from "D:\XML\PersonalFinanceManager\packages\Stub.System.Data.SQLite.Core.NetFramework.1.0.119.0\lib\net46\System.Data.SQLite.xml" to "D:\XML\PersonalFinanceManager\PersonalFinanceManager.Infrastructure\bin\Debug\System.Data.SQLite.xml".
  Copying file from "D:\XML\PersonalFinanceManager\packages\System.Buffers.4.6.1\lib\net462\System.Buffers.xml" to "D:\XML\PersonalFinanceManager\PersonalFinanceManager.Infrastructure\bin\Debug\System.Buffers.xml".
  Copying file from "D:\XML\PersonalFinanceManager\packages\System.Numerics.Vectors.4.6.1\lib\net462\System.Numerics.Vectors.xml" to "D:\XML\PersonalFinanceManager\PersonalFinanceManager.Infrastructure\bin\Debug\System.Numerics.Vectors.xml".
  Copying file from "D:\XML\PersonalFinanceManager\packages\System.Runtime.CompilerServices.Unsafe.6.1.2\lib\net462\System.Runtime.CompilerServices.Unsafe.xml" to "D:\XML\PersonalFinanceManager\PersonalFinanceManager.Infrastructure\bin\Debug\System.Runtime.CompilerServices.Unsafe.xml".
  Copying file from "D:\XML\PersonalFinanceManager\packages\System.Security.Cryptography.Xml.8.0.2\lib\net462\System.Security.Cryptography.Xml.xml" to "D:\XML\PersonalFinanceManager\PersonalFinanceManager.Infrastructure\bin\Debug\System.Security.Cryptography.Xml.xml".
  Copying file from "D:\XML\PersonalFinanceManager\packages\LiveCharts.Wpf.0.9.7\lib\net45\LiveCharts.Wpf.xml" to "D:\XML\PersonalFinanceManager\PersonalFinanceManager.Infrastructure\bin\Debug\LiveCharts.Wpf.xml".
  Copying file from "D:\XML\PersonalFinanceManager\packages\System.Threading.Tasks.Extensions.4.6.3\lib\net462\System.Threading.Tasks.Extensions.xml" to "D:\XML\PersonalFinanceManager\PersonalFinanceManager.Infrastructure\bin\Debug\System.Threading.Tasks.Extensions.xml".
  Copying file from "D:\XML\PersonalFinanceManager\PersonalFinanceManager.BLL\bin\Debug\FluentValidation.xml" to "D:\XML\PersonalFinanceManager\PersonalFinanceManager.Infrastructure\bin\Debug\FluentValidation.xml".
  Copying file from "D:\XML\PersonalFinanceManager\PersonalFinanceManager.BLL\bin\Debug\Microsoft.ML.Data.xml" to "D:\XML\PersonalFinanceManager\PersonalFinanceManager.Infrastructure\bin\Debug\Microsoft.ML.Data.xml".
  Copying file from "D:\XML\PersonalFinanceManager\PersonalFinanceManager.BLL\bin\Debug\Microsoft.ML.DataView.xml" to "D:\XML\PersonalFinanceManager\PersonalFinanceManager.Infrastructure\bin\Debug\Microsoft.ML.DataView.xml".
  Copying file from "D:\XML\PersonalFinanceManager\PersonalFinanceManager.Common\bin\Debug\PersonalFinanceManager.Models.dll.config" to "D:\XML\PersonalFinanceManager\PersonalFinanceManager.Infrastructure\bin\Debug\PersonalFinanceManager.Models.dll.config".
  Copying file from "D:\XML\PersonalFinanceManager\PersonalFinanceManager.BLL\bin\Debug\Microsoft.ML.Core.xml" to "D:\XML\PersonalFinanceManager\PersonalFinanceManager.Infrastructure\bin\Debug\Microsoft.ML.Core.xml".
  Copying file from "D:\XML\PersonalFinanceManager\PersonalFinanceManager.BLL\bin\Debug\Microsoft.ML.FastTree.xml" to "D:\XML\PersonalFinanceManager\PersonalFinanceManager.Infrastructure\bin\Debug\Microsoft.ML.FastTree.xml".
  Copying file from "D:\XML\PersonalFinanceManager\PersonalFinanceManager.Common\bin\Debug\PersonalFinanceManager.Models.pdb" to "D:\XML\PersonalFinanceManager\PersonalFinanceManager.Infrastructure\bin\Debug\PersonalFinanceManager.Models.pdb".
  Copying file from "D:\XML\PersonalFinanceManager\PersonalFinanceManager.BLL\bin\Debug\Newtonsoft.Json.xml" to "D:\XML\PersonalFinanceManager\PersonalFinanceManager.Infrastructure\bin\Debug\Newtonsoft.Json.xml".
  Copying file from "D:\XML\PersonalFinanceManager\PersonalFinanceManager.BLL\bin\Debug\System.Threading.Channels.xml" to "D:\XML\PersonalFinanceManager\PersonalFinanceManager.Infrastructure\bin\Debug\System.Threading.Channels.xml".
  Copying file from "D:\XML\PersonalFinanceManager\PersonalFinanceManager.BLL\bin\Debug\System.Collections.Immutable.xml" to "D:\XML\PersonalFinanceManager\PersonalFinanceManager.Infrastructure\bin\Debug\System.Collections.Immutable.xml".
  Copying file from "D:\XML\PersonalFinanceManager\PersonalFinanceManager.BLL\bin\Debug\Microsoft.ML.CpuMath.xml" to "D:\XML\PersonalFinanceManager\PersonalFinanceManager.Infrastructure\bin\Debug\Microsoft.ML.CpuMath.xml".
  Copying file from "D:\XML\PersonalFinanceManager\PersonalFinanceManager.BLL\bin\Debug\System.Numerics.Tensors.xml" to "D:\XML\PersonalFinanceManager\PersonalFinanceManager.Infrastructure\bin\Debug\System.Numerics.Tensors.xml".
  Copying file from "D:\XML\PersonalFinanceManager\PersonalFinanceManager.BLL\bin\Debug\Microsoft.Bcl.Numerics.xml" to "D:\XML\PersonalFinanceManager\PersonalFinanceManager.Infrastructure\bin\Debug\Microsoft.Bcl.Numerics.xml".
  Creating "D:\XML\PersonalFinanceManager\PersonalFinanceManager.Infrastructure\obj\Debug\Personal.D48A23FD.Up2Date" because "AlwaysCreate" was specified.
  Touching "D:\XML\PersonalFinanceManager\PersonalFinanceManager.Infrastructure\obj\Debug\Personal.D48A23FD.Up2Date".
_CopyAppConfigFile:
  Copying file from "D:\XML\PersonalFinanceManager\PersonalFinanceManager.Infrastructure\app.config" to "D:\XML\PersonalFinanceManager\PersonalFinanceManager.Infrastructure\bin\Debug\PersonalFinanceManager.Infrastructure.dll.config".
CopyFilesToOutputDirectory:
  Copying file from "D:\XML\PersonalFinanceManager\PersonalFinanceManager.Infrastructure\obj\Debug\PersonalFinanceManager.Infrastructure.dll" to "D:\XML\PersonalFinanceManager\PersonalFinanceManager.Infrastructure\bin\Debug\PersonalFinanceManager.Infrastructure.dll".
  PersonalFinanceManager.Infrastructure -> D:\XML\PersonalFinanceManager\PersonalFinanceManager.Infrastructure\bin\Debug\PersonalFinanceManager.Infrastructure.dll
  Copying file from "D:\XML\PersonalFinanceManager\PersonalFinanceManager.Infrastructure\obj\Debug\PersonalFinanceManager.Infrastructure.pdb" to "D:\XML\PersonalFinanceManager\PersonalFinanceManager.Infrastructure\bin\Debug\PersonalFinanceManager.Infrastructure.pdb".
CopySQLiteInteropFiles:
  Copying file from "D:\XML\PersonalFinanceManager\packages\Stub.System.Data.SQLite.Core.NetFramework.1.0.119.0\build\net46\x64\SQLite.Interop.dll" to "D:\XML\PersonalFinanceManager\PersonalFinanceManager.Infrastructure\bin\Debug\x64\SQLite.Interop.dll".
  Copying file from "D:\XML\PersonalFinanceManager\packages\Stub.System.Data.SQLite.Core.NetFramework.1.0.119.0\build\net46\x86\SQLite.Interop.dll" to "D:\XML\PersonalFinanceManager\PersonalFinanceManager.Infrastructure\bin\Debug\x86\SQLite.Interop.dll".
Done Building Project "D:\XML\PersonalFinanceManager\PersonalFinanceManager.Infrastructure\PersonalFinanceManager.Infrastructure.csproj" (Rebuild target(s)).
Project "D:\XML\PersonalFinanceManager\PersonalFinanceManager.slnx" (1) is building "D:\XML\PersonalFinanceManager\PersonalFinanceManager.UI\PersonalFinanceManager.UI.csproj" (7) on node 1 (Rebuild target(s)).
CoreClean:
  Deleting file "D:\XML\PersonalFinanceManager\PersonalFinanceManager.UI\bin\Debug\finance.db".
  Deleting file "D:\XML\PersonalFinanceManager\PersonalFinanceManager.UI\bin\Debug\Image.png".
  Deleting file "D:\XML\PersonalFinanceManager\PersonalFinanceManager.UI\bin\Debug\PersonalFinanceManager.exe.config".
  Deleting file "D:\XML\PersonalFinanceManager\PersonalFinanceManager.UI\bin\Debug\PersonalFinanceManager.exe".
  Deleting file "D:\XML\PersonalFinanceManager\PersonalFinanceManager.UI\bin\Debug\PersonalFinanceManager.pdb".
  Deleting file "D:\XML\PersonalFinanceManager\PersonalFinanceManager.UI\bin\Debug\Guna.UI2.dll".
  Deleting file "D:\XML\PersonalFinanceManager\PersonalFinanceManager.UI\bin\Debug\LiveCharts.dll".
  Deleting file "D:\XML\PersonalFinanceManager\PersonalFinanceManager.UI\bin\Debug\LiveCharts.WinForms.dll".
  Deleting file "D:\XML\PersonalFinanceManager\PersonalFinanceManager.UI\bin\Debug\LiveCharts.Wpf.dll".
  Deleting file "D:\XML\PersonalFinanceManager\PersonalFinanceManager.UI\bin\Debug\PersonalFinanceManager.BLL.dll".
  Deleting file "D:\XML\PersonalFinanceManager\PersonalFinanceManager.UI\bin\Debug\PersonalFinanceManager.Common.dll".
  Deleting file "D:\XML\PersonalFinanceManager\PersonalFinanceManager.UI\bin\Debug\PersonalFinanceManager.DAL.dll".
  Deleting file "D:\XML\PersonalFinanceManager\PersonalFinanceManager.UI\bin\Debug\PersonalFinanceManager.Infrastructure.dll".
  Deleting file "D:\XML\PersonalFinanceManager\PersonalFinanceManager.UI\bin\Debug\PersonalFinanceManager.Models.dll".
  Deleting file "D:\XML\PersonalFinanceManager\PersonalFinanceManager.UI\bin\Debug\System.Data.SQLite.dll".
  Deleting file "D:\XML\PersonalFinanceManager\PersonalFinanceManager.UI\bin\Debug\System.Runtime.CompilerServices.Unsafe.dll".
  Deleting file "D:\XML\PersonalFinanceManager\PersonalFinanceManager.UI\bin\Debug\Unity.Abstractions.dll".
  Deleting file "D:\XML\PersonalFinanceManager\PersonalFinanceManager.UI\bin\Debug\Unity.Container.dll".
  Deleting file "D:\XML\PersonalFinanceManager\PersonalFinanceManager.UI\bin\Debug\FluentValidation.dll".
  Deleting file "D:\XML\PersonalFinanceManager\PersonalFinanceManager.UI\bin\Debug\Microsoft.ML.Data.dll".
  Deleting file "D:\XML\PersonalFinanceManager\PersonalFinanceManager.UI\bin\Debug\Microsoft.ML.Core.dll".
  Deleting file "D:\XML\PersonalFinanceManager\PersonalFinanceManager.UI\bin\Debug\Microsoft.ML.DataView.dll".
  Deleting file "D:\XML\PersonalFinanceManager\PersonalFinanceManager.UI\bin\Debug\Microsoft.ML.FastTree.dll".
  Deleting file "D:\XML\PersonalFinanceManager\PersonalFinanceManager.UI\bin\Debug\Dapper.dll".
  Deleting file "D:\XML\PersonalFinanceManager\PersonalFinanceManager.UI\bin\Debug\System.Threading.Tasks.Extensions.dll".
  Deleting file "D:\XML\PersonalFinanceManager\PersonalFinanceManager.UI\bin\Debug\System.Memory.dll".
  Deleting file "D:\XML\PersonalFinanceManager\PersonalFinanceManager.UI\bin\Debug\Newtonsoft.Json.dll".
  Deleting file "D:\XML\PersonalFinanceManager\PersonalFinanceManager.UI\bin\Debug\System.Collections.Immutable.dll".
  Deleting file "D:\XML\PersonalFinanceManager\PersonalFinanceManager.UI\bin\Debug\System.Threading.Channels.dll".
  Deleting file "D:\XML\PersonalFinanceManager\PersonalFinanceManager.UI\bin\Debug\Microsoft.ML.CpuMath.dll".
  Deleting file "D:\XML\PersonalFinanceManager\PersonalFinanceManager.UI\bin\Debug\System.Buffers.dll".
  Deleting file "D:\XML\PersonalFinanceManager\PersonalFinanceManager.UI\bin\Debug\Microsoft.Bcl.AsyncInterfaces.dll".
  Deleting file "D:\XML\PersonalFinanceManager\PersonalFinanceManager.UI\bin\Debug\System.Numerics.Vectors.dll".
  Deleting file "D:\XML\PersonalFinanceManager\PersonalFinanceManager.UI\bin\Debug\System.Numerics.Tensors.dll".
  Deleting file "D:\XML\PersonalFinanceManager\PersonalFinanceManager.UI\bin\Debug\Microsoft.Bcl.Numerics.dll".
  Deleting file "D:\XML\PersonalFinanceManager\PersonalFinanceManager.UI\bin\Debug\PersonalFinanceManager.BLL.pdb".
  Deleting file "D:\XML\PersonalFinanceManager\PersonalFinanceManager.UI\bin\Debug\PersonalFinanceManager.BLL.dll.config".
  Deleting file "D:\XML\PersonalFinanceManager\PersonalFinanceManager.UI\bin\Debug\PersonalFinanceManager.Common.pdb".
  Deleting file "D:\XML\PersonalFinanceManager\PersonalFinanceManager.UI\bin\Debug\PersonalFinanceManager.DAL.pdb".
  Deleting file "D:\XML\PersonalFinanceManager\PersonalFinanceManager.UI\bin\Debug\PersonalFinanceManager.DAL.dll.config".
  Deleting file "D:\XML\PersonalFinanceManager\PersonalFinanceManager.UI\bin\Debug\PersonalFinanceManager.Infrastructure.pdb".
  Deleting file "D:\XML\PersonalFinanceManager\PersonalFinanceManager.UI\bin\Debug\PersonalFinanceManager.Infrastructure.dll.config".
  Deleting file "D:\XML\PersonalFinanceManager\PersonalFinanceManager.UI\bin\Debug\PersonalFinanceManager.Models.pdb".
  Deleting file "D:\XML\PersonalFinanceManager\PersonalFinanceManager.UI\bin\Debug\LiveCharts.pdb".
  Deleting file "D:\XML\PersonalFinanceManager\PersonalFinanceManager.UI\bin\Debug\LiveCharts.xml".
  Deleting file "D:\XML\PersonalFinanceManager\PersonalFinanceManager.UI\bin\Debug\LiveCharts.WinForms.pdb".
  Deleting file "D:\XML\PersonalFinanceManager\PersonalFinanceManager.UI\bin\Debug\LiveCharts.WinForms.xml".
  Deleting file "D:\XML\PersonalFinanceManager\PersonalFinanceManager.UI\bin\Debug\LiveCharts.Wpf.pdb".
  Deleting file "D:\XML\PersonalFinanceManager\PersonalFinanceManager.UI\bin\Debug\LiveCharts.Wpf.xml".
  Deleting file "D:\XML\PersonalFinanceManager\PersonalFinanceManager.UI\bin\Debug\System.Data.SQLite.xml".
  Deleting file "D:\XML\PersonalFinanceManager\PersonalFinanceManager.UI\bin\Debug\System.Runtime.CompilerServices.Unsafe.xml".
  Deleting file "D:\XML\PersonalFinanceManager\PersonalFinanceManager.UI\bin\Debug\Unity.Abstractions.pdb".
  Deleting file "D:\XML\PersonalFinanceManager\PersonalFinanceManager.UI\bin\Debug\Unity.Container.pdb".
  Deleting file "D:\XML\PersonalFinanceManager\PersonalFinanceManager.UI\bin\Debug\FluentValidation.xml".
  Deleting file "D:\XML\PersonalFinanceManager\PersonalFinanceManager.UI\bin\Debug\Microsoft.ML.Data.xml".
  Deleting file "D:\XML\PersonalFinanceManager\PersonalFinanceManager.UI\bin\Debug\Microsoft.ML.Core.xml".
  Deleting file "D:\XML\PersonalFinanceManager\PersonalFinanceManager.UI\bin\Debug\Microsoft.ML.DataView.xml".
  Deleting file "D:\XML\PersonalFinanceManager\PersonalFinanceManager.UI\bin\Debug\Microsoft.ML.FastTree.xml".
  Deleting file "D:\XML\PersonalFinanceManager\PersonalFinanceManager.UI\bin\Debug\Dapper.xml".
  Deleting file "D:\XML\PersonalFinanceManager\PersonalFinanceManager.UI\bin\Debug\System.Threading.Tasks.Extensions.xml".
  Deleting file "D:\XML\PersonalFinanceManager\PersonalFinanceManager.UI\bin\Debug\System.Memory.xml".
  Deleting file "D:\XML\PersonalFinanceManager\PersonalFinanceManager.UI\bin\Debug\Newtonsoft.Json.xml".
  Deleting file "D:\XML\PersonalFinanceManager\PersonalFinanceManager.UI\bin\Debug\System.Collections.Immutable.xml".
  Deleting file "D:\XML\PersonalFinanceManager\PersonalFinanceManager.UI\bin\Debug\System.Threading.Channels.xml".
  Deleting file "D:\XML\PersonalFinanceManager\PersonalFinanceManager.UI\bin\Debug\Microsoft.ML.CpuMath.xml".
  Deleting file "D:\XML\PersonalFinanceManager\PersonalFinanceManager.UI\bin\Debug\System.Buffers.xml".
  Deleting file "D:\XML\PersonalFinanceManager\PersonalFinanceManager.UI\bin\Debug\Microsoft.Bcl.AsyncInterfaces.xml".
  Deleting file "D:\XML\PersonalFinanceManager\PersonalFinanceManager.UI\bin\Debug\System.Numerics.Vectors.xml".
  Deleting file "D:\XML\PersonalFinanceManager\PersonalFinanceManager.UI\bin\Debug\System.Numerics.Tensors.xml".
  Deleting file "D:\XML\PersonalFinanceManager\PersonalFinanceManager.UI\bin\Debug\Microsoft.Bcl.Numerics.xml".
  Deleting file "D:\XML\PersonalFinanceManager\PersonalFinanceManager.UI\bin\Debug\BCrypt.Net-Next.dll".
  Deleting file "D:\XML\PersonalFinanceManager\PersonalFinanceManager.UI\bin\Debug\BouncyCastle.Cryptography.dll".
  Deleting file "D:\XML\PersonalFinanceManager\PersonalFinanceManager.UI\bin\Debug\EntityFramework.dll".
  Deleting file "D:\XML\PersonalFinanceManager\PersonalFinanceManager.UI\bin\Debug\EntityFramework.SqlServer.dll".
  Deleting file "D:\XML\PersonalFinanceManager\PersonalFinanceManager.UI\bin\Debug\EPPlus.dll".
  Deleting file "D:\XML\PersonalFinanceManager\PersonalFinanceManager.UI\bin\Debug\EPPlus.Interfaces.dll".
  Deleting file "D:\XML\PersonalFinanceManager\PersonalFinanceManager.UI\bin\Debug\Guna.Charts.WinForms.dll".
  Deleting file "D:\XML\PersonalFinanceManager\PersonalFinanceManager.UI\bin\Debug\itextsharp.dll".
  Deleting file "D:\XML\PersonalFinanceManager\PersonalFinanceManager.UI\bin\Debug\Microsoft.IO.RecyclableMemoryStream.dll".
  Deleting file "D:\XML\PersonalFinanceManager\PersonalFinanceManager.UI\bin\Debug\System.ComponentModel.Annotations.dll".
  Deleting file "D:\XML\PersonalFinanceManager\PersonalFinanceManager.UI\bin\Debug\System.Data.SQLite.EF6.dll".
  Deleting file "D:\XML\PersonalFinanceManager\PersonalFinanceManager.UI\bin\Debug\System.Data.SQLite.Linq.dll".
  Deleting file "D:\XML\PersonalFinanceManager\PersonalFinanceManager.UI\bin\Debug\System.Security.Cryptography.Xml.dll".
  Deleting file "D:\XML\PersonalFinanceManager\PersonalFinanceManager.UI\bin\Debug\PersonalFinanceManager.Common.dll.config".
  Deleting file "D:\XML\PersonalFinanceManager\PersonalFinanceManager.UI\bin\Debug\PersonalFinanceManager.Models.dll.config".
  Deleting file "D:\XML\PersonalFinanceManager\PersonalFinanceManager.UI\bin\Debug\BCrypt.Net-Next.xml".
  Deleting file "D:\XML\PersonalFinanceManager\PersonalFinanceManager.UI\bin\Debug\BouncyCastle.Cryptography.xml".
  Deleting file "D:\XML\PersonalFinanceManager\PersonalFinanceManager.UI\bin\Debug\EntityFramework.xml".
  Deleting file "D:\XML\PersonalFinanceManager\PersonalFinanceManager.UI\bin\Debug\EntityFramework.SqlServer.xml".
  Deleting file "D:\XML\PersonalFinanceManager\PersonalFinanceManager.UI\bin\Debug\EPPlus.xml".
  Deleting file "D:\XML\PersonalFinanceManager\PersonalFinanceManager.UI\bin\Debug\Guna.Charts.WinForms.xml".
  Deleting file "D:\XML\PersonalFinanceManager\PersonalFinanceManager.UI\bin\Debug\itextsharp.xml".
  Deleting file "D:\XML\PersonalFinanceManager\PersonalFinanceManager.UI\bin\Debug\Microsoft.IO.RecyclableMemoryStream.xml".
  Deleting file "D:\XML\PersonalFinanceManager\PersonalFinanceManager.UI\bin\Debug\System.Security.Cryptography.Xml.xml".
  Deleting file "D:\XML\PersonalFinanceManager\PersonalFinanceManager.UI\obj\Debug\PersonalFinanceManager.UI.csproj.AssemblyReference.cache".
  Deleting file "D:\XML\PersonalFinanceManager\PersonalFinanceManager.UI\obj\Debug\PersonalFinanceManager.Forms.Auth.LoginForm.resources".
  Deleting file "D:\XML\PersonalFinanceManager\PersonalFinanceManager.UI\obj\Debug\PersonalFinanceManager.Forms.Auth.RegisterForm.resources".
  Deleting file "D:\XML\PersonalFinanceManager\PersonalFinanceManager.UI\obj\Debug\PersonalFinanceManager.Forms.Dashboard.DashboardForm.resources".
  Deleting file "D:\XML\PersonalFinanceManager\PersonalFinanceManager.UI\obj\Debug\PersonalFinanceManager.Forms.Invoices.CreateInvoiceForm.resources".
  Deleting file "D:\XML\PersonalFinanceManager\PersonalFinanceManager.UI\obj\Debug\PersonalFinanceManager.Forms.Invoices.InvoiceListForm.resources".
  Deleting file "D:\XML\PersonalFinanceManager\PersonalFinanceManager.UI\obj\Debug\PersonalFinanceManager.Forms.Transactions.TransactionListForm.resources".
  Deleting file "D:\XML\PersonalFinanceManager\PersonalFinanceManager.UI\obj\Debug\PersonalFinanceManager.Properties.Resources.resources".
  Deleting file "D:\XML\PersonalFinanceManager\PersonalFinanceManager.UI\obj\Debug\PersonalFinanceManager.UI.csproj.GenerateResource.cache".
  Deleting file "D:\XML\PersonalFinanceManager\PersonalFinanceManager.UI\obj\Debug\PersonalFinanceManager.UI.csproj.CoreCompileInputs.cache".
  Deleting file "D:\XML\PersonalFinanceManager\PersonalFinanceManager.UI\obj\Debug\Personal.B475A99A.Up2Date".
  Deleting file "D:\XML\PersonalFinanceManager\PersonalFinanceManager.UI\obj\Debug\PersonalFinanceManager.exe".
  Deleting file "D:\XML\PersonalFinanceManager\PersonalFinanceManager.UI\obj\Debug\PersonalFinanceManager.pdb".
  Deleting file "D:\XML\PersonalFinanceManager\PersonalFinanceManager.UI\obj\Debug\PersonalFinanceManager.Forms.Accounts.AccountForm.resources".
  Deleting file "D:\XML\PersonalFinanceManager\PersonalFinanceManager.UI\obj\Debug\PersonalFinanceManager.Forms.Categories.CategoryForm.resources".
  Deleting file "D:\XML\PersonalFinanceManager\PersonalFinanceManager.UI\obj\Debug\PersonalFinanceManager.Forms.Reports.ReportForm.resources".
CleanSQLiteInteropFiles:
  Deleting file "bin\Debug\x64\SQLite.Interop.dll".
  Deleting file "bin\Debug\x86\SQLite.Interop.dll".
C:\Program Files\Microsoft Visual Studio\18\Insiders\MSBuild\Current\Bin\Microsoft.Common.CurrentVersion.targets(2451,5): warning MSB3277: Found conflicts between different versions of "System.Memory" that could not be resolved. [D:\XML\PersonalFinanceManager\PersonalFinanceManager.UI\PersonalFinanceManager.UI.csproj]
C:\Program Files\Microsoft Visual Studio\18\Insiders\MSBuild\Current\Bin\Microsoft.Common.CurrentVersion.targets(2451,5): warning MSB3277: There was a conflict between "System.Memory, Version=4.0.1.2, Culture=neutral, PublicKeyToken=cc7b13ffcd2ddd51" and "System.Memory, Version=4.0.5.0, Culture=neutral, PublicKeyToken=cc7b13ffcd2ddd51". [D:\XML\PersonalFinanceManager\PersonalFinanceManager.UI\PersonalFinanceManager.UI.csproj]
C:\Program Files\Microsoft Visual Studio\18\Insiders\MSBuild\Current\Bin\Microsoft.Common.CurrentVersion.targets(2451,5): warning MSB3277:     "System.Memory, Version=4.0.1.2, Culture=neutral, PublicKeyToken=cc7b13ffcd2ddd51" was chosen because it was primary and "System.Memory, Version=4.0.5.0, Culture=neutral, PublicKeyToken=cc7b13ffcd2ddd51" was not. [D:\XML\PersonalFinanceManager\PersonalFinanceManager.UI\PersonalFinanceManager.UI.csproj]
C:\Program Files\Microsoft Visual Studio\18\Insiders\MSBuild\Current\Bin\Microsoft.Common.CurrentVersion.targets(2451,5): warning MSB3277:     References which depend on "System.Memory, Version=4.0.1.2, Culture=neutral, PublicKeyToken=cc7b13ffcd2ddd51" [D:\XML\PersonalFinanceManager\packages\System.Memory.4.5.5\lib\net461\System.Memory.dll]. [D:\XML\PersonalFinanceManager\PersonalFinanceManager.UI\PersonalFinanceManager.UI.csproj]
C:\Program Files\Microsoft Visual Studio\18\Insiders\MSBuild\Current\Bin\Microsoft.Common.CurrentVersion.targets(2451,5): warning MSB3277:         D:\XML\PersonalFinanceManager\packages\System.Memory.4.5.5\lib\net461\System.Memory.dll [D:\XML\PersonalFinanceManager\PersonalFinanceManager.UI\PersonalFinanceManager.UI.csproj]
C:\Program Files\Microsoft Visual Studio\18\Insiders\MSBuild\Current\Bin\Microsoft.Common.CurrentVersion.targets(2451,5): warning MSB3277:           Project file item includes which caused reference "D:\XML\PersonalFinanceManager\packages\System.Memory.4.5.5\lib\net461\System.Memory.dll". [D:\XML\PersonalFinanceManager\PersonalFinanceManager.UI\PersonalFinanceManager.UI.csproj]
C:\Program Files\Microsoft Visual Studio\18\Insiders\MSBuild\Current\Bin\Microsoft.Common.CurrentVersion.targets(2451,5): warning MSB3277:             System.Memory, Version=4.0.1.2, Culture=neutral, PublicKeyToken=cc7b13ffcd2ddd51, processorArchitecture=MSIL [D:\XML\PersonalFinanceManager\PersonalFinanceManager.UI\PersonalFinanceManager.UI.csproj]
C:\Program Files\Microsoft Visual Studio\18\Insiders\MSBuild\Current\Bin\Microsoft.Common.CurrentVersion.targets(2451,5): warning MSB3277:     References which depend on or have been unified to "System.Memory, Version=4.0.5.0, Culture=neutral, PublicKeyToken=cc7b13ffcd2ddd51" [C:\Program Files\Microsoft Visual Studio\18\Insiders\Common7\IDE\PublicAssemblies\System.Memory.dll]. [D:\XML\PersonalFinanceManager\PersonalFinanceManager.UI\PersonalFinanceManager.UI.csproj]
C:\Program Files\Microsoft Visual Studio\18\Insiders\MSBuild\Current\Bin\Microsoft.Common.CurrentVersion.targets(2451,5): warning MSB3277:         D:\XML\PersonalFinanceManager\packages\BCrypt.Net-Next.4.0.3\lib\net472\BCrypt.Net-Next.dll [D:\XML\PersonalFinanceManager\PersonalFinanceManager.UI\PersonalFinanceManager.UI.csproj]
C:\Program Files\Microsoft Visual Studio\18\Insiders\MSBuild\Current\Bin\Microsoft.Common.CurrentVersion.targets(2451,5): warning MSB3277:           Project file item includes which caused reference "D:\XML\PersonalFinanceManager\packages\BCrypt.Net-Next.4.0.3\lib\net472\BCrypt.Net-Next.dll". [D:\XML\PersonalFinanceManager\PersonalFinanceManager.UI\PersonalFinanceManager.UI.csproj]
C:\Program Files\Microsoft Visual Studio\18\Insiders\MSBuild\Current\Bin\Microsoft.Common.CurrentVersion.targets(2451,5): warning MSB3277:             BCrypt.Net-Next, Version=4.0.3.0, Culture=neutral, PublicKeyToken=1e11be04b6288443, processorArchitecture=MSIL [D:\XML\PersonalFinanceManager\PersonalFinanceManager.UI\PersonalFinanceManager.UI.csproj]
C:\Program Files\Microsoft Visual Studio\18\Insiders\MSBuild\Current\Bin\Microsoft.Common.CurrentVersion.targets(2451,5): warning MSB3277:         D:\XML\PersonalFinanceManager\packages\Microsoft.IO.RecyclableMemoryStream.3.0.1\lib\netstandard2.0\Microsoft.IO.RecyclableMemoryStream.dll [D:\XML\PersonalFinanceManager\PersonalFinanceManager.UI\PersonalFinanceManager.UI.csproj]
C:\Program Files\Microsoft Visual Studio\18\Insiders\MSBuild\Current\Bin\Microsoft.Common.CurrentVersion.targets(2451,5): warning MSB3277:           Project file item includes which caused reference "D:\XML\PersonalFinanceManager\packages\Microsoft.IO.RecyclableMemoryStream.3.0.1\lib\netstandard2.0\Microsoft.IO.RecyclableMemoryStream.dll". [D:\XML\PersonalFinanceManager\PersonalFinanceManager.UI\PersonalFinanceManager.UI.csproj]
C:\Program Files\Microsoft Visual Studio\18\Insiders\MSBuild\Current\Bin\Microsoft.Common.CurrentVersion.targets(2451,5): warning MSB3277:             Microsoft.IO.RecyclableMemoryStream, Version=3.0.1.0, Culture=neutral, PublicKeyToken=31bf3856ad364e35, processorArchitecture=MSIL [D:\XML\PersonalFinanceManager\PersonalFinanceManager.UI\PersonalFinanceManager.UI.csproj]
C:\Program Files\Microsoft Visual Studio\18\Insiders\MSBuild\Current\Bin\Microsoft.Common.CurrentVersion.targets(2451,5): warning MSB3277:             EPPlus, Version=8.5.0.0, Culture=neutral, PublicKeyToken=ea159fdaa78159a1, processorArchitecture=MSIL [D:\XML\PersonalFinanceManager\PersonalFinanceManager.UI\PersonalFinanceManager.UI.csproj]
C:\Program Files\Microsoft Visual Studio\18\Insiders\MSBuild\Current\Bin\Microsoft.Common.CurrentVersion.targets(2451,5): warning MSB3277:         D:\XML\PersonalFinanceManager\PersonalFinanceManager.BLL\bin\Debug\Microsoft.ML.Data.dll [D:\XML\PersonalFinanceManager\PersonalFinanceManager.UI\PersonalFinanceManager.UI.csproj]
C:\Program Files\Microsoft Visual Studio\18\Insiders\MSBuild\Current\Bin\Microsoft.Common.CurrentVersion.targets(2451,5): warning MSB3277:           Project file item includes which caused reference "D:\XML\PersonalFinanceManager\PersonalFinanceManager.BLL\bin\Debug\Microsoft.ML.Data.dll". [D:\XML\PersonalFinanceManager\PersonalFinanceManager.UI\PersonalFinanceManager.UI.csproj]
C:\Program Files\Microsoft Visual Studio\18\Insiders\MSBuild\Current\Bin\Microsoft.Common.CurrentVersion.targets(2451,5): warning MSB3277:             D:\XML\PersonalFinanceManager\PersonalFinanceManager.BLL\bin\Debug\PersonalFinanceManager.BLL.dll [D:\XML\PersonalFinanceManager\PersonalFinanceManager.UI\PersonalFinanceManager.UI.csproj]
C:\Program Files\Microsoft Visual Studio\18\Insiders\MSBuild\Current\Bin\Microsoft.Common.CurrentVersion.targets(2451,5): warning MSB3277:             D:\XML\PersonalFinanceManager\PersonalFinanceManager.Infrastructure\bin\Debug\PersonalFinanceManager.Infrastructure.dll [D:\XML\PersonalFinanceManager\PersonalFinanceManager.UI\PersonalFinanceManager.UI.csproj]
C:\Program Files\Microsoft Visual Studio\18\Insiders\MSBuild\Current\Bin\Microsoft.Common.CurrentVersion.targets(2451,5): warning MSB3277:         D:\XML\PersonalFinanceManager\PersonalFinanceManager.BLL\bin\Debug\Microsoft.ML.Core.dll [D:\XML\PersonalFinanceManager\PersonalFinanceManager.UI\PersonalFinanceManager.UI.csproj]
C:\Program Files\Microsoft Visual Studio\18\Insiders\MSBuild\Current\Bin\Microsoft.Common.CurrentVersion.targets(2451,5): warning MSB3277:           Project file item includes which caused reference "D:\XML\PersonalFinanceManager\PersonalFinanceManager.BLL\bin\Debug\Microsoft.ML.Core.dll". [D:\XML\PersonalFinanceManager\PersonalFinanceManager.UI\PersonalFinanceManager.UI.csproj]
C:\Program Files\Microsoft Visual Studio\18\Insiders\MSBuild\Current\Bin\Microsoft.Common.CurrentVersion.targets(2451,5): warning MSB3277:             D:\XML\PersonalFinanceManager\PersonalFinanceManager.BLL\bin\Debug\PersonalFinanceManager.BLL.dll [D:\XML\PersonalFinanceManager\PersonalFinanceManager.UI\PersonalFinanceManager.UI.csproj]
C:\Program Files\Microsoft Visual Studio\18\Insiders\MSBuild\Current\Bin\Microsoft.Common.CurrentVersion.targets(2451,5): warning MSB3277:             D:\XML\PersonalFinanceManager\PersonalFinanceManager.Infrastructure\bin\Debug\PersonalFinanceManager.Infrastructure.dll [D:\XML\PersonalFinanceManager\PersonalFinanceManager.UI\PersonalFinanceManager.UI.csproj]
C:\Program Files\Microsoft Visual Studio\18\Insiders\MSBuild\Current\Bin\Microsoft.Common.CurrentVersion.targets(2451,5): warning MSB3277:         D:\XML\PersonalFinanceManager\PersonalFinanceManager.BLL\bin\Debug\Microsoft.ML.DataView.dll [D:\XML\PersonalFinanceManager\PersonalFinanceManager.UI\PersonalFinanceManager.UI.csproj]
C:\Program Files\Microsoft Visual Studio\18\Insiders\MSBuild\Current\Bin\Microsoft.Common.CurrentVersion.targets(2451,5): warning MSB3277:           Project file item includes which caused reference "D:\XML\PersonalFinanceManager\PersonalFinanceManager.BLL\bin\Debug\Microsoft.ML.DataView.dll". [D:\XML\PersonalFinanceManager\PersonalFinanceManager.UI\PersonalFinanceManager.UI.csproj]
C:\Program Files\Microsoft Visual Studio\18\Insiders\MSBuild\Current\Bin\Microsoft.Common.CurrentVersion.targets(2451,5): warning MSB3277:             D:\XML\PersonalFinanceManager\PersonalFinanceManager.BLL\bin\Debug\PersonalFinanceManager.BLL.dll [D:\XML\PersonalFinanceManager\PersonalFinanceManager.UI\PersonalFinanceManager.UI.csproj]
C:\Program Files\Microsoft Visual Studio\18\Insiders\MSBuild\Current\Bin\Microsoft.Common.CurrentVersion.targets(2451,5): warning MSB3277:             D:\XML\PersonalFinanceManager\PersonalFinanceManager.Infrastructure\bin\Debug\PersonalFinanceManager.Infrastructure.dll [D:\XML\PersonalFinanceManager\PersonalFinanceManager.UI\PersonalFinanceManager.UI.csproj]
C:\Program Files\Microsoft Visual Studio\18\Insiders\MSBuild\Current\Bin\Microsoft.Common.CurrentVersion.targets(2451,5): warning MSB3277:         D:\XML\PersonalFinanceManager\PersonalFinanceManager.BLL\bin\Debug\Microsoft.ML.FastTree.dll [D:\XML\PersonalFinanceManager\PersonalFinanceManager.UI\PersonalFinanceManager.UI.csproj]
C:\Program Files\Microsoft Visual Studio\18\Insiders\MSBuild\Current\Bin\Microsoft.Common.CurrentVersion.targets(2451,5): warning MSB3277:           Project file item includes which caused reference "D:\XML\PersonalFinanceManager\PersonalFinanceManager.BLL\bin\Debug\Microsoft.ML.FastTree.dll". [D:\XML\PersonalFinanceManager\PersonalFinanceManager.UI\PersonalFinanceManager.UI.csproj]
C:\Program Files\Microsoft Visual Studio\18\Insiders\MSBuild\Current\Bin\Microsoft.Common.CurrentVersion.targets(2451,5): warning MSB3277:             D:\XML\PersonalFinanceManager\PersonalFinanceManager.BLL\bin\Debug\PersonalFinanceManager.BLL.dll [D:\XML\PersonalFinanceManager\PersonalFinanceManager.UI\PersonalFinanceManager.UI.csproj]
C:\Program Files\Microsoft Visual Studio\18\Insiders\MSBuild\Current\Bin\Microsoft.Common.CurrentVersion.targets(2451,5): warning MSB3277:             D:\XML\PersonalFinanceManager\PersonalFinanceManager.Infrastructure\bin\Debug\PersonalFinanceManager.Infrastructure.dll [D:\XML\PersonalFinanceManager\PersonalFinanceManager.UI\PersonalFinanceManager.UI.csproj]
C:\Program Files\Microsoft Visual Studio\18\Insiders\MSBuild\Current\Bin\Microsoft.Common.CurrentVersion.targets(2451,5): warning MSB3277:         D:\XML\PersonalFinanceManager\PersonalFinanceManager.BLL\bin\Debug\System.Collections.Immutable.dll [D:\XML\PersonalFinanceManager\PersonalFinanceManager.UI\PersonalFinanceManager.UI.csproj]
C:\Program Files\Microsoft Visual Studio\18\Insiders\MSBuild\Current\Bin\Microsoft.Common.CurrentVersion.targets(2451,5): warning MSB3277:           Project file item includes which caused reference "D:\XML\PersonalFinanceManager\PersonalFinanceManager.BLL\bin\Debug\System.Collections.Immutable.dll". [D:\XML\PersonalFinanceManager\PersonalFinanceManager.UI\PersonalFinanceManager.UI.csproj]
C:\Program Files\Microsoft Visual Studio\18\Insiders\MSBuild\Current\Bin\Microsoft.Common.CurrentVersion.targets(2451,5): warning MSB3277:             D:\XML\PersonalFinanceManager\PersonalFinanceManager.BLL\bin\Debug\PersonalFinanceManager.BLL.dll [D:\XML\PersonalFinanceManager\PersonalFinanceManager.UI\PersonalFinanceManager.UI.csproj]
C:\Program Files\Microsoft Visual Studio\18\Insiders\MSBuild\Current\Bin\Microsoft.Common.CurrentVersion.targets(2451,5): warning MSB3277:             D:\XML\PersonalFinanceManager\PersonalFinanceManager.Infrastructure\bin\Debug\PersonalFinanceManager.Infrastructure.dll [D:\XML\PersonalFinanceManager\PersonalFinanceManager.UI\PersonalFinanceManager.UI.csproj]
C:\Program Files\Microsoft Visual Studio\18\Insiders\MSBuild\Current\Bin\Microsoft.Common.CurrentVersion.targets(2451,5): warning MSB3277:         D:\XML\PersonalFinanceManager\PersonalFinanceManager.BLL\bin\Debug\Microsoft.ML.CpuMath.dll [D:\XML\PersonalFinanceManager\PersonalFinanceManager.UI\PersonalFinanceManager.UI.csproj]
C:\Program Files\Microsoft Visual Studio\18\Insiders\MSBuild\Current\Bin\Microsoft.Common.CurrentVersion.targets(2451,5): warning MSB3277:           Project file item includes which caused reference "D:\XML\PersonalFinanceManager\PersonalFinanceManager.BLL\bin\Debug\Microsoft.ML.CpuMath.dll". [D:\XML\PersonalFinanceManager\PersonalFinanceManager.UI\PersonalFinanceManager.UI.csproj]
C:\Program Files\Microsoft Visual Studio\18\Insiders\MSBuild\Current\Bin\Microsoft.Common.CurrentVersion.targets(2451,5): warning MSB3277:             D:\XML\PersonalFinanceManager\PersonalFinanceManager.BLL\bin\Debug\PersonalFinanceManager.BLL.dll [D:\XML\PersonalFinanceManager\PersonalFinanceManager.UI\PersonalFinanceManager.UI.csproj]
C:\Program Files\Microsoft Visual Studio\18\Insiders\MSBuild\Current\Bin\Microsoft.Common.CurrentVersion.targets(2451,5): warning MSB3277:             D:\XML\PersonalFinanceManager\PersonalFinanceManager.Infrastructure\bin\Debug\PersonalFinanceManager.Infrastructure.dll [D:\XML\PersonalFinanceManager\PersonalFinanceManager.UI\PersonalFinanceManager.UI.csproj]
C:\Program Files\Microsoft Visual Studio\18\Insiders\MSBuild\Current\Bin\Microsoft.Common.CurrentVersion.targets(2451,5): warning MSB3277:         D:\XML\PersonalFinanceManager\PersonalFinanceManager.BLL\bin\Debug\System.Numerics.Tensors.dll [D:\XML\PersonalFinanceManager\PersonalFinanceManager.UI\PersonalFinanceManager.UI.csproj]
C:\Program Files\Microsoft Visual Studio\18\Insiders\MSBuild\Current\Bin\Microsoft.Common.CurrentVersion.targets(2451,5): warning MSB3277:           Project file item includes which caused reference "D:\XML\PersonalFinanceManager\PersonalFinanceManager.BLL\bin\Debug\System.Numerics.Tensors.dll". [D:\XML\PersonalFinanceManager\PersonalFinanceManager.UI\PersonalFinanceManager.UI.csproj]
C:\Program Files\Microsoft Visual Studio\18\Insiders\MSBuild\Current\Bin\Microsoft.Common.CurrentVersion.targets(2451,5): warning MSB3277:             D:\XML\PersonalFinanceManager\PersonalFinanceManager.BLL\bin\Debug\PersonalFinanceManager.BLL.dll [D:\XML\PersonalFinanceManager\PersonalFinanceManager.UI\PersonalFinanceManager.UI.csproj]
C:\Program Files\Microsoft Visual Studio\18\Insiders\MSBuild\Current\Bin\Microsoft.Common.CurrentVersion.targets(2451,5): warning MSB3277:             D:\XML\PersonalFinanceManager\PersonalFinanceManager.Infrastructure\bin\Debug\PersonalFinanceManager.Infrastructure.dll [D:\XML\PersonalFinanceManager\PersonalFinanceManager.UI\PersonalFinanceManager.UI.csproj]
C:\Program Files\Microsoft Visual Studio\18\Insiders\MSBuild\Current\Bin\Microsoft.Common.CurrentVersion.targets(2451,5): warning MSB3277: Found conflicts between different versions of "Microsoft.Bcl.AsyncInterfaces" that could not be resolved. [D:\XML\PersonalFinanceManager\PersonalFinanceManager.UI\PersonalFinanceManager.UI.csproj]
C:\Program Files\Microsoft Visual Studio\18\Insiders\MSBuild\Current\Bin\Microsoft.Common.CurrentVersion.targets(2451,5): warning MSB3277: There was a conflict between "Microsoft.Bcl.AsyncInterfaces, Version=9.0.0.1, Culture=neutral, PublicKeyToken=cc7b13ffcd2ddd51" and "Microsoft.Bcl.AsyncInterfaces, Version=9.0.0.4, Culture=neutral, PublicKeyToken=cc7b13ffcd2ddd51". [D:\XML\PersonalFinanceManager\PersonalFinanceManager.UI\PersonalFinanceManager.UI.csproj]
C:\Program Files\Microsoft Visual Studio\18\Insiders\MSBuild\Current\Bin\Microsoft.Common.CurrentVersion.targets(2451,5): warning MSB3277:     "Microsoft.Bcl.AsyncInterfaces, Version=9.0.0.1, Culture=neutral, PublicKeyToken=cc7b13ffcd2ddd51" was chosen because it was primary and "Microsoft.Bcl.AsyncInterfaces, Version=9.0.0.4, Culture=neutral, PublicKeyToken=cc7b13ffcd2ddd51" was not. [D:\XML\PersonalFinanceManager\PersonalFinanceManager.UI\PersonalFinanceManager.UI.csproj]
C:\Program Files\Microsoft Visual Studio\18\Insiders\MSBuild\Current\Bin\Microsoft.Common.CurrentVersion.targets(2451,5): warning MSB3277:     References which depend on "Microsoft.Bcl.AsyncInterfaces, Version=9.0.0.1, Culture=neutral, PublicKeyToken=cc7b13ffcd2ddd51" [D:\XML\PersonalFinanceManager\packages\Microsoft.Bcl.AsyncInterfaces.9.0.1\lib\net462\Microsoft.Bcl.AsyncInterfaces.dll]. [D:\XML\PersonalFinanceManager\PersonalFinanceManager.UI\PersonalFinanceManager.UI.csproj]
C:\Program Files\Microsoft Visual Studio\18\Insiders\MSBuild\Current\Bin\Microsoft.Common.CurrentVersion.targets(2451,5): warning MSB3277:         D:\XML\PersonalFinanceManager\packages\Microsoft.Bcl.AsyncInterfaces.9.0.1\lib\net462\Microsoft.Bcl.AsyncInterfaces.dll [D:\XML\PersonalFinanceManager\PersonalFinanceManager.UI\PersonalFinanceManager.UI.csproj]
C:\Program Files\Microsoft Visual Studio\18\Insiders\MSBuild\Current\Bin\Microsoft.Common.CurrentVersion.targets(2451,5): warning MSB3277:           Project file item includes which caused reference "D:\XML\PersonalFinanceManager\packages\Microsoft.Bcl.AsyncInterfaces.9.0.1\lib\net462\Microsoft.Bcl.AsyncInterfaces.dll". [D:\XML\PersonalFinanceManager\PersonalFinanceManager.UI\PersonalFinanceManager.UI.csproj]
C:\Program Files\Microsoft Visual Studio\18\Insiders\MSBuild\Current\Bin\Microsoft.Common.CurrentVersion.targets(2451,5): warning MSB3277:             Microsoft.Bcl.AsyncInterfaces, Version=9.0.0.1, Culture=neutral, PublicKeyToken=cc7b13ffcd2ddd51, processorArchitecture=MSIL [D:\XML\PersonalFinanceManager\PersonalFinanceManager.UI\PersonalFinanceManager.UI.csproj]
C:\Program Files\Microsoft Visual Studio\18\Insiders\MSBuild\Current\Bin\Microsoft.Common.CurrentVersion.targets(2451,5): warning MSB3277:     References which depend on or have been unified to "Microsoft.Bcl.AsyncInterfaces, Version=9.0.0.4, Culture=neutral, PublicKeyToken=cc7b13ffcd2ddd51" [D:\XML\PersonalFinanceManager\PersonalFinanceManager.BLL\bin\Debug\Microsoft.Bcl.AsyncInterfaces.dll]. [D:\XML\PersonalFinanceManager\PersonalFinanceManager.UI\PersonalFinanceManager.UI.csproj]
C:\Program Files\Microsoft Visual Studio\18\Insiders\MSBuild\Current\Bin\Microsoft.Common.CurrentVersion.targets(2451,5): warning MSB3277:         D:\XML\PersonalFinanceManager\packages\Dapper.2.1.66\lib\net461\Dapper.dll [D:\XML\PersonalFinanceManager\PersonalFinanceManager.UI\PersonalFinanceManager.UI.csproj]
C:\Program Files\Microsoft Visual Studio\18\Insiders\MSBuild\Current\Bin\Microsoft.Common.CurrentVersion.targets(2451,5): warning MSB3277:           Project file item includes which caused reference "D:\XML\PersonalFinanceManager\packages\Dapper.2.1.66\lib\net461\Dapper.dll". [D:\XML\PersonalFinanceManager\PersonalFinanceManager.UI\PersonalFinanceManager.UI.csproj]
C:\Program Files\Microsoft Visual Studio\18\Insiders\MSBuild\Current\Bin\Microsoft.Common.CurrentVersion.targets(2451,5): warning MSB3277:             Dapper, Version=2.0.0.0, Culture=neutral, processorArchitecture=MSIL [D:\XML\PersonalFinanceManager\PersonalFinanceManager.UI\PersonalFinanceManager.UI.csproj]
C:\Program Files\Microsoft Visual Studio\18\Insiders\MSBuild\Current\Bin\Microsoft.Common.CurrentVersion.targets(2451,5): warning MSB3277:             D:\XML\PersonalFinanceManager\PersonalFinanceManager.DAL\bin\Debug\PersonalFinanceManager.DAL.dll [D:\XML\PersonalFinanceManager\PersonalFinanceManager.UI\PersonalFinanceManager.UI.csproj]
C:\Program Files\Microsoft Visual Studio\18\Insiders\MSBuild\Current\Bin\Microsoft.Common.CurrentVersion.targets(2451,5): warning MSB3277:             D:\XML\PersonalFinanceManager\PersonalFinanceManager.Infrastructure\bin\Debug\PersonalFinanceManager.Infrastructure.dll [D:\XML\PersonalFinanceManager\PersonalFinanceManager.UI\PersonalFinanceManager.UI.csproj]
C:\Program Files\Microsoft Visual Studio\18\Insiders\MSBuild\Current\Bin\Microsoft.Common.CurrentVersion.targets(2451,5): warning MSB3277:         D:\XML\PersonalFinanceManager\PersonalFinanceManager.BLL\bin\Debug\System.Threading.Channels.dll [D:\XML\PersonalFinanceManager\PersonalFinanceManager.UI\PersonalFinanceManager.UI.csproj]
C:\Program Files\Microsoft Visual Studio\18\Insiders\MSBuild\Current\Bin\Microsoft.Common.CurrentVersion.targets(2451,5): warning MSB3277:           Project file item includes which caused reference "D:\XML\PersonalFinanceManager\PersonalFinanceManager.BLL\bin\Debug\System.Threading.Channels.dll". [D:\XML\PersonalFinanceManager\PersonalFinanceManager.UI\PersonalFinanceManager.UI.csproj]
C:\Program Files\Microsoft Visual Studio\18\Insiders\MSBuild\Current\Bin\Microsoft.Common.CurrentVersion.targets(2451,5): warning MSB3277:             D:\XML\PersonalFinanceManager\PersonalFinanceManager.BLL\bin\Debug\PersonalFinanceManager.BLL.dll [D:\XML\PersonalFinanceManager\PersonalFinanceManager.UI\PersonalFinanceManager.UI.csproj]
C:\Program Files\Microsoft Visual Studio\18\Insiders\MSBuild\Current\Bin\Microsoft.Common.CurrentVersion.targets(2451,5): warning MSB3277:             D:\XML\PersonalFinanceManager\PersonalFinanceManager.Infrastructure\bin\Debug\PersonalFinanceManager.Infrastructure.dll [D:\XML\PersonalFinanceManager\PersonalFinanceManager.UI\PersonalFinanceManager.UI.csproj]
CoreResGen:
  Task assembly was loaded from 'C:\Program Files\Microsoft Visual Studio\18\Insiders\MSBuild\Current\bin\Microsoft.Build.dll' while the desired location was 'C:\Program Files\Microsoft Visual Studio\18\Insiders\MSBuild\Current\bin\Microsoft.Build.Tasks.Core.dll'.
  "C:\Program Files (x86)\Microsoft SDKs\Windows\v10.0A\bin\NETFX 4.8 Tools\resgen.exe" /useSourcePath /r:D:\XML\PersonalFinanceManager\packages\BCrypt.Net-Next.4.0.3\lib\net472\BCrypt.Net-Next.dll /r:D:\XML\PersonalFinanceManager\packages\BouncyCastle.Cryptography.2.6.2\lib\net461\BouncyCastle.Cryptography.dll /r:D:\XML\PersonalFinanceManager\packages\Dapper.2.1.66\lib\net461\Dapper.dll /r:D:\XML\PersonalFinanceManager\packages\EntityFramework.6.4.4\lib\net45\EntityFramework.dll /r:D:\XML\PersonalFinanceManager\packages\EntityFramework.6.4.4\lib\net45\EntityFramework.SqlServer.dll /r:D:\XML\PersonalFinanceManager\packages\EPPlus.8.5.0\lib\net462\EPPlus.dll /r:D:\XML\PersonalFinanceManager\packages\EPPlus.Interfaces.8.4.0\lib\net462\EPPlus.Interfaces.dll /r:D:\XML\PersonalFinanceManager\packages\Guna.Charts.WinForms.1.0.9\lib\net472\Guna.Charts.WinForms.dll /r:D:\XML\PersonalFinanceManager\packages\Guna.UI2.WinForms.2.0.4.6\lib\net472\Guna.UI2.dll /r:D:\XML\PersonalFinanceManager\packages\iTextSharp.5.5.13.5\lib\net461\itextsharp.dll /r:D:\XML\PersonalFinanceManager\packages\LiveCharts.0.9.7\lib\net45\LiveCharts.dll /r:D:\XML\PersonalFinanceManager\packages\LiveCharts.WinForms.0.9.7.1\lib\net45\LiveCharts.WinForms.dll /r:D:\XML\PersonalFinanceManager\packages\LiveCharts.Wpf.0.9.7\lib\net45\LiveCharts.Wpf.dll /r:D:\XML\PersonalFinanceManager\packages\Microsoft.Bcl.AsyncInterfaces.9.0.1\lib\net462\Microsoft.Bcl.AsyncInterfaces.dll /r:"C:\Program Files (x86)\Reference Assemblies\Microsoft\Framework\.NETFramework\v4.7.2\Microsoft.CSharp.dll" /r:D:\XML\PersonalFinanceManager\packages\Microsoft.IO.RecyclableMemoryStream.3.0.1\lib\netstandard2.0\Microsoft.IO.RecyclableMemoryStream.dll /r:"C:\Program Files (x86)\Reference Assemblies\Microsoft\Framework\.NETFramework\v4.7.2\mscorlib.dll" /r:D:\XML\PersonalFinanceManager\PersonalFinanceManager.BLL\bin\Debug\PersonalFinanceManager.BLL.dll /r:D:\XML\PersonalFinanceManager\PersonalFinanceManager.Common\bin\Debug\PersonalFinanceManager.Common.dll /r:D:\XML\PersonalFinanceManager\PersonalFinanceManager.DAL\bin\Debug\PersonalFinanceManager.DAL.dll /r:D:\XML\PersonalFinanceManager\PersonalFinanceManager.Infrastructure\bin\Debug\PersonalFinanceManager.Infrastructure.dll /r:D:\XML\PersonalFinanceManager\PersonalFinanceManager.Models\bin\Debug\PersonalFinanceManager.Models.dll /r:"C:\Program Files (x86)\Reference Assemblies\Microsoft\Framework\.NETFramework\v4.7.2\PresentationCore.dll" /r:"C:\Program Files (x86)\Reference Assemblies\Microsoft\Framework\.NETFramework\v4.7.2\PresentationFramework.dll" /r:D:\XML\PersonalFinanceManager\packages\System.Buffers.4.6.1\lib\net462\System.Buffers.dll /r:D:\XML\PersonalFinanceManager\packages\System.ComponentModel.Annotations.5.0.0\lib\net461\System.ComponentModel.Annotations.dll /r:"C:\Program Files (x86)\Reference Assemblies\Microsoft\Framework\.NETFramework\v4.7.2\System.ComponentModel.DataAnnotations.dll" /r:"C:\Program Files (x86)\Reference Assemblies\Microsoft\Framework\.NETFramework\v4.7.2\System.Configuration.dll" /r:"C:\Program Files (x86)\Reference Assemblies\Microsoft\Framework\.NETFramework\v4.7.2\System.Core.dll" /r:"C:\Program Files (x86)\Reference Assemblies\Microsoft\Framework\.NETFramework\v4.7.2\System.Data.DataSetExtensions.dll" /r:"C:\Program Files (x86)\Reference Assemblies\Microsoft\Framework\.NETFramework\v4.7.2\System.Data.dll" /r:D:\XML\PersonalFinanceManager\packages\Stub.System.Data.SQLite.Core.NetFramework.1.0.119.0\lib\net46\System.Data.SQLite.dll /r:D:\XML\PersonalFinanceManager\packages\System.Data.SQLite.EF6.1.0.119.0\lib\net46\System.Data.SQLite.EF6.dll /r:D:\XML\PersonalFinanceManager\packages\System.Data.SQLite.Linq.1.0.119.0\lib\net46\System.Data.SQLite.Linq.dll /r:"C:\Program Files (x86)\Reference Assemblies\Microsoft\Framework\.NETFramework\v4.7.2\System.Deployment.dll" /r:"C:\Program Files (x86)\Reference Assemblies\Microsoft\Framework\.NETFramework\v4.7.2\System.Design.dll" /r:"C:\Program Files (x86)\Reference Assemblies\Microsoft\Framework\.NETFramework\v4.7.2\System.dll" /r:D:\XML\PersonalFinanceManager\PersonalFinanceManager.UI\bin\Debug\System.Drawing.Common.dll /r:"C:\Program Files (x86)\Reference Assemblies\Microsoft\Framework\.NETFramework\v4.7.2\System.Drawing.dll" /r:"C:\Program Files (x86)\Reference Assemblies\Microsoft\Framework\.NETFramework\v4.7.2\System.Management.dll" /r:D:\XML\PersonalFinanceManager\packages\System.Memory.4.5.5\lib\net461\System.Memory.dll /r:"C:\Program Files (x86)\Reference Assemblies\Microsoft\Framework\.NETFramework\v4.7.2\System.Net.Http.dll" /r:"C:\Program Files (x86)\Reference Assemblies\Microsoft\Framework\.NETFramework\v4.7.2\System.Numerics.dll" /r:D:\XML\PersonalFinanceManager\packages\System.Numerics.Vectors.4.6.1\lib\net462\System.Numerics.Vectors.dll /r:D:\XML\PersonalFinanceManager\packages\System.Runtime.CompilerServices.Unsafe.6.1.2\lib\net462\System.Runtime.CompilerServices.Unsafe.dll /r:D:\XML\PersonalFinanceManager\packages\System.Security.Cryptography.Xml.8.0.2\lib\net462\System.Security.Cryptography.Xml.dll /r:"C:\Program Files (x86)\Reference Assemblies\Microsoft\Framework\.NETFramework\v4.7.2\System.Security.dll" /r:D:\XML\PersonalFinanceManager\packages\System.Threading.Tasks.Extensions.4.6.3\lib\net462\System.Threading.Tasks.Extensions.dll /r:"C:\Program Files (x86)\Reference Assemblies\Microsoft\Framework\.NETFramework\v4.7.2\System.Transactions.dll" /r:"C:\Program Files (x86)\Reference Assemblies\Microsoft\Framework\.NETFramework\v4.7.2\System.Web.dll" /r:"C:\Program Files (x86)\Reference Assemblies\Microsoft\Framework\.NETFramework\v4.7.2\System.Windows.Forms.dll" /r:"C:\Program Files (x86)\Reference Assemblies\Microsoft\Framework\.NETFramework\v4.7.2\System.Xaml.dll" /r:"C:\Program Files (x86)\Reference Assemblies\Microsoft\Framework\.NETFramework\v4.7.2\System.Xml.dll" /r:"C:\Program Files (x86)\Reference Assemblies\Microsoft\Framework\.NETFramework\v4.7.2\System.Xml.Linq.dll" /r:D:\XML\PersonalFinanceManager\packages\Unity.5.11.8\lib\net47\Unity.Abstractions.dll /r:D:\XML\PersonalFinanceManager\packages\Unity.5.11.8\lib\net47\Unity.Container.dll /r:"C:\Program Files (x86)\Reference Assemblies\Microsoft\Framework\.NETFramework\v4.7.2\WindowsBase.dll" /r:"C:\Program Files (x86)\Reference Assemblies\Microsoft\Framework\.NETFramework\v4.7.2\WindowsFormsIntegration.dll" /r:"C:\Program Files (x86)\Reference Assemblies\Microsoft\Framework\.NETFramework\v4.7.2\Facades\netstandard.dll" /compile Forms\Accounts\AccountForm.resx,obj\Debug\PersonalFinanceManager.Forms.Accounts.AccountForm.resources Forms\Auth\LoginForm.resx,obj\Debug\PersonalFinanceManager.Forms.Auth.LoginForm.resources Forms\Auth\RegisterForm.resx,obj\Debug\PersonalFinanceManager.Forms.Auth.RegisterForm.resources Forms\Categories\CategoryForm.resx,obj\Debug\PersonalFinanceManager.Forms.Categories.CategoryForm.resources Forms\Dashboard\DashboardForm.resx,obj\Debug\PersonalFinanceManager.Forms.Dashboard.DashboardForm.resources Forms\Invoices\CreateInvoiceForm.resx,obj\Debug\PersonalFinanceManager.Forms.Invoices.CreateInvoiceForm.resources Forms\Invoices\InvoiceListForm.resx,obj\Debug\PersonalFinanceManager.Forms.Invoices.InvoiceListForm.resources Forms\Reports\ReportForm.resx,obj\Debug\PersonalFinanceManager.Forms.Reports.ReportForm.resources Forms\Transactions\TransactionListForm.resx,obj\Debug\PersonalFinanceManager.Forms.Transactions.TransactionListForm.resources Properties\Resources.resx,obj\Debug\PersonalFinanceManager.Properties.Resources.resources
  Processing resource file "Forms\Accounts\AccountForm.resx" into "obj\Debug\PersonalFinanceManager.Forms.Accounts.AccountForm.resources".
  Processing resource file "Forms\Auth\LoginForm.resx" into "obj\Debug\PersonalFinanceManager.Forms.Auth.LoginForm.resources".
  Processing resource file "Forms\Auth\RegisterForm.resx" into "obj\Debug\PersonalFinanceManager.Forms.Auth.RegisterForm.resources".
  Processing resource file "Forms\Categories\CategoryForm.resx" into "obj\Debug\PersonalFinanceManager.Forms.Categories.CategoryForm.resources".
  Processing resource file "Forms\Dashboard\DashboardForm.resx" into "obj\Debug\PersonalFinanceManager.Forms.Dashboard.DashboardForm.resources".
  Processing resource file "Forms\Invoices\CreateInvoiceForm.resx" into "obj\Debug\PersonalFinanceManager.Forms.Invoices.CreateInvoiceForm.resources".
  Processing resource file "Forms\Invoices\InvoiceListForm.resx" into "obj\Debug\PersonalFinanceManager.Forms.Invoices.InvoiceListForm.resources".
  Processing resource file "Forms\Reports\ReportForm.resx" into "obj\Debug\PersonalFinanceManager.Forms.Reports.ReportForm.resources".
  Processing resource file "Forms\Transactions\TransactionListForm.resx" into "obj\Debug\PersonalFinanceManager.Forms.Transactions.TransactionListForm.resources".
  Processing resource file "Properties\Resources.resx" into "obj\Debug\PersonalFinanceManager.Properties.Resources.resources".
GenerateTargetFrameworkMonikerAttribute:
Skipping target "GenerateTargetFrameworkMonikerAttribute" because all output files are up-to-date with respect to the input files.
CoreCompile:
  C:\Program Files\Microsoft Visual Studio\18\Insiders\MSBuild\Current\Bin\Roslyn\csc.exe /noconfig /nowarn:1701,1702 /fullpaths /nostdlib+ /platform:x64 /errorreport:prompt /warn:4 /define:DEBUG;TRACE /highentropyva+ /reference:D:\XML\PersonalFinanceManager\packages\BCrypt.Net-Next.4.0.3\lib\net472\BCrypt.Net-Next.dll /reference:D:\XML\PersonalFinanceManager\packages\BouncyCastle.Cryptography.2.6.2\lib\net461\BouncyCastle.Cryptography.dll /reference:D:\XML\PersonalFinanceManager\packages\Dapper.2.1.66\lib\net461\Dapper.dll /reference:D:\XML\PersonalFinanceManager\packages\EntityFramework.6.4.4\lib\net45\EntityFramework.dll /reference:D:\XML\PersonalFinanceManager\packages\EntityFramework.6.4.4\lib\net45\EntityFramework.SqlServer.dll /reference:D:\XML\PersonalFinanceManager\packages\EPPlus.8.5.0\lib\net462\EPPlus.dll /reference:D:\XML\PersonalFinanceManager\packages\EPPlus.Interfaces.8.4.0\lib\net462\EPPlus.Interfaces.dll /reference:D:\XML\PersonalFinanceManager\packages\Guna.Charts.WinForms.1.0.9\lib\net472\Guna.Charts.WinForms.dll /reference:D:\XML\PersonalFinanceManager\packages\Guna.UI2.WinForms.2.0.4.6\lib\net472\Guna.UI2.dll /reference:D:\XML\PersonalFinanceManager\packages\iTextSharp.5.5.13.5\lib\net461\itextsharp.dll /reference:D:\XML\PersonalFinanceManager\packages\LiveCharts.0.9.7\lib\net45\LiveCharts.dll /reference:D:\XML\PersonalFinanceManager\packages\LiveCharts.WinForms.0.9.7.1\lib\net45\LiveCharts.WinForms.dll /reference:D:\XML\PersonalFinanceManager\packages\LiveCharts.Wpf.0.9.7\lib\net45\LiveCharts.Wpf.dll /reference:D:\XML\PersonalFinanceManager\packages\Microsoft.Bcl.AsyncInterfaces.9.0.1\lib\net462\Microsoft.Bcl.AsyncInterfaces.dll /reference:"C:\Program Files (x86)\Reference Assemblies\Microsoft\Framework\.NETFramework\v4.7.2\Microsoft.CSharp.dll" /reference:D:\XML\PersonalFinanceManager\packages\Microsoft.IO.RecyclableMemoryStream.3.0.1\lib\netstandard2.0\Microsoft.IO.RecyclableMemoryStream.dll /reference:"C:\Program Files (x86)\Reference Assemblies\Microsoft\Framework\.NETFramework\v4.7.2\mscorlib.dll" /reference:D:\XML\PersonalFinanceManager\PersonalFinanceManager.BLL\bin\Debug\PersonalFinanceManager.BLL.dll /reference:D:\XML\PersonalFinanceManager\PersonalFinanceManager.Common\bin\Debug\PersonalFinanceManager.Common.dll /reference:D:\XML\PersonalFinanceManager\PersonalFinanceManager.DAL\bin\Debug\PersonalFinanceManager.DAL.dll /reference:D:\XML\PersonalFinanceManager\PersonalFinanceManager.Infrastructure\bin\Debug\PersonalFinanceManager.Infrastructure.dll /reference:D:\XML\PersonalFinanceManager\PersonalFinanceManager.Models\bin\Debug\PersonalFinanceManager.Models.dll /reference:"C:\Program Files (x86)\Reference Assemblies\Microsoft\Framework\.NETFramework\v4.7.2\PresentationCore.dll" /reference:"C:\Program Files (x86)\Reference Assemblies\Microsoft\Framework\.NETFramework\v4.7.2\PresentationFramework.dll" /reference:D:\XML\PersonalFinanceManager\packages\System.Buffers.4.6.1\lib\net462\System.Buffers.dll /reference:D:\XML\PersonalFinanceManager\packages\System.ComponentModel.Annotations.5.0.0\lib\net461\System.ComponentModel.Annotations.dll /reference:"C:\Program Files (x86)\Reference Assemblies\Microsoft\Framework\.NETFramework\v4.7.2\System.ComponentModel.DataAnnotations.dll" /reference:"C:\Program Files (x86)\Reference Assemblies\Microsoft\Framework\.NETFramework\v4.7.2\System.Configuration.dll" /reference:"C:\Program Files (x86)\Reference Assemblies\Microsoft\Framework\.NETFramework\v4.7.2\System.Core.dll" /reference:"C:\Program Files (x86)\Reference Assemblies\Microsoft\Framework\.NETFramework\v4.7.2\System.Data.DataSetExtensions.dll" /reference:"C:\Program Files (x86)\Reference Assemblies\Microsoft\Framework\.NETFramework\v4.7.2\System.Data.dll" /reference:D:\XML\PersonalFinanceManager\packages\Stub.System.Data.SQLite.Core.NetFramework.1.0.119.0\lib\net46\System.Data.SQLite.dll /reference:D:\XML\PersonalFinanceManager\packages\System.Data.SQLite.EF6.1.0.119.0\lib\net46\System.Data.SQLite.EF6.dll /reference:D:\XML\PersonalFinanceManager\packages\System.Data.SQLite.Linq.1.0.119.0\lib\net46\System.Data.SQLite.Linq.dll /reference:"C:\Program Files (x86)\Reference Assemblies\Microsoft\Framework\.NETFramework\v4.7.2\System.Deployment.dll" /reference:"C:\Program Files (x86)\Reference Assemblies\Microsoft\Framework\.NETFramework\v4.7.2\System.Design.dll" /reference:"C:\Program Files (x86)\Reference Assemblies\Microsoft\Framework\.NETFramework\v4.7.2\System.dll" /reference:D:\XML\PersonalFinanceManager\PersonalFinanceManager.UI\bin\Debug\System.Drawing.Common.dll /reference:"C:\Program Files (x86)\Reference Assemblies\Microsoft\Framework\.NETFramework\v4.7.2\System.Drawing.dll" /reference:"C:\Program Files (x86)\Reference Assemblies\Microsoft\Framework\.NETFramework\v4.7.2\System.Management.dll" /reference:D:\XML\PersonalFinanceManager\packages\System.Memory.4.5.5\lib\net461\System.Memory.dll /reference:"C:\Program Files (x86)\Reference Assemblies\Microsoft\Framework\.NETFramework\v4.7.2\System.Net.Http.dll" /reference:"C:\Program Files (x86)\Reference Assemblies\Microsoft\Framework\.NETFramework\v4.7.2\System.Numerics.dll" /reference:D:\XML\PersonalFinanceManager\packages\System.Numerics.Vectors.4.6.1\lib\net462\System.Numerics.Vectors.dll /reference:D:\XML\PersonalFinanceManager\packages\System.Runtime.CompilerServices.Unsafe.6.1.2\lib\net462\System.Runtime.CompilerServices.Unsafe.dll /reference:D:\XML\PersonalFinanceManager\packages\System.Security.Cryptography.Xml.8.0.2\lib\net462\System.Security.Cryptography.Xml.dll /reference:"C:\Program Files (x86)\Reference Assemblies\Microsoft\Framework\.NETFramework\v4.7.2\System.Security.dll" /reference:D:\XML\PersonalFinanceManager\packages\System.Threading.Tasks.Extensions.4.6.3\lib\net462\System.Threading.Tasks.Extensions.dll /reference:"C:\Program Files (x86)\Reference Assemblies\Microsoft\Framework\.NETFramework\v4.7.2\System.Transactions.dll" /reference:"C:\Program Files (x86)\Reference Assemblies\Microsoft\Framework\.NETFramework\v4.7.2\System.Web.dll" /reference:"C:\Program Files (x86)\Reference Assemblies\Microsoft\Framework\.NETFramework\v4.7.2\System.Windows.Forms.dll" /reference:"C:\Program Files (x86)\Reference Assemblies\Microsoft\Framework\.NETFramework\v4.7.2\System.Xaml.dll" /reference:"C:\Program Files (x86)\Reference Assemblies\Microsoft\Framework\.NETFramework\v4.7.2\System.Xml.dll" /reference:"C:\Program Files (x86)\Reference Assemblies\Microsoft\Framework\.NETFramework\v4.7.2\System.Xml.Linq.dll" /reference:D:\XML\PersonalFinanceManager\packages\Unity.5.11.8\lib\net47\Unity.Abstractions.dll /reference:D:\XML\PersonalFinanceManager\packages\Unity.5.11.8\lib\net47\Unity.Container.dll /reference:"C:\Program Files (x86)\Reference Assemblies\Microsoft\Framework\.NETFramework\v4.7.2\WindowsBase.dll" /reference:"C:\Program Files (x86)\Reference Assemblies\Microsoft\Framework\.NETFramework\v4.7.2\WindowsFormsIntegration.dll" /reference:"C:\Program Files (x86)\Reference Assemblies\Microsoft\Framework\.NETFramework\v4.7.2\Facades\netstandard.dll" /debug+ /debug:full /filealign:512 /nowin32manifest /optimize- /out:obj\Debug\PersonalFinanceManager.exe /subsystemversion:6.00 /resource:obj\Debug\PersonalFinanceManager.Forms.Accounts.AccountForm.resources /resource:obj\Debug\PersonalFinanceManager.Forms.Auth.LoginForm.resources /resource:obj\Debug\PersonalFinanceManager.Forms.Auth.RegisterForm.resources /resource:obj\Debug\PersonalFinanceManager.Forms.Categories.CategoryForm.resources /resource:obj\Debug\PersonalFinanceManager.Forms.Dashboard.DashboardForm.resources /resource:obj\Debug\PersonalFinanceManager.Forms.Invoices.CreateInvoiceForm.resources /resource:obj\Debug\PersonalFinanceManager.Forms.Invoices.InvoiceListForm.resources /resource:obj\Debug\PersonalFinanceManager.Forms.Reports.ReportForm.resources /resource:obj\Debug\PersonalFinanceManager.Forms.Transactions.TransactionListForm.resources /resource:obj\Debug\PersonalFinanceManager.Properties.Resources.resources /target:winexe /utf8output /deterministic+ /langversion:7.3 Controls\ChartHelper.cs Controls\ExpenseChart.cs Controls\ExpenseChart.Designer.cs Controls\ExportHelper.cs Controls\TransactionGrid.cs Controls\TransactionGrid.Designer.cs Forms\Accounts\AccountForm.cs Forms\Accounts\AccountForm.Designer.cs Forms\Auth\LoginForm.cs Forms\Auth\LoginForm.Designer.cs Forms\Auth\RegisterForm.cs Forms\Auth\RegisterForm.Designer.cs Forms\Categories\CategoryForm.cs Forms\Categories\CategoryForm.Designer.cs Forms\Categories\Category.cs Forms\Dashboard\DashboardForm.cs Forms\Dashboard\DashboardForm.Designer.cs Forms\Invoices\CreateInvoiceForm.cs Forms\Invoices\CreateInvoiceForm.Designer.cs Forms\Invoices\InvoiceListForm.cs Forms\Invoices\InvoiceListForm.Designer.cs Forms\MyWallet\MyWalletForm.cs Forms\MyWallet\MyWalletForm.Designer.cs Forms\Reports\ReportForm.cs Forms\Reports\ReportForm.Designer.cs Forms\Settings\SettingsForm.cs Forms\Settings\SettingsForm.Designer.cs Forms\Transactions\TransactionListForm.cs Forms\Transactions\TransactionListForm.Designer.cs Mock\MockTransactionService.cs Mock\MockUserService.cs Navigation\FormNavigator.cs Program.cs Properties\AssemblyInfo.cs Theme\GunaThemeConfig.cs ViewModels\TransactionViewModel.cs Properties\Resources.Designer.cs Properties\Settings.Designer.cs "obj\Debug\.NETFramework,Version=v4.7.2.AssemblyAttributes.cs"
  Compilation request PersonalFinanceManager.UI, PathToTool=C:\Program Files\Microsoft Visual Studio\18\Insiders\MSBuild\Current\Bin\Roslyn\csc.exe
  CommandLine = ' /noconfig'
  BuildResponseFile = '/nowarn:1701,1702 /fullpaths /nostdlib+ /platform:x64 /errorreport:prompt /warn:4 /define:DEBUG;TRACE /highentropyva+ /reference:D:\XML\PersonalFinanceManager\packages\BCrypt.Net-Next.4.0.3\lib\net472\BCrypt.Net-Next.dll /reference:D:\XML\PersonalFinanceManager\packages\BouncyCastle.Cryptography.2.6.2\lib\net461\BouncyCastle.Cryptography.dll /reference:D:\XML\PersonalFinanceManager\packages\Dapper.2.1.66\lib\net461\Dapper.dll /reference:D:\XML\PersonalFinanceManager\packages\EntityFramework.6.4.4\lib\net45\EntityFramework.dll /reference:D:\XML\PersonalFinanceManager\packages\EntityFramework.6.4.4\lib\net45\EntityFramework.SqlServer.dll /reference:D:\XML\PersonalFinanceManager\packages\EPPlus.8.5.0\lib\net462\EPPlus.dll /reference:D:\XML\PersonalFinanceManager\packages\EPPlus.Interfaces.8.4.0\lib\net462\EPPlus.Interfaces.dll /reference:D:\XML\PersonalFinanceManager\packages\Guna.Charts.WinForms.1.0.9\lib\net472\Guna.Charts.WinForms.dll /reference:D:\XML\PersonalFinanceManager\packages\Guna.UI2.WinForms.2.0.4.6\lib\net472\Guna.UI2.dll /reference:D:\XML\PersonalFinanceManager\packages\iTextSharp.5.5.13.5\lib\net461\itextsharp.dll /reference:D:\XML\PersonalFinanceManager\packages\LiveCharts.0.9.7\lib\net45\LiveCharts.dll /reference:D:\XML\PersonalFinanceManager\packages\LiveCharts.WinForms.0.9.7.1\lib\net45\LiveCharts.WinForms.dll /reference:D:\XML\PersonalFinanceManager\packages\LiveCharts.Wpf.0.9.7\lib\net45\LiveCharts.Wpf.dll /reference:D:\XML\PersonalFinanceManager\packages\Microsoft.Bcl.AsyncInterfaces.9.0.1\lib\net462\Microsoft.Bcl.AsyncInterfaces.dll /reference:"C:\Program Files (x86)\Reference Assemblies\Microsoft\Framework\.NETFramework\v4.7.2\Microsoft.CSharp.dll" /reference:D:\XML\PersonalFinanceManager\packages\Microsoft.IO.RecyclableMemoryStream.3.0.1\lib\netstandard2.0\Microsoft.IO.RecyclableMemoryStream.dll /reference:"C:\Program Files (x86)\Reference Assemblies\Microsoft\Framework\.NETFramework\v4.7.2\mscorlib.dll" /reference:D:\XML\PersonalFinanceManager\PersonalFinanceManager.BLL\bin\Debug\PersonalFinanceManager.BLL.dll /reference:D:\XML\PersonalFinanceManager\PersonalFinanceManager.Common\bin\Debug\PersonalFinanceManager.Common.dll /reference:D:\XML\PersonalFinanceManager\PersonalFinanceManager.DAL\bin\Debug\PersonalFinanceManager.DAL.dll /reference:D:\XML\PersonalFinanceManager\PersonalFinanceManager.Infrastructure\bin\Debug\PersonalFinanceManager.Infrastructure.dll /reference:D:\XML\PersonalFinanceManager\PersonalFinanceManager.Models\bin\Debug\PersonalFinanceManager.Models.dll /reference:"C:\Program Files (x86)\Reference Assemblies\Microsoft\Framework\.NETFramework\v4.7.2\PresentationCore.dll" /reference:"C:\Program Files (x86)\Reference Assemblies\Microsoft\Framework\.NETFramework\v4.7.2\PresentationFramework.dll" /reference:D:\XML\PersonalFinanceManager\packages\System.Buffers.4.6.1\lib\net462\System.Buffers.dll /reference:D:\XML\PersonalFinanceManager\packages\System.ComponentModel.Annotations.5.0.0\lib\net461\System.ComponentModel.Annotations.dll /reference:"C:\Program Files (x86)\Reference Assemblies\Microsoft\Framework\.NETFramework\v4.7.2\System.ComponentModel.DataAnnotations.dll" /reference:"C:\Program Files (x86)\Reference Assemblies\Microsoft\Framework\.NETFramework\v4.7.2\System.Configuration.dll" /reference:"C:\Program Files (x86)\Reference Assemblies\Microsoft\Framework\.NETFramework\v4.7.2\System.Core.dll" /reference:"C:\Program Files (x86)\Reference Assemblies\Microsoft\Framework\.NETFramework\v4.7.2\System.Data.DataSetExtensions.dll" /reference:"C:\Program Files (x86)\Reference Assemblies\Microsoft\Framework\.NETFramework\v4.7.2\System.Data.dll" /reference:D:\XML\PersonalFinanceManager\packages\Stub.System.Data.SQLite.Core.NetFramework.1.0.119.0\lib\net46\System.Data.SQLite.dll /reference:D:\XML\PersonalFinanceManager\packages\System.Data.SQLite.EF6.1.0.119.0\lib\net46\System.Data.SQLite.EF6.dll /reference:D:\XML\PersonalFinanceManager\packages\System.Data.SQLite.Linq.1.0.119.0\lib\net46\System.Data.SQLite.Linq.dll /reference:"C:\Program Files (x86)\Reference Assemblies\Microsoft\Framework\.NETFramework\v4.7.2\System.Deployment.dll" /reference:"C:\Program Files (x86)\Reference Assemblies\Microsoft\Framework\.NETFramework\v4.7.2\System.Design.dll" /reference:"C:\Program Files (x86)\Reference Assemblies\Microsoft\Framework\.NETFramework\v4.7.2\System.dll" /reference:D:\XML\PersonalFinanceManager\PersonalFinanceManager.UI\bin\Debug\System.Drawing.Common.dll /reference:"C:\Program Files (x86)\Reference Assemblies\Microsoft\Framework\.NETFramework\v4.7.2\System.Drawing.dll" /reference:"C:\Program Files (x86)\Reference Assemblies\Microsoft\Framework\.NETFramework\v4.7.2\System.Management.dll" /reference:D:\XML\PersonalFinanceManager\packages\System.Memory.4.5.5\lib\net461\System.Memory.dll /reference:"C:\Program Files (x86)\Reference Assemblies\Microsoft\Framework\.NETFramework\v4.7.2\System.Net.Http.dll" /reference:"C:\Program Files (x86)\Reference Assemblies\Microsoft\Framework\.NETFramework\v4.7.2\System.Numerics.dll" /reference:D:\XML\PersonalFinanceManager\packages\System.Numerics.Vectors.4.6.1\lib\net462\System.Numerics.Vectors.dll /reference:D:\XML\PersonalFinanceManager\packages\System.Runtime.CompilerServices.Unsafe.6.1.2\lib\net462\System.Runtime.CompilerServices.Unsafe.dll /reference:D:\XML\PersonalFinanceManager\packages\System.Security.Cryptography.Xml.8.0.2\lib\net462\System.Security.Cryptography.Xml.dll /reference:"C:\Program Files (x86)\Reference Assemblies\Microsoft\Framework\.NETFramework\v4.7.2\System.Security.dll" /reference:D:\XML\PersonalFinanceManager\packages\System.Threading.Tasks.Extensions.4.6.3\lib\net462\System.Threading.Tasks.Extensions.dll /reference:"C:\Program Files (x86)\Reference Assemblies\Microsoft\Framework\.NETFramework\v4.7.2\System.Transactions.dll" /reference:"C:\Program Files (x86)\Reference Assemblies\Microsoft\Framework\.NETFramework\v4.7.2\System.Web.dll" /reference:"C:\Program Files (x86)\Reference Assemblies\Microsoft\Framework\.NETFramework\v4.7.2\System.Windows.Forms.dll" /reference:"C:\Program Files (x86)\Reference Assemblies\Microsoft\Framework\.NETFramework\v4.7.2\System.Xaml.dll" /reference:"C:\Program Files (x86)\Reference Assemblies\Microsoft\Framework\.NETFramework\v4.7.2\System.Xml.dll" /reference:"C:\Program Files (x86)\Reference Assemblies\Microsoft\Framework\.NETFramework\v4.7.2\System.Xml.Linq.dll" /reference:D:\XML\PersonalFinanceManager\packages\Unity.5.11.8\lib\net47\Unity.Abstractions.dll /reference:D:\XML\PersonalFinanceManager\packages\Unity.5.11.8\lib\net47\Unity.Container.dll /reference:"C:\Program Files (x86)\Reference Assemblies\Microsoft\Framework\.NETFramework\v4.7.2\WindowsBase.dll" /reference:"C:\Program Files (x86)\Reference Assemblies\Microsoft\Framework\.NETFramework\v4.7.2\WindowsFormsIntegration.dll" /reference:"C:\Program Files (x86)\Reference Assemblies\Microsoft\Framework\.NETFramework\v4.7.2\Facades\netstandard.dll" /debug+ /debug:full /filealign:512 /nowin32manifest /optimize- /out:obj\Debug\PersonalFinanceManager.exe /subsystemversion:6.00 /resource:obj\Debug\PersonalFinanceManager.Forms.Accounts.AccountForm.resources /resource:obj\Debug\PersonalFinanceManager.Forms.Auth.LoginForm.resources /resource:obj\Debug\PersonalFinanceManager.Forms.Auth.RegisterForm.resources /resource:obj\Debug\PersonalFinanceManager.Forms.Categories.CategoryForm.resources /resource:obj\Debug\PersonalFinanceManager.Forms.Dashboard.DashboardForm.resources /resource:obj\Debug\PersonalFinanceManager.Forms.Invoices.CreateInvoiceForm.resources /resource:obj\Debug\PersonalFinanceManager.Forms.Invoices.InvoiceListForm.resources /resource:obj\Debug\PersonalFinanceManager.Forms.Reports.ReportForm.resources /resource:obj\Debug\PersonalFinanceManager.Forms.Transactions.TransactionListForm.resources /resource:obj\Debug\PersonalFinanceManager.Properties.Resources.resources /target:winexe /utf8output /deterministic+ /langversion:7.3 Controls\ChartHelper.cs Controls\ExpenseChart.cs Controls\ExpenseChart.Designer.cs Controls\ExportHelper.cs Controls\TransactionGrid.cs Controls\TransactionGrid.Designer.cs Forms\Accounts\AccountForm.cs Forms\Accounts\AccountForm.Designer.cs Forms\Auth\LoginForm.cs Forms\Auth\LoginForm.Designer.cs Forms\Auth\RegisterForm.cs Forms\Auth\RegisterForm.Designer.cs Forms\Categories\CategoryForm.cs Forms\Categories\CategoryForm.Designer.cs Forms\Categories\Category.cs Forms\Dashboard\DashboardForm.cs Forms\Dashboard\DashboardForm.Designer.cs Forms\Invoices\CreateInvoiceForm.cs Forms\Invoices\CreateInvoiceForm.Designer.cs Forms\Invoices\InvoiceListForm.cs Forms\Invoices\InvoiceListForm.Designer.cs Forms\MyWallet\MyWalletForm.cs Forms\MyWallet\MyWalletForm.Designer.cs Forms\Reports\ReportForm.cs Forms\Reports\ReportForm.Designer.cs Forms\Settings\SettingsForm.cs Forms\Settings\SettingsForm.Designer.cs Forms\Transactions\TransactionListForm.cs Forms\Transactions\TransactionListForm.Designer.cs Mock\MockTransactionService.cs Mock\MockUserService.cs Navigation\FormNavigator.cs Program.cs Properties\AssemblyInfo.cs Theme\GunaThemeConfig.cs ViewModels\TransactionViewModel.cs Properties\Resources.Designer.cs Properties\Settings.Designer.cs "obj\Debug\.NETFramework,Version=v4.7.2.AssemblyAttributes.cs"'
  Attempt to open named pipe 'oh022SD8mDYwcGf3md6EPU9liy5XFLEqabtlPjTChOU'
  Attempt to connect named pipe 'oh022SD8mDYwcGf3md6EPU9liy5XFLEqabtlPjTChOU'
  Named pipe 'oh022SD8mDYwcGf3md6EPU9liy5XFLEqabtlPjTChOU' connected
  Begin writing request for PersonalFinanceManager.UI
  End writing request for PersonalFinanceManager.UI
  Begin reading response for PersonalFinanceManager.UI
  End reading response for PersonalFinanceManager.UI
D:\XML\PersonalFinanceManager\PersonalFinanceManager.UI\Forms\Accounts\AccountForm.cs(19,22): warning CS0414: The field 'AccountForm.currentChildForm' is assigned but its value is never used [D:\XML\PersonalFinanceManager\PersonalFinanceManager.UI\PersonalFinanceManager.UI.csproj]
  CompilerServer: server - server processed compilation - PersonalFinanceManager.UI
_CopyFilesMarkedCopyLocal:
  Copying file from "D:\XML\PersonalFinanceManager\packages\BCrypt.Net-Next.4.0.3\lib\net472\BCrypt.Net-Next.dll" to "D:\XML\PersonalFinanceManager\PersonalFinanceManager.UI\bin\Debug\BCrypt.Net-Next.dll".
  Copying file from "D:\XML\PersonalFinanceManager\packages\EntityFramework.6.4.4\lib\net45\EntityFramework.SqlServer.dll" to "D:\XML\PersonalFinanceManager\PersonalFinanceManager.UI\bin\Debug\EntityFramework.SqlServer.dll".
  Copying file from "D:\XML\PersonalFinanceManager\packages\BouncyCastle.Cryptography.2.6.2\lib\net461\BouncyCastle.Cryptography.dll" to "D:\XML\PersonalFinanceManager\PersonalFinanceManager.UI\bin\Debug\BouncyCastle.Cryptography.dll".
  Copying file from "D:\XML\PersonalFinanceManager\packages\Dapper.2.1.66\lib\net461\Dapper.dll" to "D:\XML\PersonalFinanceManager\PersonalFinanceManager.UI\bin\Debug\Dapper.dll".
  Copying file from "D:\XML\PersonalFinanceManager\packages\EPPlus.8.5.0\lib\net462\EPPlus.dll" to "D:\XML\PersonalFinanceManager\PersonalFinanceManager.UI\bin\Debug\EPPlus.dll".
  Copying file from "D:\XML\PersonalFinanceManager\packages\EntityFramework.6.4.4\lib\net45\EntityFramework.dll" to "D:\XML\PersonalFinanceManager\PersonalFinanceManager.UI\bin\Debug\EntityFramework.dll".
  Copying file from "D:\XML\PersonalFinanceManager\packages\Guna.Charts.WinForms.1.0.9\lib\net472\Guna.Charts.WinForms.dll" to "D:\XML\PersonalFinanceManager\PersonalFinanceManager.UI\bin\Debug\Guna.Charts.WinForms.dll".
  Copying file from "D:\XML\PersonalFinanceManager\packages\iTextSharp.5.5.13.5\lib\net461\itextsharp.dll" to "D:\XML\PersonalFinanceManager\PersonalFinanceManager.UI\bin\Debug\itextsharp.dll".
  Copying file from "D:\XML\PersonalFinanceManager\packages\EPPlus.Interfaces.8.4.0\lib\net462\EPPlus.Interfaces.dll" to "D:\XML\PersonalFinanceManager\PersonalFinanceManager.UI\bin\Debug\EPPlus.Interfaces.dll".
  Copying file from "D:\XML\PersonalFinanceManager\packages\LiveCharts.WinForms.0.9.7.1\lib\net45\LiveCharts.WinForms.dll" to "D:\XML\PersonalFinanceManager\PersonalFinanceManager.UI\bin\Debug\LiveCharts.WinForms.dll".
  Copying file from "D:\XML\PersonalFinanceManager\packages\Guna.UI2.WinForms.2.0.4.6\lib\net472\Guna.UI2.dll" to "D:\XML\PersonalFinanceManager\PersonalFinanceManager.UI\bin\Debug\Guna.UI2.dll".
  Copying file from "D:\XML\PersonalFinanceManager\packages\LiveCharts.0.9.7\lib\net45\LiveCharts.dll" to "D:\XML\PersonalFinanceManager\PersonalFinanceManager.UI\bin\Debug\LiveCharts.dll".
  Copying file from "D:\XML\PersonalFinanceManager\packages\Microsoft.IO.RecyclableMemoryStream.3.0.1\lib\netstandard2.0\Microsoft.IO.RecyclableMemoryStream.dll" to "D:\XML\PersonalFinanceManager\PersonalFinanceManager.UI\bin\Debug\Microsoft.IO.RecyclableMemoryStream.dll".
  Copying file from "D:\XML\PersonalFinanceManager\PersonalFinanceManager.BLL\bin\Debug\PersonalFinanceManager.BLL.dll" to "D:\XML\PersonalFinanceManager\PersonalFinanceManager.UI\bin\Debug\PersonalFinanceManager.BLL.dll".
  Copying file from "D:\XML\PersonalFinanceManager\packages\LiveCharts.Wpf.0.9.7\lib\net45\LiveCharts.Wpf.dll" to "D:\XML\PersonalFinanceManager\PersonalFinanceManager.UI\bin\Debug\LiveCharts.Wpf.dll".
  Copying file from "D:\XML\PersonalFinanceManager\packages\Microsoft.Bcl.AsyncInterfaces.9.0.1\lib\net462\Microsoft.Bcl.AsyncInterfaces.dll" to "D:\XML\PersonalFinanceManager\PersonalFinanceManager.UI\bin\Debug\Microsoft.Bcl.AsyncInterfaces.dll".
  Copying file from "D:\XML\PersonalFinanceManager\PersonalFinanceManager.Common\bin\Debug\PersonalFinanceManager.Common.dll" to "D:\XML\PersonalFinanceManager\PersonalFinanceManager.UI\bin\Debug\PersonalFinanceManager.Common.dll".
  Copying file from "D:\XML\PersonalFinanceManager\PersonalFinanceManager.Infrastructure\bin\Debug\PersonalFinanceManager.Infrastructure.dll" to "D:\XML\PersonalFinanceManager\PersonalFinanceManager.UI\bin\Debug\PersonalFinanceManager.Infrastructure.dll".
  Copying file from "D:\XML\PersonalFinanceManager\PersonalFinanceManager.Models\bin\Debug\PersonalFinanceManager.Models.dll" to "D:\XML\PersonalFinanceManager\PersonalFinanceManager.UI\bin\Debug\PersonalFinanceManager.Models.dll".
  Copying file from "D:\XML\PersonalFinanceManager\PersonalFinanceManager.DAL\bin\Debug\PersonalFinanceManager.DAL.dll" to "D:\XML\PersonalFinanceManager\PersonalFinanceManager.UI\bin\Debug\PersonalFinanceManager.DAL.dll".
  Copying file from "D:\XML\PersonalFinanceManager\packages\System.ComponentModel.Annotations.5.0.0\lib\net461\System.ComponentModel.Annotations.dll" to "D:\XML\PersonalFinanceManager\PersonalFinanceManager.UI\bin\Debug\System.ComponentModel.Annotations.dll".
  Copying file from "D:\XML\PersonalFinanceManager\packages\System.Data.SQLite.EF6.1.0.119.0\lib\net46\System.Data.SQLite.EF6.dll" to "D:\XML\PersonalFinanceManager\PersonalFinanceManager.UI\bin\Debug\System.Data.SQLite.EF6.dll".
  Copying file from "D:\XML\PersonalFinanceManager\packages\System.Data.SQLite.Linq.1.0.119.0\lib\net46\System.Data.SQLite.Linq.dll" to "D:\XML\PersonalFinanceManager\PersonalFinanceManager.UI\bin\Debug\System.Data.SQLite.Linq.dll".
  Copying file from "D:\XML\PersonalFinanceManager\packages\Stub.System.Data.SQLite.Core.NetFramework.1.0.119.0\lib\net46\System.Data.SQLite.dll" to "D:\XML\PersonalFinanceManager\PersonalFinanceManager.UI\bin\Debug\System.Data.SQLite.dll".
  Copying file from "D:\XML\PersonalFinanceManager\packages\System.Buffers.4.6.1\lib\net462\System.Buffers.dll" to "D:\XML\PersonalFinanceManager\PersonalFinanceManager.UI\bin\Debug\System.Buffers.dll".
  Copying file from "D:\XML\PersonalFinanceManager\packages\System.Memory.4.5.5\lib\net461\System.Memory.dll" to "D:\XML\PersonalFinanceManager\PersonalFinanceManager.UI\bin\Debug\System.Memory.dll".
  Copying file from "D:\XML\PersonalFinanceManager\packages\System.Security.Cryptography.Xml.8.0.2\lib\net462\System.Security.Cryptography.Xml.dll" to "D:\XML\PersonalFinanceManager\PersonalFinanceManager.UI\bin\Debug\System.Security.Cryptography.Xml.dll".
  Copying file from "D:\XML\PersonalFinanceManager\packages\System.Numerics.Vectors.4.6.1\lib\net462\System.Numerics.Vectors.dll" to "D:\XML\PersonalFinanceManager\PersonalFinanceManager.UI\bin\Debug\System.Numerics.Vectors.dll".
  Copying file from "D:\XML\PersonalFinanceManager\packages\Unity.5.11.8\lib\net47\Unity.Abstractions.dll" to "D:\XML\PersonalFinanceManager\PersonalFinanceManager.UI\bin\Debug\Unity.Abstractions.dll".
  Copying file from "D:\XML\PersonalFinanceManager\packages\System.Runtime.CompilerServices.Unsafe.6.1.2\lib\net462\System.Runtime.CompilerServices.Unsafe.dll" to "D:\XML\PersonalFinanceManager\PersonalFinanceManager.UI\bin\Debug\System.Runtime.CompilerServices.Unsafe.dll".
  Copying file from "D:\XML\PersonalFinanceManager\packages\Unity.5.11.8\lib\net47\Unity.Container.dll" to "D:\XML\PersonalFinanceManager\PersonalFinanceManager.UI\bin\Debug\Unity.Container.dll".
  Copying file from "D:\XML\PersonalFinanceManager\packages\System.Threading.Tasks.Extensions.4.6.3\lib\net462\System.Threading.Tasks.Extensions.dll" to "D:\XML\PersonalFinanceManager\PersonalFinanceManager.UI\bin\Debug\System.Threading.Tasks.Extensions.dll".
  Copying file from "D:\XML\PersonalFinanceManager\PersonalFinanceManager.BLL\bin\Debug\Microsoft.ML.DataView.dll" to "D:\XML\PersonalFinanceManager\PersonalFinanceManager.UI\bin\Debug\Microsoft.ML.DataView.dll".
  Copying file from "D:\XML\PersonalFinanceManager\PersonalFinanceManager.BLL\bin\Debug\Microsoft.ML.Data.dll" to "D:\XML\PersonalFinanceManager\PersonalFinanceManager.UI\bin\Debug\Microsoft.ML.Data.dll".
  Copying file from "D:\XML\PersonalFinanceManager\PersonalFinanceManager.BLL\bin\Debug\FluentValidation.dll" to "D:\XML\PersonalFinanceManager\PersonalFinanceManager.UI\bin\Debug\FluentValidation.dll".
  Copying file from "D:\XML\PersonalFinanceManager\PersonalFinanceManager.BLL\bin\Debug\Microsoft.ML.Core.dll" to "D:\XML\PersonalFinanceManager\PersonalFinanceManager.UI\bin\Debug\Microsoft.ML.Core.dll".
  Copying file from "D:\XML\PersonalFinanceManager\PersonalFinanceManager.BLL\bin\Debug\Newtonsoft.Json.dll" to "D:\XML\PersonalFinanceManager\PersonalFinanceManager.UI\bin\Debug\Newtonsoft.Json.dll".
  Copying file from "D:\XML\PersonalFinanceManager\PersonalFinanceManager.BLL\bin\Debug\System.Collections.Immutable.dll" to "D:\XML\PersonalFinanceManager\PersonalFinanceManager.UI\bin\Debug\System.Collections.Immutable.dll".
  Copying file from "D:\XML\PersonalFinanceManager\PersonalFinanceManager.BLL\bin\Debug\Microsoft.ML.FastTree.dll" to "D:\XML\PersonalFinanceManager\PersonalFinanceManager.UI\bin\Debug\Microsoft.ML.FastTree.dll".
  Copying file from "D:\XML\PersonalFinanceManager\PersonalFinanceManager.BLL\bin\Debug\Microsoft.ML.CpuMath.dll" to "D:\XML\PersonalFinanceManager\PersonalFinanceManager.UI\bin\Debug\Microsoft.ML.CpuMath.dll".
  Copying file from "D:\XML\PersonalFinanceManager\PersonalFinanceManager.BLL\bin\Debug\System.Numerics.Tensors.dll" to "D:\XML\PersonalFinanceManager\PersonalFinanceManager.UI\bin\Debug\System.Numerics.Tensors.dll".
  Copying file from "D:\XML\PersonalFinanceManager\PersonalFinanceManager.BLL\bin\Debug\PersonalFinanceManager.BLL.dll.config" to "D:\XML\PersonalFinanceManager\PersonalFinanceManager.UI\bin\Debug\PersonalFinanceManager.BLL.dll.config".
  Copying file from "D:\XML\PersonalFinanceManager\PersonalFinanceManager.BLL\bin\Debug\PersonalFinanceManager.BLL.pdb" to "D:\XML\PersonalFinanceManager\PersonalFinanceManager.UI\bin\Debug\PersonalFinanceManager.BLL.pdb".
  Copying file from "D:\XML\PersonalFinanceManager\PersonalFinanceManager.BLL\bin\Debug\Microsoft.Bcl.Numerics.dll" to "D:\XML\PersonalFinanceManager\PersonalFinanceManager.UI\bin\Debug\Microsoft.Bcl.Numerics.dll".
  Copying file from "D:\XML\PersonalFinanceManager\PersonalFinanceManager.Common\bin\Debug\PersonalFinanceManager.Common.pdb" to "D:\XML\PersonalFinanceManager\PersonalFinanceManager.UI\bin\Debug\PersonalFinanceManager.Common.pdb".
  Copying file from "D:\XML\PersonalFinanceManager\PersonalFinanceManager.Common\bin\Debug\PersonalFinanceManager.Common.dll.config" to "D:\XML\PersonalFinanceManager\PersonalFinanceManager.UI\bin\Debug\PersonalFinanceManager.Common.dll.config".
  Copying file from "D:\XML\PersonalFinanceManager\PersonalFinanceManager.DAL\bin\Debug\PersonalFinanceManager.DAL.dll.config" to "D:\XML\PersonalFinanceManager\PersonalFinanceManager.UI\bin\Debug\PersonalFinanceManager.DAL.dll.config".
  Copying file from "D:\XML\PersonalFinanceManager\PersonalFinanceManager.Infrastructure\bin\Debug\PersonalFinanceManager.Infrastructure.pdb" to "D:\XML\PersonalFinanceManager\PersonalFinanceManager.UI\bin\Debug\PersonalFinanceManager.Infrastructure.pdb".
  Copying file from "D:\XML\PersonalFinanceManager\PersonalFinanceManager.DAL\bin\Debug\PersonalFinanceManager.DAL.pdb" to "D:\XML\PersonalFinanceManager\PersonalFinanceManager.UI\bin\Debug\PersonalFinanceManager.DAL.pdb".
  Copying file from "D:\XML\PersonalFinanceManager\PersonalFinanceManager.BLL\bin\Debug\System.Threading.Channels.dll" to "D:\XML\PersonalFinanceManager\PersonalFinanceManager.UI\bin\Debug\System.Threading.Channels.dll".
  Copying file from "D:\XML\PersonalFinanceManager\PersonalFinanceManager.Models\bin\Debug\PersonalFinanceManager.Models.dll.config" to "D:\XML\PersonalFinanceManager\PersonalFinanceManager.UI\bin\Debug\PersonalFinanceManager.Models.dll.config".
  Copying file from "D:\XML\PersonalFinanceManager\packages\BCrypt.Net-Next.4.0.3\lib\net472\BCrypt.Net-Next.xml" to "D:\XML\PersonalFinanceManager\PersonalFinanceManager.UI\bin\Debug\BCrypt.Net-Next.xml".
  Copying file from "D:\XML\PersonalFinanceManager\PersonalFinanceManager.Infrastructure\bin\Debug\PersonalFinanceManager.Infrastructure.dll.config" to "D:\XML\PersonalFinanceManager\PersonalFinanceManager.UI\bin\Debug\PersonalFinanceManager.Infrastructure.dll.config".
  Copying file from "D:\XML\PersonalFinanceManager\PersonalFinanceManager.Models\bin\Debug\PersonalFinanceManager.Models.pdb" to "D:\XML\PersonalFinanceManager\PersonalFinanceManager.UI\bin\Debug\PersonalFinanceManager.Models.pdb".
  Copying file from "D:\XML\PersonalFinanceManager\packages\BouncyCastle.Cryptography.2.6.2\lib\net461\BouncyCastle.Cryptography.xml" to "D:\XML\PersonalFinanceManager\PersonalFinanceManager.UI\bin\Debug\BouncyCastle.Cryptography.xml".
  Copying file from "D:\XML\PersonalFinanceManager\packages\EntityFramework.6.4.4\lib\net45\EntityFramework.SqlServer.xml" to "D:\XML\PersonalFinanceManager\PersonalFinanceManager.UI\bin\Debug\EntityFramework.SqlServer.xml".
  Copying file from "D:\XML\PersonalFinanceManager\packages\Dapper.2.1.66\lib\net461\Dapper.xml" to "D:\XML\PersonalFinanceManager\PersonalFinanceManager.UI\bin\Debug\Dapper.xml".
  Copying file from "D:\XML\PersonalFinanceManager\packages\EPPlus.8.5.0\lib\net462\EPPlus.xml" to "D:\XML\PersonalFinanceManager\PersonalFinanceManager.UI\bin\Debug\EPPlus.xml".
  Copying file from "D:\XML\PersonalFinanceManager\packages\EntityFramework.6.4.4\lib\net45\EntityFramework.xml" to "D:\XML\PersonalFinanceManager\PersonalFinanceManager.UI\bin\Debug\EntityFramework.xml".
  Copying file from "D:\XML\PersonalFinanceManager\packages\iTextSharp.5.5.13.5\lib\net461\itextsharp.xml" to "D:\XML\PersonalFinanceManager\PersonalFinanceManager.UI\bin\Debug\itextsharp.xml".
  Copying file from "D:\XML\PersonalFinanceManager\packages\LiveCharts.0.9.7\lib\net45\LiveCharts.pdb" to "D:\XML\PersonalFinanceManager\PersonalFinanceManager.UI\bin\Debug\LiveCharts.pdb".
  Copying file from "D:\XML\PersonalFinanceManager\packages\LiveCharts.0.9.7\lib\net45\LiveCharts.xml" to "D:\XML\PersonalFinanceManager\PersonalFinanceManager.UI\bin\Debug\LiveCharts.xml".
  Copying file from "D:\XML\PersonalFinanceManager\packages\LiveCharts.WinForms.0.9.7.1\lib\net45\LiveCharts.WinForms.pdb" to "D:\XML\PersonalFinanceManager\PersonalFinanceManager.UI\bin\Debug\LiveCharts.WinForms.pdb".
  Copying file from "D:\XML\PersonalFinanceManager\packages\LiveCharts.WinForms.0.9.7.1\lib\net45\LiveCharts.WinForms.xml" to "D:\XML\PersonalFinanceManager\PersonalFinanceManager.UI\bin\Debug\LiveCharts.WinForms.xml".
  Copying file from "D:\XML\PersonalFinanceManager\packages\Guna.Charts.WinForms.1.0.9\lib\net472\Guna.Charts.WinForms.xml" to "D:\XML\PersonalFinanceManager\PersonalFinanceManager.UI\bin\Debug\Guna.Charts.WinForms.xml".
  Copying file from "D:\XML\PersonalFinanceManager\packages\Microsoft.Bcl.AsyncInterfaces.9.0.1\lib\net462\Microsoft.Bcl.AsyncInterfaces.xml" to "D:\XML\PersonalFinanceManager\PersonalFinanceManager.UI\bin\Debug\Microsoft.Bcl.AsyncInterfaces.xml".
  Copying file from "D:\XML\PersonalFinanceManager\packages\System.Buffers.4.6.1\lib\net462\System.Buffers.xml" to "D:\XML\PersonalFinanceManager\PersonalFinanceManager.UI\bin\Debug\System.Buffers.xml".
  Copying file from "D:\XML\PersonalFinanceManager\packages\LiveCharts.Wpf.0.9.7\lib\net45\LiveCharts.Wpf.pdb" to "D:\XML\PersonalFinanceManager\PersonalFinanceManager.UI\bin\Debug\LiveCharts.Wpf.pdb".
  Copying file from "D:\XML\PersonalFinanceManager\packages\LiveCharts.Wpf.0.9.7\lib\net45\LiveCharts.Wpf.xml" to "D:\XML\PersonalFinanceManager\PersonalFinanceManager.UI\bin\Debug\LiveCharts.Wpf.xml".
  Copying file from "D:\XML\PersonalFinanceManager\packages\Microsoft.IO.RecyclableMemoryStream.3.0.1\lib\netstandard2.0\Microsoft.IO.RecyclableMemoryStream.xml" to "D:\XML\PersonalFinanceManager\PersonalFinanceManager.UI\bin\Debug\Microsoft.IO.RecyclableMemoryStream.xml".
  Copying file from "D:\XML\PersonalFinanceManager\packages\Stub.System.Data.SQLite.Core.NetFramework.1.0.119.0\lib\net46\System.Data.SQLite.xml" to "D:\XML\PersonalFinanceManager\PersonalFinanceManager.UI\bin\Debug\System.Data.SQLite.xml".
  Copying file from "D:\XML\PersonalFinanceManager\packages\System.Runtime.CompilerServices.Unsafe.6.1.2\lib\net462\System.Runtime.CompilerServices.Unsafe.xml" to "D:\XML\PersonalFinanceManager\PersonalFinanceManager.UI\bin\Debug\System.Runtime.CompilerServices.Unsafe.xml".
  Copying file from "D:\XML\PersonalFinanceManager\packages\System.Security.Cryptography.Xml.8.0.2\lib\net462\System.Security.Cryptography.Xml.xml" to "D:\XML\PersonalFinanceManager\PersonalFinanceManager.UI\bin\Debug\System.Security.Cryptography.Xml.xml".
  Copying file from "D:\XML\PersonalFinanceManager\packages\System.Threading.Tasks.Extensions.4.6.3\lib\net462\System.Threading.Tasks.Extensions.xml" to "D:\XML\PersonalFinanceManager\PersonalFinanceManager.UI\bin\Debug\System.Threading.Tasks.Extensions.xml".
  Copying file from "D:\XML\PersonalFinanceManager\packages\System.Numerics.Vectors.4.6.1\lib\net462\System.Numerics.Vectors.xml" to "D:\XML\PersonalFinanceManager\PersonalFinanceManager.UI\bin\Debug\System.Numerics.Vectors.xml".
  Copying file from "D:\XML\PersonalFinanceManager\packages\System.Memory.4.5.5\lib\net461\System.Memory.xml" to "D:\XML\PersonalFinanceManager\PersonalFinanceManager.UI\bin\Debug\System.Memory.xml".
  Copying file from "D:\XML\PersonalFinanceManager\packages\Unity.5.11.8\lib\net47\Unity.Abstractions.pdb" to "D:\XML\PersonalFinanceManager\PersonalFinanceManager.UI\bin\Debug\Unity.Abstractions.pdb".
  Copying file from "D:\XML\PersonalFinanceManager\PersonalFinanceManager.BLL\bin\Debug\FluentValidation.xml" to "D:\XML\PersonalFinanceManager\PersonalFinanceManager.UI\bin\Debug\FluentValidation.xml".
  Copying file from "D:\XML\PersonalFinanceManager\packages\Unity.5.11.8\lib\net47\Unity.Container.pdb" to "D:\XML\PersonalFinanceManager\PersonalFinanceManager.UI\bin\Debug\Unity.Container.pdb".
  Copying file from "D:\XML\PersonalFinanceManager\PersonalFinanceManager.BLL\bin\Debug\Microsoft.ML.DataView.xml" to "D:\XML\PersonalFinanceManager\PersonalFinanceManager.UI\bin\Debug\Microsoft.ML.DataView.xml".
  Copying file from "D:\XML\PersonalFinanceManager\PersonalFinanceManager.BLL\bin\Debug\Microsoft.ML.Core.xml" to "D:\XML\PersonalFinanceManager\PersonalFinanceManager.UI\bin\Debug\Microsoft.ML.Core.xml".
  Copying file from "D:\XML\PersonalFinanceManager\PersonalFinanceManager.BLL\bin\Debug\Microsoft.ML.FastTree.xml" to "D:\XML\PersonalFinanceManager\PersonalFinanceManager.UI\bin\Debug\Microsoft.ML.FastTree.xml".
  Copying file from "D:\XML\PersonalFinanceManager\PersonalFinanceManager.BLL\bin\Debug\System.Collections.Immutable.xml" to "D:\XML\PersonalFinanceManager\PersonalFinanceManager.UI\bin\Debug\System.Collections.Immutable.xml".
  Copying file from "D:\XML\PersonalFinanceManager\PersonalFinanceManager.BLL\bin\Debug\System.Threading.Channels.xml" to "D:\XML\PersonalFinanceManager\PersonalFinanceManager.UI\bin\Debug\System.Threading.Channels.xml".
  Copying file from "D:\XML\PersonalFinanceManager\PersonalFinanceManager.BLL\bin\Debug\Microsoft.ML.Data.xml" to "D:\XML\PersonalFinanceManager\PersonalFinanceManager.UI\bin\Debug\Microsoft.ML.Data.xml".
  Copying file from "D:\XML\PersonalFinanceManager\PersonalFinanceManager.BLL\bin\Debug\System.Numerics.Tensors.xml" to "D:\XML\PersonalFinanceManager\PersonalFinanceManager.UI\bin\Debug\System.Numerics.Tensors.xml".
  Copying file from "D:\XML\PersonalFinanceManager\PersonalFinanceManager.BLL\bin\Debug\Newtonsoft.Json.xml" to "D:\XML\PersonalFinanceManager\PersonalFinanceManager.UI\bin\Debug\Newtonsoft.Json.xml".
  Copying file from "D:\XML\PersonalFinanceManager\PersonalFinanceManager.BLL\bin\Debug\Microsoft.Bcl.Numerics.xml" to "D:\XML\PersonalFinanceManager\PersonalFinanceManager.UI\bin\Debug\Microsoft.Bcl.Numerics.xml".
  Copying file from "D:\XML\PersonalFinanceManager\PersonalFinanceManager.BLL\bin\Debug\Microsoft.ML.CpuMath.xml" to "D:\XML\PersonalFinanceManager\PersonalFinanceManager.UI\bin\Debug\Microsoft.ML.CpuMath.xml".
  Creating "D:\XML\PersonalFinanceManager\PersonalFinanceManager.UI\obj\Debug\Personal.B475A99A.Up2Date" because "AlwaysCreate" was specified.
  Touching "D:\XML\PersonalFinanceManager\PersonalFinanceManager.UI\obj\Debug\Personal.B475A99A.Up2Date".
_CopyOutOfDateSourceItemsToOutputDirectory:
  Copying file from "D:\XML\PersonalFinanceManager\PersonalFinanceManager.UI\finance.db" to "D:\XML\PersonalFinanceManager\PersonalFinanceManager.UI\bin\Debug\finance.db".
_CopyOutOfDateSourceItemsToOutputDirectoryAlways:
  Copying file from "D:\XML\PersonalFinanceManager\PersonalFinanceManager.UI\Image.png" to "D:\XML\PersonalFinanceManager\PersonalFinanceManager.UI\bin\Debug\Image.png".
_CopyAppConfigFile:
  Copying file from "D:\XML\PersonalFinanceManager\PersonalFinanceManager.UI\App.config" to "D:\XML\PersonalFinanceManager\PersonalFinanceManager.UI\bin\Debug\PersonalFinanceManager.exe.config".
CopyFilesToOutputDirectory:
  Copying file from "D:\XML\PersonalFinanceManager\PersonalFinanceManager.UI\obj\Debug\PersonalFinanceManager.exe" to "D:\XML\PersonalFinanceManager\PersonalFinanceManager.UI\bin\Debug\PersonalFinanceManager.exe".
  PersonalFinanceManager.UI -> D:\XML\PersonalFinanceManager\PersonalFinanceManager.UI\bin\Debug\PersonalFinanceManager.exe
  Copying file from "D:\XML\PersonalFinanceManager\PersonalFinanceManager.UI\obj\Debug\PersonalFinanceManager.pdb" to "D:\XML\PersonalFinanceManager\PersonalFinanceManager.UI\bin\Debug\PersonalFinanceManager.pdb".
CopySQLiteInteropFiles:
  Copying file from "D:\XML\PersonalFinanceManager\packages\Stub.System.Data.SQLite.Core.NetFramework.1.0.119.0\build\net46\x86\SQLite.Interop.dll" to "D:\XML\PersonalFinanceManager\PersonalFinanceManager.UI\bin\Debug\x86\SQLite.Interop.dll".
  Copying file from "D:\XML\PersonalFinanceManager\packages\Stub.System.Data.SQLite.Core.NetFramework.1.0.119.0\build\net46\x64\SQLite.Interop.dll" to "D:\XML\PersonalFinanceManager\PersonalFinanceManager.UI\bin\Debug\x64\SQLite.Interop.dll".
Done Building Project "D:\XML\PersonalFinanceManager\PersonalFinanceManager.UI\PersonalFinanceManager.UI.csproj" (Rebuild target(s)).
Done Building Project "D:\XML\PersonalFinanceManager\PersonalFinanceManager.slnx" (Rebuild target(s)).

Build succeeded.

"D:\XML\PersonalFinanceManager\PersonalFinanceManager.slnx" (Rebuild target) (1) ->
"D:\XML\PersonalFinanceManager\PersonalFinanceManager.BLL\PersonalFinanceManager.BLL.csproj" (Rebuild target) (2) ->
"D:\XML\PersonalFinanceManager\PersonalFinanceManager.Common\PersonalFinanceManager.Common.csproj" (default target) (3:5) ->
(ResolveAssemblyReferences target) -> 
  C:\Program Files\Microsoft Visual Studio\18\Insiders\MSBuild\Current\Bin\Microsoft.Common.CurrentVersion.targets(2451,5): warning MSB3270: There was a mismatch between the processor architecture of the project being built "MSIL" and the processor architecture of the reference "System.Data.SQLite, Version=1.0.119.0, Culture=neutral, PublicKeyToken=db937bc2d44ff139, processorArchitecture=AMD64", "AMD64". This mismatch may cause runtime failures. Please consider changing the targeted processor architecture of your project through the Configuration Manager so as to align the processor architectures between your project and references, or take a dependency on references with a processor architecture that matches the targeted processor architecture of your project. [D:\XML\PersonalFinanceManager\PersonalFinanceManager.Common\PersonalFinanceManager.Common.csproj]


"D:\XML\PersonalFinanceManager\PersonalFinanceManager.slnx" (Rebuild target) (1) ->
"D:\XML\PersonalFinanceManager\PersonalFinanceManager.BLL\PersonalFinanceManager.BLL.csproj" (Rebuild target) (2) ->
"D:\XML\PersonalFinanceManager\PersonalFinanceManager.DAL\PersonalFinanceManager.DAL.csproj" (default target) (4:3) ->
  C:\Program Files\Microsoft Visual Studio\18\Insiders\MSBuild\Current\Bin\Microsoft.Common.CurrentVersion.targets(2451,5): warning MSB3277: Found conflicts between different versions of "System.Data.SQLite" that could not be resolved. [D:\XML\PersonalFinanceManager\PersonalFinanceManager.DAL\PersonalFinanceManager.DAL.csproj]
C:\Program Files\Microsoft Visual Studio\18\Insiders\MSBuild\Current\Bin\Microsoft.Common.CurrentVersion.targets(2451,5): warning MSB3277: There was a conflict between "System.Data.SQLite, Version=1.0.119.0, Culture=neutral, PublicKeyToken=db937bc2d44ff139" and "System.Data.SQLite, Version=2.0.2.0, Culture=neutral, PublicKeyToken=db937bc2d44ff139". [D:\XML\PersonalFinanceManager\PersonalFinanceManager.DAL\PersonalFinanceManager.DAL.csproj]
C:\Program Files\Microsoft Visual Studio\18\Insiders\MSBuild\Current\Bin\Microsoft.Common.CurrentVersion.targets(2451,5): warning MSB3277:     "System.Data.SQLite, Version=1.0.119.0, Culture=neutral, PublicKeyToken=db937bc2d44ff139" was chosen because it was primary and "System.Data.SQLite, Version=2.0.2.0, Culture=neutral, PublicKeyToken=db937bc2d44ff139" was not. [D:\XML\PersonalFinanceManager\PersonalFinanceManager.DAL\PersonalFinanceManager.DAL.csproj]
C:\Program Files\Microsoft Visual Studio\18\Insiders\MSBuild\Current\Bin\Microsoft.Common.CurrentVersion.targets(2451,5): warning MSB3277:     References which depend on "System.Data.SQLite, Version=1.0.119.0, Culture=neutral, PublicKeyToken=db937bc2d44ff139" [D:\XML\PersonalFinanceManager\packages\Stub.System.Data.SQLite.Core.NetFramework.1.0.119.0\lib\net46\System.Data.SQLite.dll]. [D:\XML\PersonalFinanceManager\PersonalFinanceManager.DAL\PersonalFinanceManager.DAL.csproj]
C:\Program Files\Microsoft Visual Studio\18\Insiders\MSBuild\Current\Bin\Microsoft.Common.CurrentVersion.targets(2451,5): warning MSB3277:         D:\XML\PersonalFinanceManager\packages\Stub.System.Data.SQLite.Core.NetFramework.1.0.119.0\lib\net46\System.Data.SQLite.dll [D:\XML\PersonalFinanceManager\PersonalFinanceManager.DAL\PersonalFinanceManager.DAL.csproj]
C:\Program Files\Microsoft Visual Studio\18\Insiders\MSBuild\Current\Bin\Microsoft.Common.CurrentVersion.targets(2451,5): warning MSB3277:           Project file item includes which caused reference "D:\XML\PersonalFinanceManager\packages\Stub.System.Data.SQLite.Core.NetFramework.1.0.119.0\lib\net46\System.Data.SQLite.dll". [D:\XML\PersonalFinanceManager\PersonalFinanceManager.DAL\PersonalFinanceManager.DAL.csproj]
C:\Program Files\Microsoft Visual Studio\18\Insiders\MSBuild\Current\Bin\Microsoft.Common.CurrentVersion.targets(2451,5): warning MSB3277:             System.Data.SQLite, Version=1.0.119.0, Culture=neutral, PublicKeyToken=db937bc2d44ff139, processorArchitecture=MSIL [D:\XML\PersonalFinanceManager\PersonalFinanceManager.DAL\PersonalFinanceManager.DAL.csproj]
C:\Program Files\Microsoft Visual Studio\18\Insiders\MSBuild\Current\Bin\Microsoft.Common.CurrentVersion.targets(2451,5): warning MSB3277:     References which depend on or have been unified to "System.Data.SQLite, Version=2.0.2.0, Culture=neutral, PublicKeyToken=db937bc2d44ff139" []. [D:\XML\PersonalFinanceManager\PersonalFinanceManager.DAL\PersonalFinanceManager.DAL.csproj]
C:\Program Files\Microsoft Visual Studio\18\Insiders\MSBuild\Current\Bin\Microsoft.Common.CurrentVersion.targets(2451,5): warning MSB3277:         D:\XML\PersonalFinanceManager\PersonalFinanceManager.Common\bin\Debug\PersonalFinanceManager.Common.dll [D:\XML\PersonalFinanceManager\PersonalFinanceManager.DAL\PersonalFinanceManager.DAL.csproj]
C:\Program Files\Microsoft Visual Studio\18\Insiders\MSBuild\Current\Bin\Microsoft.Common.CurrentVersion.targets(2451,5): warning MSB3277:           Project file item includes which caused reference "D:\XML\PersonalFinanceManager\PersonalFinanceManager.Common\bin\Debug\PersonalFinanceManager.Common.dll". [D:\XML\PersonalFinanceManager\PersonalFinanceManager.DAL\PersonalFinanceManager.DAL.csproj]
C:\Program Files\Microsoft Visual Studio\18\Insiders\MSBuild\Current\Bin\Microsoft.Common.CurrentVersion.targets(2451,5): warning MSB3277:             D:\XML\PersonalFinanceManager\PersonalFinanceManager.Common\bin\Debug\PersonalFinanceManager.Common.dll [D:\XML\PersonalFinanceManager\PersonalFinanceManager.DAL\PersonalFinanceManager.DAL.csproj]
C:\Program Files\Microsoft Visual Studio\18\Insiders\MSBuild\Current\Bin\Microsoft.Common.CurrentVersion.targets(2451,5): warning MSB3277:         D:\XML\PersonalFinanceManager\packages\System.Data.SQLite.EF6.1.0.119.0\lib\net46\System.Data.SQLite.EF6.dll [D:\XML\PersonalFinanceManager\PersonalFinanceManager.DAL\PersonalFinanceManager.DAL.csproj]
C:\Program Files\Microsoft Visual Studio\18\Insiders\MSBuild\Current\Bin\Microsoft.Common.CurrentVersion.targets(2451,5): warning MSB3277:           Project file item includes which caused reference "D:\XML\PersonalFinanceManager\packages\System.Data.SQLite.EF6.1.0.119.0\lib\net46\System.Data.SQLite.EF6.dll". [D:\XML\PersonalFinanceManager\PersonalFinanceManager.DAL\PersonalFinanceManager.DAL.csproj]
C:\Program Files\Microsoft Visual Studio\18\Insiders\MSBuild\Current\Bin\Microsoft.Common.CurrentVersion.targets(2451,5): warning MSB3277:             System.Data.SQLite.EF6, Version=1.0.119.0, Culture=neutral, PublicKeyToken=db937bc2d44ff139, processorArchitecture=MSIL [D:\XML\PersonalFinanceManager\PersonalFinanceManager.DAL\PersonalFinanceManager.DAL.csproj]
C:\Program Files\Microsoft Visual Studio\18\Insiders\MSBuild\Current\Bin\Microsoft.Common.CurrentVersion.targets(2451,5): warning MSB3277:         D:\XML\PersonalFinanceManager\packages\System.Data.SQLite.Linq.1.0.119.0\lib\net46\System.Data.SQLite.Linq.dll [D:\XML\PersonalFinanceManager\PersonalFinanceManager.DAL\PersonalFinanceManager.DAL.csproj]
C:\Program Files\Microsoft Visual Studio\18\Insiders\MSBuild\Current\Bin\Microsoft.Common.CurrentVersion.targets(2451,5): warning MSB3277:           Project file item includes which caused reference "D:\XML\PersonalFinanceManager\packages\System.Data.SQLite.Linq.1.0.119.0\lib\net46\System.Data.SQLite.Linq.dll". [D:\XML\PersonalFinanceManager\PersonalFinanceManager.DAL\PersonalFinanceManager.DAL.csproj]
C:\Program Files\Microsoft Visual Studio\18\Insiders\MSBuild\Current\Bin\Microsoft.Common.CurrentVersion.targets(2451,5): warning MSB3277:             System.Data.SQLite.Linq, Version=1.0.119.0, Culture=neutral, PublicKeyToken=db937bc2d44ff139, processorArchitecture=MSIL [D:\XML\PersonalFinanceManager\PersonalFinanceManager.DAL\PersonalFinanceManager.DAL.csproj]
  C:\Program Files\Microsoft Visual Studio\18\Insiders\MSBuild\Current\Bin\Microsoft.Common.CurrentVersion.targets(2451,5): warning MSB3277: Found conflicts between different versions of "System.Threading.Tasks.Extensions" that could not be resolved. [D:\XML\PersonalFinanceManager\PersonalFinanceManager.DAL\PersonalFinanceManager.DAL.csproj]
C:\Program Files\Microsoft Visual Studio\18\Insiders\MSBuild\Current\Bin\Microsoft.Common.CurrentVersion.targets(2451,5): warning MSB3277: There was a conflict between "System.Threading.Tasks.Extensions, Version=4.2.0.1, Culture=neutral, PublicKeyToken=cc7b13ffcd2ddd51" and "System.Threading.Tasks.Extensions, Version=4.2.4.0, Culture=neutral, PublicKeyToken=cc7b13ffcd2ddd51". [D:\XML\PersonalFinanceManager\PersonalFinanceManager.DAL\PersonalFinanceManager.DAL.csproj]
C:\Program Files\Microsoft Visual Studio\18\Insiders\MSBuild\Current\Bin\Microsoft.Common.CurrentVersion.targets(2451,5): warning MSB3277:     "System.Threading.Tasks.Extensions, Version=4.2.0.1, Culture=neutral, PublicKeyToken=cc7b13ffcd2ddd51" was chosen because it was primary and "System.Threading.Tasks.Extensions, Version=4.2.4.0, Culture=neutral, PublicKeyToken=cc7b13ffcd2ddd51" was not. [D:\XML\PersonalFinanceManager\PersonalFinanceManager.DAL\PersonalFinanceManager.DAL.csproj]
C:\Program Files\Microsoft Visual Studio\18\Insiders\MSBuild\Current\Bin\Microsoft.Common.CurrentVersion.targets(2451,5): warning MSB3277:     References which depend on "System.Threading.Tasks.Extensions, Version=4.2.0.1, Culture=neutral, PublicKeyToken=cc7b13ffcd2ddd51" [D:\XML\PersonalFinanceManager\PersonalFinanceManager.DAL\bin\Debug\System.Threading.Tasks.Extensions.dll]. [D:\XML\PersonalFinanceManager\PersonalFinanceManager.DAL\PersonalFinanceManager.DAL.csproj]
C:\Program Files\Microsoft Visual Studio\18\Insiders\MSBuild\Current\Bin\Microsoft.Common.CurrentVersion.targets(2451,5): warning MSB3277:         D:\XML\PersonalFinanceManager\PersonalFinanceManager.DAL\bin\Debug\System.Threading.Tasks.Extensions.dll [D:\XML\PersonalFinanceManager\PersonalFinanceManager.DAL\PersonalFinanceManager.DAL.csproj]
C:\Program Files\Microsoft Visual Studio\18\Insiders\MSBuild\Current\Bin\Microsoft.Common.CurrentVersion.targets(2451,5): warning MSB3277:           Project file item includes which caused reference "D:\XML\PersonalFinanceManager\PersonalFinanceManager.DAL\bin\Debug\System.Threading.Tasks.Extensions.dll". [D:\XML\PersonalFinanceManager\PersonalFinanceManager.DAL\PersonalFinanceManager.DAL.csproj]
C:\Program Files\Microsoft Visual Studio\18\Insiders\MSBuild\Current\Bin\Microsoft.Common.CurrentVersion.targets(2451,5): warning MSB3277:             System.Threading.Tasks.Extensions, Version=4.2.0.1, Culture=neutral, PublicKeyToken=cc7b13ffcd2ddd51, processorArchitecture=MSIL [D:\XML\PersonalFinanceManager\PersonalFinanceManager.DAL\PersonalFinanceManager.DAL.csproj]
C:\Program Files\Microsoft Visual Studio\18\Insiders\MSBuild\Current\Bin\Microsoft.Common.CurrentVersion.targets(2451,5): warning MSB3277:     References which depend on or have been unified to "System.Threading.Tasks.Extensions, Version=4.2.4.0, Culture=neutral, PublicKeyToken=cc7b13ffcd2ddd51" [C:\Program Files\Microsoft Visual Studio\18\Insiders\Common7\IDE\PublicAssemblies\System.Threading.Tasks.Extensions.dll]. [D:\XML\PersonalFinanceManager\PersonalFinanceManager.DAL\PersonalFinanceManager.DAL.csproj]
C:\Program Files\Microsoft Visual Studio\18\Insiders\MSBuild\Current\Bin\Microsoft.Common.CurrentVersion.targets(2451,5): warning MSB3277:         D:\XML\PersonalFinanceManager\packages\Dapper.2.1.66\lib\net461\Dapper.dll [D:\XML\PersonalFinanceManager\PersonalFinanceManager.DAL\PersonalFinanceManager.DAL.csproj]
C:\Program Files\Microsoft Visual Studio\18\Insiders\MSBuild\Current\Bin\Microsoft.Common.CurrentVersion.targets(2451,5): warning MSB3277:           Project file item includes which caused reference "D:\XML\PersonalFinanceManager\packages\Dapper.2.1.66\lib\net461\Dapper.dll". [D:\XML\PersonalFinanceManager\PersonalFinanceManager.DAL\PersonalFinanceManager.DAL.csproj]
C:\Program Files\Microsoft Visual Studio\18\Insiders\MSBuild\Current\Bin\Microsoft.Common.CurrentVersion.targets(2451,5): warning MSB3277:             Dapper, Version=2.0.0.0, Culture=neutral, processorArchitecture=MSIL [D:\XML\PersonalFinanceManager\PersonalFinanceManager.DAL\PersonalFinanceManager.DAL.csproj]
C:\Program Files\Microsoft Visual Studio\18\Insiders\MSBuild\Current\Bin\Microsoft.Common.CurrentVersion.targets(2451,5): warning MSB3277:         D:\XML\PersonalFinanceManager\packages\Microsoft.Bcl.AsyncInterfaces.9.0.1\lib\net462\Microsoft.Bcl.AsyncInterfaces.dll [D:\XML\PersonalFinanceManager\PersonalFinanceManager.DAL\PersonalFinanceManager.DAL.csproj]
C:\Program Files\Microsoft Visual Studio\18\Insiders\MSBuild\Current\Bin\Microsoft.Common.CurrentVersion.targets(2451,5): warning MSB3277:           Project file item includes which caused reference "D:\XML\PersonalFinanceManager\packages\Microsoft.Bcl.AsyncInterfaces.9.0.1\lib\net462\Microsoft.Bcl.AsyncInterfaces.dll". [D:\XML\PersonalFinanceManager\PersonalFinanceManager.DAL\PersonalFinanceManager.DAL.csproj]
C:\Program Files\Microsoft Visual Studio\18\Insiders\MSBuild\Current\Bin\Microsoft.Common.CurrentVersion.targets(2451,5): warning MSB3277:             Microsoft.Bcl.AsyncInterfaces, Version=9.0.0.1, Culture=neutral, PublicKeyToken=cc7b13ffcd2ddd51, processorArchitecture=MSIL [D:\XML\PersonalFinanceManager\PersonalFinanceManager.DAL\PersonalFinanceManager.DAL.csproj]
C:\Program Files\Microsoft Visual Studio\18\Insiders\MSBuild\Current\Bin\Microsoft.Common.CurrentVersion.targets(2451,5): warning MSB3277:             Dapper, Version=2.0.0.0, Culture=neutral, processorArchitecture=MSIL [D:\XML\PersonalFinanceManager\PersonalFinanceManager.DAL\PersonalFinanceManager.DAL.csproj]
C:\Program Files\Microsoft Visual Studio\18\Insiders\MSBuild\Current\Bin\Microsoft.Common.CurrentVersion.targets(2451,5): warning MSB3277:         D:\XML\PersonalFinanceManager\packages\Unity.5.11.8\lib\net47\Unity.Abstractions.dll [D:\XML\PersonalFinanceManager\PersonalFinanceManager.DAL\PersonalFinanceManager.DAL.csproj]
C:\Program Files\Microsoft Visual Studio\18\Insiders\MSBuild\Current\Bin\Microsoft.Common.CurrentVersion.targets(2451,5): warning MSB3277:           Project file item includes which caused reference "D:\XML\PersonalFinanceManager\packages\Unity.5.11.8\lib\net47\Unity.Abstractions.dll". [D:\XML\PersonalFinanceManager\PersonalFinanceManager.DAL\PersonalFinanceManager.DAL.csproj]
C:\Program Files\Microsoft Visual Studio\18\Insiders\MSBuild\Current\Bin\Microsoft.Common.CurrentVersion.targets(2451,5): warning MSB3277:             Unity.Abstractions, Version=5.11.6.0, Culture=neutral, PublicKeyToken=489b6accfaf20ef0, processorArchitecture=MSIL [D:\XML\PersonalFinanceManager\PersonalFinanceManager.DAL\PersonalFinanceManager.DAL.csproj]
C:\Program Files\Microsoft Visual Studio\18\Insiders\MSBuild\Current\Bin\Microsoft.Common.CurrentVersion.targets(2451,5): warning MSB3277:             Unity.Container, Version=5.11.9.0, Culture=neutral, PublicKeyToken=489b6accfaf20ef0, processorArchitecture=MSIL [D:\XML\PersonalFinanceManager\PersonalFinanceManager.DAL\PersonalFinanceManager.DAL.csproj]
  C:\Program Files\Microsoft Visual Studio\18\Insiders\MSBuild\Current\Bin\Microsoft.Common.CurrentVersion.targets(2451,5): warning MSB3277: Found conflicts between different versions of "System.Runtime.CompilerServices.Unsafe" that could not be resolved. [D:\XML\PersonalFinanceManager\PersonalFinanceManager.DAL\PersonalFinanceManager.DAL.csproj]
C:\Program Files\Microsoft Visual Studio\18\Insiders\MSBuild\Current\Bin\Microsoft.Common.CurrentVersion.targets(2451,5): warning MSB3277: There was a conflict between "System.Runtime.CompilerServices.Unsafe, Version=4.0.4.1, Culture=neutral, PublicKeyToken=b03f5f7f11d50a3a" and "System.Runtime.CompilerServices.Unsafe, Version=6.0.3.0, Culture=neutral, PublicKeyToken=b03f5f7f11d50a3a". [D:\XML\PersonalFinanceManager\PersonalFinanceManager.DAL\PersonalFinanceManager.DAL.csproj]
C:\Program Files\Microsoft Visual Studio\18\Insiders\MSBuild\Current\Bin\Microsoft.Common.CurrentVersion.targets(2451,5): warning MSB3277:     "System.Runtime.CompilerServices.Unsafe, Version=4.0.4.1, Culture=neutral, PublicKeyToken=b03f5f7f11d50a3a" was chosen because it was primary and "System.Runtime.CompilerServices.Unsafe, Version=6.0.3.0, Culture=neutral, PublicKeyToken=b03f5f7f11d50a3a" was not. [D:\XML\PersonalFinanceManager\PersonalFinanceManager.DAL\PersonalFinanceManager.DAL.csproj]
C:\Program Files\Microsoft Visual Studio\18\Insiders\MSBuild\Current\Bin\Microsoft.Common.CurrentVersion.targets(2451,5): warning MSB3277:     References which depend on "System.Runtime.CompilerServices.Unsafe, Version=4.0.4.1, Culture=neutral, PublicKeyToken=b03f5f7f11d50a3a" [D:\XML\PersonalFinanceManager\PersonalFinanceManager.DAL\bin\Debug\System.Runtime.CompilerServices.Unsafe.dll]. [D:\XML\PersonalFinanceManager\PersonalFinanceManager.DAL\PersonalFinanceManager.DAL.csproj]
C:\Program Files\Microsoft Visual Studio\18\Insiders\MSBuild\Current\Bin\Microsoft.Common.CurrentVersion.targets(2451,5): warning MSB3277:         D:\XML\PersonalFinanceManager\PersonalFinanceManager.DAL\bin\Debug\System.Runtime.CompilerServices.Unsafe.dll [D:\XML\PersonalFinanceManager\PersonalFinanceManager.DAL\PersonalFinanceManager.DAL.csproj]
C:\Program Files\Microsoft Visual Studio\18\Insiders\MSBuild\Current\Bin\Microsoft.Common.CurrentVersion.targets(2451,5): warning MSB3277:           Project file item includes which caused reference "D:\XML\PersonalFinanceManager\PersonalFinanceManager.DAL\bin\Debug\System.Runtime.CompilerServices.Unsafe.dll". [D:\XML\PersonalFinanceManager\PersonalFinanceManager.DAL\PersonalFinanceManager.DAL.csproj]
C:\Program Files\Microsoft Visual Studio\18\Insiders\MSBuild\Current\Bin\Microsoft.Common.CurrentVersion.targets(2451,5): warning MSB3277:             System.Runtime.CompilerServices.Unsafe, Version=4.0.4.1, Culture=neutral, PublicKeyToken=b03f5f7f11d50a3a, processorArchitecture=MSIL [D:\XML\PersonalFinanceManager\PersonalFinanceManager.DAL\PersonalFinanceManager.DAL.csproj]
C:\Program Files\Microsoft Visual Studio\18\Insiders\MSBuild\Current\Bin\Microsoft.Common.CurrentVersion.targets(2451,5): warning MSB3277:     References which depend on or have been unified to "System.Runtime.CompilerServices.Unsafe, Version=6.0.3.0, Culture=neutral, PublicKeyToken=b03f5f7f11d50a3a" [C:\Program Files\Microsoft Visual Studio\18\Insiders\Common7\IDE\PublicAssemblies\System.Runtime.CompilerServices.Unsafe.dll]. [D:\XML\PersonalFinanceManager\PersonalFinanceManager.DAL\PersonalFinanceManager.DAL.csproj]
C:\Program Files\Microsoft Visual Studio\18\Insiders\MSBuild\Current\Bin\Microsoft.Common.CurrentVersion.targets(2451,5): warning MSB3277:         D:\XML\PersonalFinanceManager\packages\System.Memory.4.5.5\lib\net461\System.Memory.dll [D:\XML\PersonalFinanceManager\PersonalFinanceManager.DAL\PersonalFinanceManager.DAL.csproj]
C:\Program Files\Microsoft Visual Studio\18\Insiders\MSBuild\Current\Bin\Microsoft.Common.CurrentVersion.targets(2451,5): warning MSB3277:           Project file item includes which caused reference "D:\XML\PersonalFinanceManager\packages\System.Memory.4.5.5\lib\net461\System.Memory.dll". [D:\XML\PersonalFinanceManager\PersonalFinanceManager.DAL\PersonalFinanceManager.DAL.csproj]
C:\Program Files\Microsoft Visual Studio\18\Insiders\MSBuild\Current\Bin\Microsoft.Common.CurrentVersion.targets(2451,5): warning MSB3277:             System.Memory, Version=4.0.1.2, Culture=neutral, PublicKeyToken=cc7b13ffcd2ddd51, processorArchitecture=MSIL [D:\XML\PersonalFinanceManager\PersonalFinanceManager.DAL\PersonalFinanceManager.DAL.csproj]
C:\Program Files\Microsoft Visual Studio\18\Insiders\MSBuild\Current\Bin\Microsoft.Common.CurrentVersion.targets(2451,5): warning MSB3277:             BCrypt.Net-Next, Version=4.0.3.0, Culture=neutral, PublicKeyToken=1e11be04b6288443, processorArchitecture=MSIL [D:\XML\PersonalFinanceManager\PersonalFinanceManager.DAL\PersonalFinanceManager.DAL.csproj]
C:\Program Files\Microsoft Visual Studio\18\Insiders\MSBuild\Current\Bin\Microsoft.Common.CurrentVersion.targets(2451,5): warning MSB3277:             Microsoft.IO.RecyclableMemoryStream, Version=3.0.1.0, Culture=neutral, PublicKeyToken=31bf3856ad364e35, processorArchitecture=MSIL [D:\XML\PersonalFinanceManager\PersonalFinanceManager.DAL\PersonalFinanceManager.DAL.csproj]
C:\Program Files\Microsoft Visual Studio\18\Insiders\MSBuild\Current\Bin\Microsoft.Common.CurrentVersion.targets(2451,5): warning MSB3277:             EPPlus, Version=8.5.0.0, Culture=neutral, PublicKeyToken=ea159fdaa78159a1, processorArchitecture=MSIL [D:\XML\PersonalFinanceManager\PersonalFinanceManager.DAL\PersonalFinanceManager.DAL.csproj]
C:\Program Files\Microsoft Visual Studio\18\Insiders\MSBuild\Current\Bin\Microsoft.Common.CurrentVersion.targets(2451,5): warning MSB3277:         D:\XML\PersonalFinanceManager\PersonalFinanceManager.DAL\bin\Debug\System.Threading.Tasks.Extensions.dll [D:\XML\PersonalFinanceManager\PersonalFinanceManager.DAL\PersonalFinanceManager.DAL.csproj]
C:\Program Files\Microsoft Visual Studio\18\Insiders\MSBuild\Current\Bin\Microsoft.Common.CurrentVersion.targets(2451,5): warning MSB3277:           Project file item includes which caused reference "D:\XML\PersonalFinanceManager\PersonalFinanceManager.DAL\bin\Debug\System.Threading.Tasks.Extensions.dll". [D:\XML\PersonalFinanceManager\PersonalFinanceManager.DAL\PersonalFinanceManager.DAL.csproj]
C:\Program Files\Microsoft Visual Studio\18\Insiders\MSBuild\Current\Bin\Microsoft.Common.CurrentVersion.targets(2451,5): warning MSB3277:             System.Threading.Tasks.Extensions, Version=4.2.0.1, Culture=neutral, PublicKeyToken=cc7b13ffcd2ddd51, processorArchitecture=MSIL [D:\XML\PersonalFinanceManager\PersonalFinanceManager.DAL\PersonalFinanceManager.DAL.csproj]
C:\Program Files\Microsoft Visual Studio\18\Insiders\MSBuild\Current\Bin\Microsoft.Common.CurrentVersion.targets(2451,5): warning MSB3277:         D:\XML\PersonalFinanceManager\packages\Unity.5.11.8\lib\net47\Unity.Container.dll [D:\XML\PersonalFinanceManager\PersonalFinanceManager.DAL\PersonalFinanceManager.DAL.csproj]
C:\Program Files\Microsoft Visual Studio\18\Insiders\MSBuild\Current\Bin\Microsoft.Common.CurrentVersion.targets(2451,5): warning MSB3277:           Project file item includes which caused reference "D:\XML\PersonalFinanceManager\packages\Unity.5.11.8\lib\net47\Unity.Container.dll". [D:\XML\PersonalFinanceManager\PersonalFinanceManager.DAL\PersonalFinanceManager.DAL.csproj]
C:\Program Files\Microsoft Visual Studio\18\Insiders\MSBuild\Current\Bin\Microsoft.Common.CurrentVersion.targets(2451,5): warning MSB3277:             Unity.Container, Version=5.11.9.0, Culture=neutral, PublicKeyToken=489b6accfaf20ef0, processorArchitecture=MSIL [D:\XML\PersonalFinanceManager\PersonalFinanceManager.DAL\PersonalFinanceManager.DAL.csproj]
C:\Program Files\Microsoft Visual Studio\18\Insiders\MSBuild\Current\Bin\Microsoft.Common.CurrentVersion.targets(2451,5): warning MSB3277:         C:\Program Files\Microsoft Visual Studio\18\Insiders\Common7\IDE\PublicAssemblies\System.Threading.Tasks.Extensions.dll [D:\XML\PersonalFinanceManager\PersonalFinanceManager.DAL\PersonalFinanceManager.DAL.csproj]
C:\Program Files\Microsoft Visual Studio\18\Insiders\MSBuild\Current\Bin\Microsoft.Common.CurrentVersion.targets(2451,5): warning MSB3277:           Project file item includes which caused reference "C:\Program Files\Microsoft Visual Studio\18\Insiders\Common7\IDE\PublicAssemblies\System.Threading.Tasks.Extensions.dll". [D:\XML\PersonalFinanceManager\PersonalFinanceManager.DAL\PersonalFinanceManager.DAL.csproj]
C:\Program Files\Microsoft Visual Studio\18\Insiders\MSBuild\Current\Bin\Microsoft.Common.CurrentVersion.targets(2451,5): warning MSB3277:             Dapper, Version=2.0.0.0, Culture=neutral, processorArchitecture=MSIL [D:\XML\PersonalFinanceManager\PersonalFinanceManager.DAL\PersonalFinanceManager.DAL.csproj]
C:\Program Files\Microsoft Visual Studio\18\Insiders\MSBuild\Current\Bin\Microsoft.Common.CurrentVersion.targets(2451,5): warning MSB3277:             Microsoft.Bcl.AsyncInterfaces, Version=9.0.0.1, Culture=neutral, PublicKeyToken=cc7b13ffcd2ddd51, processorArchitecture=MSIL [D:\XML\PersonalFinanceManager\PersonalFinanceManager.DAL\PersonalFinanceManager.DAL.csproj]
C:\Program Files\Microsoft Visual Studio\18\Insiders\MSBuild\Current\Bin\Microsoft.Common.CurrentVersion.targets(2451,5): warning MSB3277:             Unity.Abstractions, Version=5.11.6.0, Culture=neutral, PublicKeyToken=489b6accfaf20ef0, processorArchitecture=MSIL [D:\XML\PersonalFinanceManager\PersonalFinanceManager.DAL\PersonalFinanceManager.DAL.csproj]
C:\Program Files\Microsoft Visual Studio\18\Insiders\MSBuild\Current\Bin\Microsoft.Common.CurrentVersion.targets(2451,5): warning MSB3277:             Unity.Container, Version=5.11.9.0, Culture=neutral, PublicKeyToken=489b6accfaf20ef0, processorArchitecture=MSIL [D:\XML\PersonalFinanceManager\PersonalFinanceManager.DAL\PersonalFinanceManager.DAL.csproj]


"D:\XML\PersonalFinanceManager\PersonalFinanceManager.slnx" (Rebuild target) (1) ->
"D:\XML\PersonalFinanceManager\PersonalFinanceManager.BLL\PersonalFinanceManager.BLL.csproj" (Rebuild target) (2) ->
  C:\Program Files\Microsoft Visual Studio\18\Insiders\MSBuild\Current\Bin\Microsoft.Common.CurrentVersion.targets(2451,5): warning MSB3277: Found conflicts between different versions of "System.Threading.Tasks.Extensions" that could not be resolved. [D:\XML\PersonalFinanceManager\PersonalFinanceManager.BLL\PersonalFinanceManager.BLL.csproj]
C:\Program Files\Microsoft Visual Studio\18\Insiders\MSBuild\Current\Bin\Microsoft.Common.CurrentVersion.targets(2451,5): warning MSB3277: There was a conflict between "System.Threading.Tasks.Extensions, Version=4.2.0.1, Culture=neutral, PublicKeyToken=cc7b13ffcd2ddd51" and "System.Threading.Tasks.Extensions, Version=4.2.4.0, Culture=neutral, PublicKeyToken=cc7b13ffcd2ddd51". [D:\XML\PersonalFinanceManager\PersonalFinanceManager.BLL\PersonalFinanceManager.BLL.csproj]
C:\Program Files\Microsoft Visual Studio\18\Insiders\MSBuild\Current\Bin\Microsoft.Common.CurrentVersion.targets(2451,5): warning MSB3277:     "System.Threading.Tasks.Extensions, Version=4.2.0.1, Culture=neutral, PublicKeyToken=cc7b13ffcd2ddd51" was chosen because it was primary and "System.Threading.Tasks.Extensions, Version=4.2.4.0, Culture=neutral, PublicKeyToken=cc7b13ffcd2ddd51" was not. [D:\XML\PersonalFinanceManager\PersonalFinanceManager.BLL\PersonalFinanceManager.BLL.csproj]
C:\Program Files\Microsoft Visual Studio\18\Insiders\MSBuild\Current\Bin\Microsoft.Common.CurrentVersion.targets(2451,5): warning MSB3277:     References which depend on "System.Threading.Tasks.Extensions, Version=4.2.0.1, Culture=neutral, PublicKeyToken=cc7b13ffcd2ddd51" [D:\XML\PersonalFinanceManager\packages\System.Threading.Tasks.Extensions.4.5.4\lib\net461\System.Threading.Tasks.Extensions.dll]. [D:\XML\PersonalFinanceManager\PersonalFinanceManager.BLL\PersonalFinanceManager.BLL.csproj]
C:\Program Files\Microsoft Visual Studio\18\Insiders\MSBuild\Current\Bin\Microsoft.Common.CurrentVersion.targets(2451,5): warning MSB3277:         D:\XML\PersonalFinanceManager\packages\System.Threading.Tasks.Extensions.4.5.4\lib\net461\System.Threading.Tasks.Extensions.dll [D:\XML\PersonalFinanceManager\PersonalFinanceManager.BLL\PersonalFinanceManager.BLL.csproj]
C:\Program Files\Microsoft Visual Studio\18\Insiders\MSBuild\Current\Bin\Microsoft.Common.CurrentVersion.targets(2451,5): warning MSB3277:           Project file item includes which caused reference "D:\XML\PersonalFinanceManager\packages\System.Threading.Tasks.Extensions.4.5.4\lib\net461\System.Threading.Tasks.Extensions.dll". [D:\XML\PersonalFinanceManager\PersonalFinanceManager.BLL\PersonalFinanceManager.BLL.csproj]
C:\Program Files\Microsoft Visual Studio\18\Insiders\MSBuild\Current\Bin\Microsoft.Common.CurrentVersion.targets(2451,5): warning MSB3277:             System.Threading.Tasks.Extensions, Version=4.2.0.1, Culture=neutral, PublicKeyToken=cc7b13ffcd2ddd51, processorArchitecture=MSIL [D:\XML\PersonalFinanceManager\PersonalFinanceManager.BLL\PersonalFinanceManager.BLL.csproj]
C:\Program Files\Microsoft Visual Studio\18\Insiders\MSBuild\Current\Bin\Microsoft.Common.CurrentVersion.targets(2451,5): warning MSB3277:     References which depend on or have been unified to "System.Threading.Tasks.Extensions, Version=4.2.4.0, Culture=neutral, PublicKeyToken=cc7b13ffcd2ddd51" [C:\Program Files\Microsoft Visual Studio\18\Insiders\Common7\IDE\PublicAssemblies\System.Threading.Tasks.Extensions.dll]. [D:\XML\PersonalFinanceManager\PersonalFinanceManager.BLL\PersonalFinanceManager.BLL.csproj]
C:\Program Files\Microsoft Visual Studio\18\Insiders\MSBuild\Current\Bin\Microsoft.Common.CurrentVersion.targets(2451,5): warning MSB3277:         D:\XML\PersonalFinanceManager\packages\Dapper.2.1.66\lib\net461\Dapper.dll [D:\XML\PersonalFinanceManager\PersonalFinanceManager.BLL\PersonalFinanceManager.BLL.csproj]
C:\Program Files\Microsoft Visual Studio\18\Insiders\MSBuild\Current\Bin\Microsoft.Common.CurrentVersion.targets(2451,5): warning MSB3277:           Project file item includes which caused reference "D:\XML\PersonalFinanceManager\packages\Dapper.2.1.66\lib\net461\Dapper.dll". [D:\XML\PersonalFinanceManager\PersonalFinanceManager.BLL\PersonalFinanceManager.BLL.csproj]
C:\Program Files\Microsoft Visual Studio\18\Insiders\MSBuild\Current\Bin\Microsoft.Common.CurrentVersion.targets(2451,5): warning MSB3277:             Dapper, Version=2.0.0.0, Culture=neutral, processorArchitecture=MSIL [D:\XML\PersonalFinanceManager\PersonalFinanceManager.BLL\PersonalFinanceManager.BLL.csproj]
C:\Program Files\Microsoft Visual Studio\18\Insiders\MSBuild\Current\Bin\Microsoft.Common.CurrentVersion.targets(2451,5): warning MSB3277:             D:\XML\PersonalFinanceManager\PersonalFinanceManager.DAL\bin\Debug\PersonalFinanceManager.DAL.dll [D:\XML\PersonalFinanceManager\PersonalFinanceManager.BLL\PersonalFinanceManager.BLL.csproj]
C:\Program Files\Microsoft Visual Studio\18\Insiders\MSBuild\Current\Bin\Microsoft.Common.CurrentVersion.targets(2451,5): warning MSB3277:         D:\XML\PersonalFinanceManager\packages\Microsoft.Bcl.AsyncInterfaces.9.0.4\lib\net462\Microsoft.Bcl.AsyncInterfaces.dll [D:\XML\PersonalFinanceManager\PersonalFinanceManager.BLL\PersonalFinanceManager.BLL.csproj]
C:\Program Files\Microsoft Visual Studio\18\Insiders\MSBuild\Current\Bin\Microsoft.Common.CurrentVersion.targets(2451,5): warning MSB3277:           Project file item includes which caused reference "D:\XML\PersonalFinanceManager\packages\Microsoft.Bcl.AsyncInterfaces.9.0.4\lib\net462\Microsoft.Bcl.AsyncInterfaces.dll". [D:\XML\PersonalFinanceManager\PersonalFinanceManager.BLL\PersonalFinanceManager.BLL.csproj]
C:\Program Files\Microsoft Visual Studio\18\Insiders\MSBuild\Current\Bin\Microsoft.Common.CurrentVersion.targets(2451,5): warning MSB3277:             Microsoft.Bcl.AsyncInterfaces, Version=9.0.0.4, Culture=neutral, PublicKeyToken=cc7b13ffcd2ddd51, processorArchitecture=MSIL [D:\XML\PersonalFinanceManager\PersonalFinanceManager.BLL\PersonalFinanceManager.BLL.csproj]
C:\Program Files\Microsoft Visual Studio\18\Insiders\MSBuild\Current\Bin\Microsoft.Common.CurrentVersion.targets(2451,5): warning MSB3277:             Dapper, Version=2.0.0.0, Culture=neutral, processorArchitecture=MSIL [D:\XML\PersonalFinanceManager\PersonalFinanceManager.BLL\PersonalFinanceManager.BLL.csproj]
C:\Program Files\Microsoft Visual Studio\18\Insiders\MSBuild\Current\Bin\Microsoft.Common.CurrentVersion.targets(2451,5): warning MSB3277:             D:\XML\PersonalFinanceManager\PersonalFinanceManager.DAL\bin\Debug\PersonalFinanceManager.DAL.dll [D:\XML\PersonalFinanceManager\PersonalFinanceManager.BLL\PersonalFinanceManager.BLL.csproj]
C:\Program Files\Microsoft Visual Studio\18\Insiders\MSBuild\Current\Bin\Microsoft.Common.CurrentVersion.targets(2451,5): warning MSB3277:             System.Threading.Channels, Version=9.0.0.4, Culture=neutral, PublicKeyToken=cc7b13ffcd2ddd51, processorArchitecture=MSIL [D:\XML\PersonalFinanceManager\PersonalFinanceManager.BLL\PersonalFinanceManager.BLL.csproj]
C:\Program Files\Microsoft Visual Studio\18\Insiders\MSBuild\Current\Bin\Microsoft.Common.CurrentVersion.targets(2451,5): warning MSB3277:             Microsoft.ML.Data, Version=1.0.0.0, Culture=neutral, PublicKeyToken=cc7b13ffcd2ddd51, processorArchitecture=MSIL [D:\XML\PersonalFinanceManager\PersonalFinanceManager.BLL\PersonalFinanceManager.BLL.csproj]
C:\Program Files\Microsoft Visual Studio\18\Insiders\MSBuild\Current\Bin\Microsoft.Common.CurrentVersion.targets(2451,5): warning MSB3277:             Microsoft.ML.FastTree, Version=1.0.0.0, Culture=neutral, PublicKeyToken=cc7b13ffcd2ddd51, processorArchitecture=MSIL [D:\XML\PersonalFinanceManager\PersonalFinanceManager.BLL\PersonalFinanceManager.BLL.csproj]
C:\Program Files\Microsoft Visual Studio\18\Insiders\MSBuild\Current\Bin\Microsoft.Common.CurrentVersion.targets(2451,5): warning MSB3277:             Microsoft.ML.KMeansClustering, Version=1.0.0.0, Culture=neutral, PublicKeyToken=cc7b13ffcd2ddd51, processorArchitecture=MSIL [D:\XML\PersonalFinanceManager\PersonalFinanceManager.BLL\PersonalFinanceManager.BLL.csproj]
C:\Program Files\Microsoft Visual Studio\18\Insiders\MSBuild\Current\Bin\Microsoft.Common.CurrentVersion.targets(2451,5): warning MSB3277:             Microsoft.ML.PCA, Version=1.0.0.0, Culture=neutral, PublicKeyToken=cc7b13ffcd2ddd51, processorArchitecture=MSIL [D:\XML\PersonalFinanceManager\PersonalFinanceManager.BLL\PersonalFinanceManager.BLL.csproj]
C:\Program Files\Microsoft Visual Studio\18\Insiders\MSBuild\Current\Bin\Microsoft.Common.CurrentVersion.targets(2451,5): warning MSB3277:             Microsoft.ML.StandardTrainers, Version=1.0.0.0, Culture=neutral, PublicKeyToken=cc7b13ffcd2ddd51, processorArchitecture=MSIL [D:\XML\PersonalFinanceManager\PersonalFinanceManager.BLL\PersonalFinanceManager.BLL.csproj]
C:\Program Files\Microsoft Visual Studio\18\Insiders\MSBuild\Current\Bin\Microsoft.Common.CurrentVersion.targets(2451,5): warning MSB3277:             Microsoft.ML.Transforms, Version=1.0.0.0, Culture=neutral, PublicKeyToken=cc7b13ffcd2ddd51, processorArchitecture=MSIL [D:\XML\PersonalFinanceManager\PersonalFinanceManager.BLL\PersonalFinanceManager.BLL.csproj]
C:\Program Files\Microsoft Visual Studio\18\Insiders\MSBuild\Current\Bin\Microsoft.Common.CurrentVersion.targets(2451,5): warning MSB3277:         D:\XML\PersonalFinanceManager\packages\Microsoft.ML.5.0.0\lib\netstandard2.0\Microsoft.ML.Data.dll [D:\XML\PersonalFinanceManager\PersonalFinanceManager.BLL\PersonalFinanceManager.BLL.csproj]
C:\Program Files\Microsoft Visual Studio\18\Insiders\MSBuild\Current\Bin\Microsoft.Common.CurrentVersion.targets(2451,5): warning MSB3277:           Project file item includes which caused reference "D:\XML\PersonalFinanceManager\packages\Microsoft.ML.5.0.0\lib\netstandard2.0\Microsoft.ML.Data.dll". [D:\XML\PersonalFinanceManager\PersonalFinanceManager.BLL\PersonalFinanceManager.BLL.csproj]
C:\Program Files\Microsoft Visual Studio\18\Insiders\MSBuild\Current\Bin\Microsoft.Common.CurrentVersion.targets(2451,5): warning MSB3277:             Microsoft.ML.Data, Version=1.0.0.0, Culture=neutral, PublicKeyToken=cc7b13ffcd2ddd51, processorArchitecture=MSIL [D:\XML\PersonalFinanceManager\PersonalFinanceManager.BLL\PersonalFinanceManager.BLL.csproj]
C:\Program Files\Microsoft Visual Studio\18\Insiders\MSBuild\Current\Bin\Microsoft.Common.CurrentVersion.targets(2451,5): warning MSB3277:             Microsoft.ML.FastTree, Version=1.0.0.0, Culture=neutral, PublicKeyToken=cc7b13ffcd2ddd51, processorArchitecture=MSIL [D:\XML\PersonalFinanceManager\PersonalFinanceManager.BLL\PersonalFinanceManager.BLL.csproj]
C:\Program Files\Microsoft Visual Studio\18\Insiders\MSBuild\Current\Bin\Microsoft.Common.CurrentVersion.targets(2451,5): warning MSB3277:             Microsoft.ML.KMeansClustering, Version=1.0.0.0, Culture=neutral, PublicKeyToken=cc7b13ffcd2ddd51, processorArchitecture=MSIL [D:\XML\PersonalFinanceManager\PersonalFinanceManager.BLL\PersonalFinanceManager.BLL.csproj]
C:\Program Files\Microsoft Visual Studio\18\Insiders\MSBuild\Current\Bin\Microsoft.Common.CurrentVersion.targets(2451,5): warning MSB3277:             Microsoft.ML.PCA, Version=1.0.0.0, Culture=neutral, PublicKeyToken=cc7b13ffcd2ddd51, processorArchitecture=MSIL [D:\XML\PersonalFinanceManager\PersonalFinanceManager.BLL\PersonalFinanceManager.BLL.csproj]
C:\Program Files\Microsoft Visual Studio\18\Insiders\MSBuild\Current\Bin\Microsoft.Common.CurrentVersion.targets(2451,5): warning MSB3277:             Microsoft.ML.StandardTrainers, Version=1.0.0.0, Culture=neutral, PublicKeyToken=cc7b13ffcd2ddd51, processorArchitecture=MSIL [D:\XML\PersonalFinanceManager\PersonalFinanceManager.BLL\PersonalFinanceManager.BLL.csproj]
C:\Program Files\Microsoft Visual Studio\18\Insiders\MSBuild\Current\Bin\Microsoft.Common.CurrentVersion.targets(2451,5): warning MSB3277:             Microsoft.ML.Transforms, Version=1.0.0.0, Culture=neutral, PublicKeyToken=cc7b13ffcd2ddd51, processorArchitecture=MSIL [D:\XML\PersonalFinanceManager\PersonalFinanceManager.BLL\PersonalFinanceManager.BLL.csproj]
C:\Program Files\Microsoft Visual Studio\18\Insiders\MSBuild\Current\Bin\Microsoft.Common.CurrentVersion.targets(2451,5): warning MSB3277:         D:\XML\PersonalFinanceManager\packages\System.Threading.Channels.9.0.4\lib\net462\System.Threading.Channels.dll [D:\XML\PersonalFinanceManager\PersonalFinanceManager.BLL\PersonalFinanceManager.BLL.csproj]
C:\Program Files\Microsoft Visual Studio\18\Insiders\MSBuild\Current\Bin\Microsoft.Common.CurrentVersion.targets(2451,5): warning MSB3277:           Project file item includes which caused reference "D:\XML\PersonalFinanceManager\packages\System.Threading.Channels.9.0.4\lib\net462\System.Threading.Channels.dll". [D:\XML\PersonalFinanceManager\PersonalFinanceManager.BLL\PersonalFinanceManager.BLL.csproj]
C:\Program Files\Microsoft Visual Studio\18\Insiders\MSBuild\Current\Bin\Microsoft.Common.CurrentVersion.targets(2451,5): warning MSB3277:             System.Threading.Channels, Version=9.0.0.4, Culture=neutral, PublicKeyToken=cc7b13ffcd2ddd51, processorArchitecture=MSIL [D:\XML\PersonalFinanceManager\PersonalFinanceManager.BLL\PersonalFinanceManager.BLL.csproj]
C:\Program Files\Microsoft Visual Studio\18\Insiders\MSBuild\Current\Bin\Microsoft.Common.CurrentVersion.targets(2451,5): warning MSB3277:             Microsoft.ML.Data, Version=1.0.0.0, Culture=neutral, PublicKeyToken=cc7b13ffcd2ddd51, processorArchitecture=MSIL [D:\XML\PersonalFinanceManager\PersonalFinanceManager.BLL\PersonalFinanceManager.BLL.csproj]
C:\Program Files\Microsoft Visual Studio\18\Insiders\MSBuild\Current\Bin\Microsoft.Common.CurrentVersion.targets(2451,5): warning MSB3277:             Microsoft.ML.FastTree, Version=1.0.0.0, Culture=neutral, PublicKeyToken=cc7b13ffcd2ddd51, processorArchitecture=MSIL [D:\XML\PersonalFinanceManager\PersonalFinanceManager.BLL\PersonalFinanceManager.BLL.csproj]
C:\Program Files\Microsoft Visual Studio\18\Insiders\MSBuild\Current\Bin\Microsoft.Common.CurrentVersion.targets(2451,5): warning MSB3277:             Microsoft.ML.KMeansClustering, Version=1.0.0.0, Culture=neutral, PublicKeyToken=cc7b13ffcd2ddd51, processorArchitecture=MSIL [D:\XML\PersonalFinanceManager\PersonalFinanceManager.BLL\PersonalFinanceManager.BLL.csproj]
C:\Program Files\Microsoft Visual Studio\18\Insiders\MSBuild\Current\Bin\Microsoft.Common.CurrentVersion.targets(2451,5): warning MSB3277:             Microsoft.ML.PCA, Version=1.0.0.0, Culture=neutral, PublicKeyToken=cc7b13ffcd2ddd51, processorArchitecture=MSIL [D:\XML\PersonalFinanceManager\PersonalFinanceManager.BLL\PersonalFinanceManager.BLL.csproj]
C:\Program Files\Microsoft Visual Studio\18\Insiders\MSBuild\Current\Bin\Microsoft.Common.CurrentVersion.targets(2451,5): warning MSB3277:             Microsoft.ML.StandardTrainers, Version=1.0.0.0, Culture=neutral, PublicKeyToken=cc7b13ffcd2ddd51, processorArchitecture=MSIL [D:\XML\PersonalFinanceManager\PersonalFinanceManager.BLL\PersonalFinanceManager.BLL.csproj]
C:\Program Files\Microsoft Visual Studio\18\Insiders\MSBuild\Current\Bin\Microsoft.Common.CurrentVersion.targets(2451,5): warning MSB3277:             Microsoft.ML.Transforms, Version=1.0.0.0, Culture=neutral, PublicKeyToken=cc7b13ffcd2ddd51, processorArchitecture=MSIL [D:\XML\PersonalFinanceManager\PersonalFinanceManager.BLL\PersonalFinanceManager.BLL.csproj]
C:\Program Files\Microsoft Visual Studio\18\Insiders\MSBuild\Current\Bin\Microsoft.Common.CurrentVersion.targets(2451,5): warning MSB3277:         D:\XML\PersonalFinanceManager\packages\Unity.5.11.8\lib\net47\Unity.Abstractions.dll [D:\XML\PersonalFinanceManager\PersonalFinanceManager.BLL\PersonalFinanceManager.BLL.csproj]
C:\Program Files\Microsoft Visual Studio\18\Insiders\MSBuild\Current\Bin\Microsoft.Common.CurrentVersion.targets(2451,5): warning MSB3277:           Project file item includes which caused reference "D:\XML\PersonalFinanceManager\packages\Unity.5.11.8\lib\net47\Unity.Abstractions.dll". [D:\XML\PersonalFinanceManager\PersonalFinanceManager.BLL\PersonalFinanceManager.BLL.csproj]
C:\Program Files\Microsoft Visual Studio\18\Insiders\MSBuild\Current\Bin\Microsoft.Common.CurrentVersion.targets(2451,5): warning MSB3277:             Unity.Abstractions, Version=5.11.6.0, Culture=neutral, PublicKeyToken=489b6accfaf20ef0, processorArchitecture=MSIL [D:\XML\PersonalFinanceManager\PersonalFinanceManager.BLL\PersonalFinanceManager.BLL.csproj]
C:\Program Files\Microsoft Visual Studio\18\Insiders\MSBuild\Current\Bin\Microsoft.Common.CurrentVersion.targets(2451,5): warning MSB3277:             Unity.Container, Version=5.11.9.0, Culture=neutral, PublicKeyToken=489b6accfaf20ef0, processorArchitecture=MSIL [D:\XML\PersonalFinanceManager\PersonalFinanceManager.BLL\PersonalFinanceManager.BLL.csproj]


"D:\XML\PersonalFinanceManager\PersonalFinanceManager.slnx" (Rebuild target) (1) ->
"D:\XML\PersonalFinanceManager\PersonalFinanceManager.Infrastructure\PersonalFinanceManager.Infrastructure.csproj" (Rebuild target) (6) ->
  C:\Program Files\Microsoft Visual Studio\18\Insiders\MSBuild\Current\Bin\Microsoft.Common.CurrentVersion.targets(2451,5): warning MSB3277: Found conflicts between different versions of "System.Data.SQLite" that could not be resolved. [D:\XML\PersonalFinanceManager\PersonalFinanceManager.Infrastructure\PersonalFinanceManager.Infrastructure.csproj]
C:\Program Files\Microsoft Visual Studio\18\Insiders\MSBuild\Current\Bin\Microsoft.Common.CurrentVersion.targets(2451,5): warning MSB3277: There was a conflict between "System.Data.SQLite, Version=1.0.119.0, Culture=neutral, PublicKeyToken=db937bc2d44ff139" and "System.Data.SQLite, Version=2.0.2.0, Culture=neutral, PublicKeyToken=db937bc2d44ff139". [D:\XML\PersonalFinanceManager\PersonalFinanceManager.Infrastructure\PersonalFinanceManager.Infrastructure.csproj]
C:\Program Files\Microsoft Visual Studio\18\Insiders\MSBuild\Current\Bin\Microsoft.Common.CurrentVersion.targets(2451,5): warning MSB3277:     "System.Data.SQLite, Version=1.0.119.0, Culture=neutral, PublicKeyToken=db937bc2d44ff139" was chosen because it was primary and "System.Data.SQLite, Version=2.0.2.0, Culture=neutral, PublicKeyToken=db937bc2d44ff139" was not. [D:\XML\PersonalFinanceManager\PersonalFinanceManager.Infrastructure\PersonalFinanceManager.Infrastructure.csproj]
C:\Program Files\Microsoft Visual Studio\18\Insiders\MSBuild\Current\Bin\Microsoft.Common.CurrentVersion.targets(2451,5): warning MSB3277:     References which depend on "System.Data.SQLite, Version=1.0.119.0, Culture=neutral, PublicKeyToken=db937bc2d44ff139" [D:\XML\PersonalFinanceManager\packages\Stub.System.Data.SQLite.Core.NetFramework.1.0.119.0\lib\net46\System.Data.SQLite.dll]. [D:\XML\PersonalFinanceManager\PersonalFinanceManager.Infrastructure\PersonalFinanceManager.Infrastructure.csproj]
C:\Program Files\Microsoft Visual Studio\18\Insiders\MSBuild\Current\Bin\Microsoft.Common.CurrentVersion.targets(2451,5): warning MSB3277:         D:\XML\PersonalFinanceManager\packages\Stub.System.Data.SQLite.Core.NetFramework.1.0.119.0\lib\net46\System.Data.SQLite.dll [D:\XML\PersonalFinanceManager\PersonalFinanceManager.Infrastructure\PersonalFinanceManager.Infrastructure.csproj]
C:\Program Files\Microsoft Visual Studio\18\Insiders\MSBuild\Current\Bin\Microsoft.Common.CurrentVersion.targets(2451,5): warning MSB3277:           Project file item includes which caused reference "D:\XML\PersonalFinanceManager\packages\Stub.System.Data.SQLite.Core.NetFramework.1.0.119.0\lib\net46\System.Data.SQLite.dll". [D:\XML\PersonalFinanceManager\PersonalFinanceManager.Infrastructure\PersonalFinanceManager.Infrastructure.csproj]
C:\Program Files\Microsoft Visual Studio\18\Insiders\MSBuild\Current\Bin\Microsoft.Common.CurrentVersion.targets(2451,5): warning MSB3277:             System.Data.SQLite, Version=1.0.119.0, Culture=neutral, PublicKeyToken=db937bc2d44ff139, processorArchitecture=MSIL [D:\XML\PersonalFinanceManager\PersonalFinanceManager.Infrastructure\PersonalFinanceManager.Infrastructure.csproj]
C:\Program Files\Microsoft Visual Studio\18\Insiders\MSBuild\Current\Bin\Microsoft.Common.CurrentVersion.targets(2451,5): warning MSB3277:     References which depend on or have been unified to "System.Data.SQLite, Version=2.0.2.0, Culture=neutral, PublicKeyToken=db937bc2d44ff139" []. [D:\XML\PersonalFinanceManager\PersonalFinanceManager.Infrastructure\PersonalFinanceManager.Infrastructure.csproj]
C:\Program Files\Microsoft Visual Studio\18\Insiders\MSBuild\Current\Bin\Microsoft.Common.CurrentVersion.targets(2451,5): warning MSB3277:         D:\XML\PersonalFinanceManager\PersonalFinanceManager.Common\bin\Debug\PersonalFinanceManager.Common.dll [D:\XML\PersonalFinanceManager\PersonalFinanceManager.Infrastructure\PersonalFinanceManager.Infrastructure.csproj]
C:\Program Files\Microsoft Visual Studio\18\Insiders\MSBuild\Current\Bin\Microsoft.Common.CurrentVersion.targets(2451,5): warning MSB3277:           Project file item includes which caused reference "D:\XML\PersonalFinanceManager\PersonalFinanceManager.Common\bin\Debug\PersonalFinanceManager.Common.dll". [D:\XML\PersonalFinanceManager\PersonalFinanceManager.Infrastructure\PersonalFinanceManager.Infrastructure.csproj]
C:\Program Files\Microsoft Visual Studio\18\Insiders\MSBuild\Current\Bin\Microsoft.Common.CurrentVersion.targets(2451,5): warning MSB3277:             D:\XML\PersonalFinanceManager\PersonalFinanceManager.Common\bin\Debug\PersonalFinanceManager.Common.dll [D:\XML\PersonalFinanceManager\PersonalFinanceManager.Infrastructure\PersonalFinanceManager.Infrastructure.csproj]
C:\Program Files\Microsoft Visual Studio\18\Insiders\MSBuild\Current\Bin\Microsoft.Common.CurrentVersion.targets(2451,5): warning MSB3277:             D:\XML\PersonalFinanceManager\PersonalFinanceManager.BLL\bin\Debug\PersonalFinanceManager.BLL.dll [D:\XML\PersonalFinanceManager\PersonalFinanceManager.Infrastructure\PersonalFinanceManager.Infrastructure.csproj]
C:\Program Files\Microsoft Visual Studio\18\Insiders\MSBuild\Current\Bin\Microsoft.Common.CurrentVersion.targets(2451,5): warning MSB3277:             D:\XML\PersonalFinanceManager\PersonalFinanceManager.DAL\bin\Debug\PersonalFinanceManager.DAL.dll [D:\XML\PersonalFinanceManager\PersonalFinanceManager.Infrastructure\PersonalFinanceManager.Infrastructure.csproj]
C:\Program Files\Microsoft Visual Studio\18\Insiders\MSBuild\Current\Bin\Microsoft.Common.CurrentVersion.targets(2451,5): warning MSB3277:         D:\XML\PersonalFinanceManager\packages\System.Data.SQLite.EF6.1.0.119.0\lib\net46\System.Data.SQLite.EF6.dll [D:\XML\PersonalFinanceManager\PersonalFinanceManager.Infrastructure\PersonalFinanceManager.Infrastructure.csproj]
C:\Program Files\Microsoft Visual Studio\18\Insiders\MSBuild\Current\Bin\Microsoft.Common.CurrentVersion.targets(2451,5): warning MSB3277:           Project file item includes which caused reference "D:\XML\PersonalFinanceManager\packages\System.Data.SQLite.EF6.1.0.119.0\lib\net46\System.Data.SQLite.EF6.dll". [D:\XML\PersonalFinanceManager\PersonalFinanceManager.Infrastructure\PersonalFinanceManager.Infrastructure.csproj]
C:\Program Files\Microsoft Visual Studio\18\Insiders\MSBuild\Current\Bin\Microsoft.Common.CurrentVersion.targets(2451,5): warning MSB3277:             System.Data.SQLite.EF6, Version=1.0.119.0, Culture=neutral, PublicKeyToken=db937bc2d44ff139, processorArchitecture=MSIL [D:\XML\PersonalFinanceManager\PersonalFinanceManager.Infrastructure\PersonalFinanceManager.Infrastructure.csproj]
C:\Program Files\Microsoft Visual Studio\18\Insiders\MSBuild\Current\Bin\Microsoft.Common.CurrentVersion.targets(2451,5): warning MSB3277:         D:\XML\PersonalFinanceManager\packages\System.Data.SQLite.Linq.1.0.119.0\lib\net46\System.Data.SQLite.Linq.dll [D:\XML\PersonalFinanceManager\PersonalFinanceManager.Infrastructure\PersonalFinanceManager.Infrastructure.csproj]
C:\Program Files\Microsoft Visual Studio\18\Insiders\MSBuild\Current\Bin\Microsoft.Common.CurrentVersion.targets(2451,5): warning MSB3277:           Project file item includes which caused reference "D:\XML\PersonalFinanceManager\packages\System.Data.SQLite.Linq.1.0.119.0\lib\net46\System.Data.SQLite.Linq.dll". [D:\XML\PersonalFinanceManager\PersonalFinanceManager.Infrastructure\PersonalFinanceManager.Infrastructure.csproj]
C:\Program Files\Microsoft Visual Studio\18\Insiders\MSBuild\Current\Bin\Microsoft.Common.CurrentVersion.targets(2451,5): warning MSB3277:             System.Data.SQLite.Linq, Version=1.0.119.0, Culture=neutral, PublicKeyToken=db937bc2d44ff139, processorArchitecture=MSIL [D:\XML\PersonalFinanceManager\PersonalFinanceManager.Infrastructure\PersonalFinanceManager.Infrastructure.csproj]
  C:\Program Files\Microsoft Visual Studio\18\Insiders\MSBuild\Current\Bin\Microsoft.Common.CurrentVersion.targets(2451,5): warning MSB3277: Found conflicts between different versions of "System.Memory" that could not be resolved. [D:\XML\PersonalFinanceManager\PersonalFinanceManager.Infrastructure\PersonalFinanceManager.Infrastructure.csproj]
C:\Program Files\Microsoft Visual Studio\18\Insiders\MSBuild\Current\Bin\Microsoft.Common.CurrentVersion.targets(2451,5): warning MSB3277: There was a conflict between "System.Memory, Version=4.0.1.2, Culture=neutral, PublicKeyToken=cc7b13ffcd2ddd51" and "System.Memory, Version=4.0.5.0, Culture=neutral, PublicKeyToken=cc7b13ffcd2ddd51". [D:\XML\PersonalFinanceManager\PersonalFinanceManager.Infrastructure\PersonalFinanceManager.Infrastructure.csproj]
C:\Program Files\Microsoft Visual Studio\18\Insiders\MSBuild\Current\Bin\Microsoft.Common.CurrentVersion.targets(2451,5): warning MSB3277:     "System.Memory, Version=4.0.1.2, Culture=neutral, PublicKeyToken=cc7b13ffcd2ddd51" was chosen because it was primary and "System.Memory, Version=4.0.5.0, Culture=neutral, PublicKeyToken=cc7b13ffcd2ddd51" was not. [D:\XML\PersonalFinanceManager\PersonalFinanceManager.Infrastructure\PersonalFinanceManager.Infrastructure.csproj]
C:\Program Files\Microsoft Visual Studio\18\Insiders\MSBuild\Current\Bin\Microsoft.Common.CurrentVersion.targets(2451,5): warning MSB3277:     References which depend on "System.Memory, Version=4.0.1.2, Culture=neutral, PublicKeyToken=cc7b13ffcd2ddd51" [D:\XML\PersonalFinanceManager\packages\System.Memory.4.5.5\lib\net461\System.Memory.dll]. [D:\XML\PersonalFinanceManager\PersonalFinanceManager.Infrastructure\PersonalFinanceManager.Infrastructure.csproj]
C:\Program Files\Microsoft Visual Studio\18\Insiders\MSBuild\Current\Bin\Microsoft.Common.CurrentVersion.targets(2451,5): warning MSB3277:         D:\XML\PersonalFinanceManager\packages\System.Memory.4.5.5\lib\net461\System.Memory.dll [D:\XML\PersonalFinanceManager\PersonalFinanceManager.Infrastructure\PersonalFinanceManager.Infrastructure.csproj]
C:\Program Files\Microsoft Visual Studio\18\Insiders\MSBuild\Current\Bin\Microsoft.Common.CurrentVersion.targets(2451,5): warning MSB3277:           Project file item includes which caused reference "D:\XML\PersonalFinanceManager\packages\System.Memory.4.5.5\lib\net461\System.Memory.dll". [D:\XML\PersonalFinanceManager\PersonalFinanceManager.Infrastructure\PersonalFinanceManager.Infrastructure.csproj]
C:\Program Files\Microsoft Visual Studio\18\Insiders\MSBuild\Current\Bin\Microsoft.Common.CurrentVersion.targets(2451,5): warning MSB3277:             System.Memory, Version=4.0.1.2, Culture=neutral, PublicKeyToken=cc7b13ffcd2ddd51, processorArchitecture=MSIL [D:\XML\PersonalFinanceManager\PersonalFinanceManager.Infrastructure\PersonalFinanceManager.Infrastructure.csproj]
C:\Program Files\Microsoft Visual Studio\18\Insiders\MSBuild\Current\Bin\Microsoft.Common.CurrentVersion.targets(2451,5): warning MSB3277:     References which depend on or have been unified to "System.Memory, Version=4.0.5.0, Culture=neutral, PublicKeyToken=cc7b13ffcd2ddd51" [C:\Program Files\Microsoft Visual Studio\18\Insiders\Common7\IDE\PublicAssemblies\System.Memory.dll]. [D:\XML\PersonalFinanceManager\PersonalFinanceManager.Infrastructure\PersonalFinanceManager.Infrastructure.csproj]
C:\Program Files\Microsoft Visual Studio\18\Insiders\MSBuild\Current\Bin\Microsoft.Common.CurrentVersion.targets(2451,5): warning MSB3277:         D:\XML\PersonalFinanceManager\packages\BCrypt.Net-Next.4.0.3\lib\net472\BCrypt.Net-Next.dll [D:\XML\PersonalFinanceManager\PersonalFinanceManager.Infrastructure\PersonalFinanceManager.Infrastructure.csproj]
C:\Program Files\Microsoft Visual Studio\18\Insiders\MSBuild\Current\Bin\Microsoft.Common.CurrentVersion.targets(2451,5): warning MSB3277:           Project file item includes which caused reference "D:\XML\PersonalFinanceManager\packages\BCrypt.Net-Next.4.0.3\lib\net472\BCrypt.Net-Next.dll". [D:\XML\PersonalFinanceManager\PersonalFinanceManager.Infrastructure\PersonalFinanceManager.Infrastructure.csproj]
C:\Program Files\Microsoft Visual Studio\18\Insiders\MSBuild\Current\Bin\Microsoft.Common.CurrentVersion.targets(2451,5): warning MSB3277:             BCrypt.Net-Next, Version=4.0.3.0, Culture=neutral, PublicKeyToken=1e11be04b6288443, processorArchitecture=MSIL [D:\XML\PersonalFinanceManager\PersonalFinanceManager.Infrastructure\PersonalFinanceManager.Infrastructure.csproj]
C:\Program Files\Microsoft Visual Studio\18\Insiders\MSBuild\Current\Bin\Microsoft.Common.CurrentVersion.targets(2451,5): warning MSB3277:         D:\XML\PersonalFinanceManager\packages\Microsoft.IO.RecyclableMemoryStream.3.0.1\lib\netstandard2.0\Microsoft.IO.RecyclableMemoryStream.dll [D:\XML\PersonalFinanceManager\PersonalFinanceManager.Infrastructure\PersonalFinanceManager.Infrastructure.csproj]
C:\Program Files\Microsoft Visual Studio\18\Insiders\MSBuild\Current\Bin\Microsoft.Common.CurrentVersion.targets(2451,5): warning MSB3277:           Project file item includes which caused reference "D:\XML\PersonalFinanceManager\packages\Microsoft.IO.RecyclableMemoryStream.3.0.1\lib\netstandard2.0\Microsoft.IO.RecyclableMemoryStream.dll". [D:\XML\PersonalFinanceManager\PersonalFinanceManager.Infrastructure\PersonalFinanceManager.Infrastructure.csproj]
C:\Program Files\Microsoft Visual Studio\18\Insiders\MSBuild\Current\Bin\Microsoft.Common.CurrentVersion.targets(2451,5): warning MSB3277:             Microsoft.IO.RecyclableMemoryStream, Version=3.0.1.0, Culture=neutral, PublicKeyToken=31bf3856ad364e35, processorArchitecture=MSIL [D:\XML\PersonalFinanceManager\PersonalFinanceManager.Infrastructure\PersonalFinanceManager.Infrastructure.csproj]
C:\Program Files\Microsoft Visual Studio\18\Insiders\MSBuild\Current\Bin\Microsoft.Common.CurrentVersion.targets(2451,5): warning MSB3277:             EPPlus, Version=8.5.0.0, Culture=neutral, PublicKeyToken=ea159fdaa78159a1, processorArchitecture=MSIL [D:\XML\PersonalFinanceManager\PersonalFinanceManager.Infrastructure\PersonalFinanceManager.Infrastructure.csproj]
C:\Program Files\Microsoft Visual Studio\18\Insiders\MSBuild\Current\Bin\Microsoft.Common.CurrentVersion.targets(2451,5): warning MSB3277:         D:\XML\PersonalFinanceManager\PersonalFinanceManager.BLL\bin\Debug\Microsoft.ML.Data.dll [D:\XML\PersonalFinanceManager\PersonalFinanceManager.Infrastructure\PersonalFinanceManager.Infrastructure.csproj]
C:\Program Files\Microsoft Visual Studio\18\Insiders\MSBuild\Current\Bin\Microsoft.Common.CurrentVersion.targets(2451,5): warning MSB3277:           Project file item includes which caused reference "D:\XML\PersonalFinanceManager\PersonalFinanceManager.BLL\bin\Debug\Microsoft.ML.Data.dll". [D:\XML\PersonalFinanceManager\PersonalFinanceManager.Infrastructure\PersonalFinanceManager.Infrastructure.csproj]
C:\Program Files\Microsoft Visual Studio\18\Insiders\MSBuild\Current\Bin\Microsoft.Common.CurrentVersion.targets(2451,5): warning MSB3277:             D:\XML\PersonalFinanceManager\PersonalFinanceManager.BLL\bin\Debug\PersonalFinanceManager.BLL.dll [D:\XML\PersonalFinanceManager\PersonalFinanceManager.Infrastructure\PersonalFinanceManager.Infrastructure.csproj]
C:\Program Files\Microsoft Visual Studio\18\Insiders\MSBuild\Current\Bin\Microsoft.Common.CurrentVersion.targets(2451,5): warning MSB3277:         D:\XML\PersonalFinanceManager\PersonalFinanceManager.BLL\bin\Debug\Microsoft.ML.Core.dll [D:\XML\PersonalFinanceManager\PersonalFinanceManager.Infrastructure\PersonalFinanceManager.Infrastructure.csproj]
C:\Program Files\Microsoft Visual Studio\18\Insiders\MSBuild\Current\Bin\Microsoft.Common.CurrentVersion.targets(2451,5): warning MSB3277:           Project file item includes which caused reference "D:\XML\PersonalFinanceManager\PersonalFinanceManager.BLL\bin\Debug\Microsoft.ML.Core.dll". [D:\XML\PersonalFinanceManager\PersonalFinanceManager.Infrastructure\PersonalFinanceManager.Infrastructure.csproj]
C:\Program Files\Microsoft Visual Studio\18\Insiders\MSBuild\Current\Bin\Microsoft.Common.CurrentVersion.targets(2451,5): warning MSB3277:             D:\XML\PersonalFinanceManager\PersonalFinanceManager.BLL\bin\Debug\PersonalFinanceManager.BLL.dll [D:\XML\PersonalFinanceManager\PersonalFinanceManager.Infrastructure\PersonalFinanceManager.Infrastructure.csproj]
C:\Program Files\Microsoft Visual Studio\18\Insiders\MSBuild\Current\Bin\Microsoft.Common.CurrentVersion.targets(2451,5): warning MSB3277:         D:\XML\PersonalFinanceManager\PersonalFinanceManager.BLL\bin\Debug\Microsoft.ML.DataView.dll [D:\XML\PersonalFinanceManager\PersonalFinanceManager.Infrastructure\PersonalFinanceManager.Infrastructure.csproj]
C:\Program Files\Microsoft Visual Studio\18\Insiders\MSBuild\Current\Bin\Microsoft.Common.CurrentVersion.targets(2451,5): warning MSB3277:           Project file item includes which caused reference "D:\XML\PersonalFinanceManager\PersonalFinanceManager.BLL\bin\Debug\Microsoft.ML.DataView.dll". [D:\XML\PersonalFinanceManager\PersonalFinanceManager.Infrastructure\PersonalFinanceManager.Infrastructure.csproj]
C:\Program Files\Microsoft Visual Studio\18\Insiders\MSBuild\Current\Bin\Microsoft.Common.CurrentVersion.targets(2451,5): warning MSB3277:             D:\XML\PersonalFinanceManager\PersonalFinanceManager.BLL\bin\Debug\PersonalFinanceManager.BLL.dll [D:\XML\PersonalFinanceManager\PersonalFinanceManager.Infrastructure\PersonalFinanceManager.Infrastructure.csproj]
C:\Program Files\Microsoft Visual Studio\18\Insiders\MSBuild\Current\Bin\Microsoft.Common.CurrentVersion.targets(2451,5): warning MSB3277:         D:\XML\PersonalFinanceManager\PersonalFinanceManager.BLL\bin\Debug\Microsoft.ML.FastTree.dll [D:\XML\PersonalFinanceManager\PersonalFinanceManager.Infrastructure\PersonalFinanceManager.Infrastructure.csproj]
C:\Program Files\Microsoft Visual Studio\18\Insiders\MSBuild\Current\Bin\Microsoft.Common.CurrentVersion.targets(2451,5): warning MSB3277:           Project file item includes which caused reference "D:\XML\PersonalFinanceManager\PersonalFinanceManager.BLL\bin\Debug\Microsoft.ML.FastTree.dll". [D:\XML\PersonalFinanceManager\PersonalFinanceManager.Infrastructure\PersonalFinanceManager.Infrastructure.csproj]
C:\Program Files\Microsoft Visual Studio\18\Insiders\MSBuild\Current\Bin\Microsoft.Common.CurrentVersion.targets(2451,5): warning MSB3277:             D:\XML\PersonalFinanceManager\PersonalFinanceManager.BLL\bin\Debug\PersonalFinanceManager.BLL.dll [D:\XML\PersonalFinanceManager\PersonalFinanceManager.Infrastructure\PersonalFinanceManager.Infrastructure.csproj]
C:\Program Files\Microsoft Visual Studio\18\Insiders\MSBuild\Current\Bin\Microsoft.Common.CurrentVersion.targets(2451,5): warning MSB3277:         D:\XML\PersonalFinanceManager\PersonalFinanceManager.BLL\bin\Debug\System.Collections.Immutable.dll [D:\XML\PersonalFinanceManager\PersonalFinanceManager.Infrastructure\PersonalFinanceManager.Infrastructure.csproj]
C:\Program Files\Microsoft Visual Studio\18\Insiders\MSBuild\Current\Bin\Microsoft.Common.CurrentVersion.targets(2451,5): warning MSB3277:           Project file item includes which caused reference "D:\XML\PersonalFinanceManager\PersonalFinanceManager.BLL\bin\Debug\System.Collections.Immutable.dll". [D:\XML\PersonalFinanceManager\PersonalFinanceManager.Infrastructure\PersonalFinanceManager.Infrastructure.csproj]
C:\Program Files\Microsoft Visual Studio\18\Insiders\MSBuild\Current\Bin\Microsoft.Common.CurrentVersion.targets(2451,5): warning MSB3277:             D:\XML\PersonalFinanceManager\PersonalFinanceManager.BLL\bin\Debug\PersonalFinanceManager.BLL.dll [D:\XML\PersonalFinanceManager\PersonalFinanceManager.Infrastructure\PersonalFinanceManager.Infrastructure.csproj]
C:\Program Files\Microsoft Visual Studio\18\Insiders\MSBuild\Current\Bin\Microsoft.Common.CurrentVersion.targets(2451,5): warning MSB3277:         D:\XML\PersonalFinanceManager\PersonalFinanceManager.BLL\bin\Debug\Microsoft.ML.CpuMath.dll [D:\XML\PersonalFinanceManager\PersonalFinanceManager.Infrastructure\PersonalFinanceManager.Infrastructure.csproj]
C:\Program Files\Microsoft Visual Studio\18\Insiders\MSBuild\Current\Bin\Microsoft.Common.CurrentVersion.targets(2451,5): warning MSB3277:           Project file item includes which caused reference "D:\XML\PersonalFinanceManager\PersonalFinanceManager.BLL\bin\Debug\Microsoft.ML.CpuMath.dll". [D:\XML\PersonalFinanceManager\PersonalFinanceManager.Infrastructure\PersonalFinanceManager.Infrastructure.csproj]
C:\Program Files\Microsoft Visual Studio\18\Insiders\MSBuild\Current\Bin\Microsoft.Common.CurrentVersion.targets(2451,5): warning MSB3277:             D:\XML\PersonalFinanceManager\PersonalFinanceManager.BLL\bin\Debug\PersonalFinanceManager.BLL.dll [D:\XML\PersonalFinanceManager\PersonalFinanceManager.Infrastructure\PersonalFinanceManager.Infrastructure.csproj]
C:\Program Files\Microsoft Visual Studio\18\Insiders\MSBuild\Current\Bin\Microsoft.Common.CurrentVersion.targets(2451,5): warning MSB3277:         D:\XML\PersonalFinanceManager\PersonalFinanceManager.BLL\bin\Debug\System.Numerics.Tensors.dll [D:\XML\PersonalFinanceManager\PersonalFinanceManager.Infrastructure\PersonalFinanceManager.Infrastructure.csproj]
C:\Program Files\Microsoft Visual Studio\18\Insiders\MSBuild\Current\Bin\Microsoft.Common.CurrentVersion.targets(2451,5): warning MSB3277:           Project file item includes which caused reference "D:\XML\PersonalFinanceManager\PersonalFinanceManager.BLL\bin\Debug\System.Numerics.Tensors.dll". [D:\XML\PersonalFinanceManager\PersonalFinanceManager.Infrastructure\PersonalFinanceManager.Infrastructure.csproj]
C:\Program Files\Microsoft Visual Studio\18\Insiders\MSBuild\Current\Bin\Microsoft.Common.CurrentVersion.targets(2451,5): warning MSB3277:             D:\XML\PersonalFinanceManager\PersonalFinanceManager.BLL\bin\Debug\PersonalFinanceManager.BLL.dll [D:\XML\PersonalFinanceManager\PersonalFinanceManager.Infrastructure\PersonalFinanceManager.Infrastructure.csproj]
  C:\Program Files\Microsoft Visual Studio\18\Insiders\MSBuild\Current\Bin\Microsoft.Common.CurrentVersion.targets(2451,5): warning MSB3277: Found conflicts between different versions of "Microsoft.Bcl.AsyncInterfaces" that could not be resolved. [D:\XML\PersonalFinanceManager\PersonalFinanceManager.Infrastructure\PersonalFinanceManager.Infrastructure.csproj]
C:\Program Files\Microsoft Visual Studio\18\Insiders\MSBuild\Current\Bin\Microsoft.Common.CurrentVersion.targets(2451,5): warning MSB3277: There was a conflict between "Microsoft.Bcl.AsyncInterfaces, Version=9.0.0.1, Culture=neutral, PublicKeyToken=cc7b13ffcd2ddd51" and "Microsoft.Bcl.AsyncInterfaces, Version=9.0.0.4, Culture=neutral, PublicKeyToken=cc7b13ffcd2ddd51". [D:\XML\PersonalFinanceManager\PersonalFinanceManager.Infrastructure\PersonalFinanceManager.Infrastructure.csproj]
C:\Program Files\Microsoft Visual Studio\18\Insiders\MSBuild\Current\Bin\Microsoft.Common.CurrentVersion.targets(2451,5): warning MSB3277:     "Microsoft.Bcl.AsyncInterfaces, Version=9.0.0.1, Culture=neutral, PublicKeyToken=cc7b13ffcd2ddd51" was chosen because it was primary and "Microsoft.Bcl.AsyncInterfaces, Version=9.0.0.4, Culture=neutral, PublicKeyToken=cc7b13ffcd2ddd51" was not. [D:\XML\PersonalFinanceManager\PersonalFinanceManager.Infrastructure\PersonalFinanceManager.Infrastructure.csproj]
C:\Program Files\Microsoft Visual Studio\18\Insiders\MSBuild\Current\Bin\Microsoft.Common.CurrentVersion.targets(2451,5): warning MSB3277:     References which depend on "Microsoft.Bcl.AsyncInterfaces, Version=9.0.0.1, Culture=neutral, PublicKeyToken=cc7b13ffcd2ddd51" [D:\XML\PersonalFinanceManager\packages\Microsoft.Bcl.AsyncInterfaces.9.0.1\lib\net462\Microsoft.Bcl.AsyncInterfaces.dll]. [D:\XML\PersonalFinanceManager\PersonalFinanceManager.Infrastructure\PersonalFinanceManager.Infrastructure.csproj]
C:\Program Files\Microsoft Visual Studio\18\Insiders\MSBuild\Current\Bin\Microsoft.Common.CurrentVersion.targets(2451,5): warning MSB3277:         D:\XML\PersonalFinanceManager\packages\Microsoft.Bcl.AsyncInterfaces.9.0.1\lib\net462\Microsoft.Bcl.AsyncInterfaces.dll [D:\XML\PersonalFinanceManager\PersonalFinanceManager.Infrastructure\PersonalFinanceManager.Infrastructure.csproj]
C:\Program Files\Microsoft Visual Studio\18\Insiders\MSBuild\Current\Bin\Microsoft.Common.CurrentVersion.targets(2451,5): warning MSB3277:           Project file item includes which caused reference "D:\XML\PersonalFinanceManager\packages\Microsoft.Bcl.AsyncInterfaces.9.0.1\lib\net462\Microsoft.Bcl.AsyncInterfaces.dll". [D:\XML\PersonalFinanceManager\PersonalFinanceManager.Infrastructure\PersonalFinanceManager.Infrastructure.csproj]
C:\Program Files\Microsoft Visual Studio\18\Insiders\MSBuild\Current\Bin\Microsoft.Common.CurrentVersion.targets(2451,5): warning MSB3277:             Microsoft.Bcl.AsyncInterfaces, Version=9.0.0.1, Culture=neutral, PublicKeyToken=cc7b13ffcd2ddd51, processorArchitecture=MSIL [D:\XML\PersonalFinanceManager\PersonalFinanceManager.Infrastructure\PersonalFinanceManager.Infrastructure.csproj]
C:\Program Files\Microsoft Visual Studio\18\Insiders\MSBuild\Current\Bin\Microsoft.Common.CurrentVersion.targets(2451,5): warning MSB3277:     References which depend on or have been unified to "Microsoft.Bcl.AsyncInterfaces, Version=9.0.0.4, Culture=neutral, PublicKeyToken=cc7b13ffcd2ddd51" [D:\XML\PersonalFinanceManager\PersonalFinanceManager.BLL\bin\Debug\Microsoft.Bcl.AsyncInterfaces.dll]. [D:\XML\PersonalFinanceManager\PersonalFinanceManager.Infrastructure\PersonalFinanceManager.Infrastructure.csproj]
C:\Program Files\Microsoft Visual Studio\18\Insiders\MSBuild\Current\Bin\Microsoft.Common.CurrentVersion.targets(2451,5): warning MSB3277:         D:\XML\PersonalFinanceManager\packages\Dapper.2.1.66\lib\net461\Dapper.dll [D:\XML\PersonalFinanceManager\PersonalFinanceManager.Infrastructure\PersonalFinanceManager.Infrastructure.csproj]
C:\Program Files\Microsoft Visual Studio\18\Insiders\MSBuild\Current\Bin\Microsoft.Common.CurrentVersion.targets(2451,5): warning MSB3277:           Project file item includes which caused reference "D:\XML\PersonalFinanceManager\packages\Dapper.2.1.66\lib\net461\Dapper.dll". [D:\XML\PersonalFinanceManager\PersonalFinanceManager.Infrastructure\PersonalFinanceManager.Infrastructure.csproj]
C:\Program Files\Microsoft Visual Studio\18\Insiders\MSBuild\Current\Bin\Microsoft.Common.CurrentVersion.targets(2451,5): warning MSB3277:             Dapper, Version=2.0.0.0, Culture=neutral, processorArchitecture=MSIL [D:\XML\PersonalFinanceManager\PersonalFinanceManager.Infrastructure\PersonalFinanceManager.Infrastructure.csproj]
C:\Program Files\Microsoft Visual Studio\18\Insiders\MSBuild\Current\Bin\Microsoft.Common.CurrentVersion.targets(2451,5): warning MSB3277:             D:\XML\PersonalFinanceManager\PersonalFinanceManager.DAL\bin\Debug\PersonalFinanceManager.DAL.dll [D:\XML\PersonalFinanceManager\PersonalFinanceManager.Infrastructure\PersonalFinanceManager.Infrastructure.csproj]
C:\Program Files\Microsoft Visual Studio\18\Insiders\MSBuild\Current\Bin\Microsoft.Common.CurrentVersion.targets(2451,5): warning MSB3277:         D:\XML\PersonalFinanceManager\PersonalFinanceManager.BLL\bin\Debug\System.Threading.Channels.dll [D:\XML\PersonalFinanceManager\PersonalFinanceManager.Infrastructure\PersonalFinanceManager.Infrastructure.csproj]
C:\Program Files\Microsoft Visual Studio\18\Insiders\MSBuild\Current\Bin\Microsoft.Common.CurrentVersion.targets(2451,5): warning MSB3277:           Project file item includes which caused reference "D:\XML\PersonalFinanceManager\PersonalFinanceManager.BLL\bin\Debug\System.Threading.Channels.dll". [D:\XML\PersonalFinanceManager\PersonalFinanceManager.Infrastructure\PersonalFinanceManager.Infrastructure.csproj]
C:\Program Files\Microsoft Visual Studio\18\Insiders\MSBuild\Current\Bin\Microsoft.Common.CurrentVersion.targets(2451,5): warning MSB3277:             D:\XML\PersonalFinanceManager\PersonalFinanceManager.BLL\bin\Debug\PersonalFinanceManager.BLL.dll [D:\XML\PersonalFinanceManager\PersonalFinanceManager.Infrastructure\PersonalFinanceManager.Infrastructure.csproj]


"D:\XML\PersonalFinanceManager\PersonalFinanceManager.slnx" (Rebuild target) (1) ->
"D:\XML\PersonalFinanceManager\PersonalFinanceManager.UI\PersonalFinanceManager.UI.csproj" (Rebuild target) (7) ->
  C:\Program Files\Microsoft Visual Studio\18\Insiders\MSBuild\Current\Bin\Microsoft.Common.CurrentVersion.targets(2451,5): warning MSB3277: Found conflicts between different versions of "System.Memory" that could not be resolved. [D:\XML\PersonalFinanceManager\PersonalFinanceManager.UI\PersonalFinanceManager.UI.csproj]
C:\Program Files\Microsoft Visual Studio\18\Insiders\MSBuild\Current\Bin\Microsoft.Common.CurrentVersion.targets(2451,5): warning MSB3277: There was a conflict between "System.Memory, Version=4.0.1.2, Culture=neutral, PublicKeyToken=cc7b13ffcd2ddd51" and "System.Memory, Version=4.0.5.0, Culture=neutral, PublicKeyToken=cc7b13ffcd2ddd51". [D:\XML\PersonalFinanceManager\PersonalFinanceManager.UI\PersonalFinanceManager.UI.csproj]
C:\Program Files\Microsoft Visual Studio\18\Insiders\MSBuild\Current\Bin\Microsoft.Common.CurrentVersion.targets(2451,5): warning MSB3277:     "System.Memory, Version=4.0.1.2, Culture=neutral, PublicKeyToken=cc7b13ffcd2ddd51" was chosen because it was primary and "System.Memory, Version=4.0.5.0, Culture=neutral, PublicKeyToken=cc7b13ffcd2ddd51" was not. [D:\XML\PersonalFinanceManager\PersonalFinanceManager.UI\PersonalFinanceManager.UI.csproj]
C:\Program Files\Microsoft Visual Studio\18\Insiders\MSBuild\Current\Bin\Microsoft.Common.CurrentVersion.targets(2451,5): warning MSB3277:     References which depend on "System.Memory, Version=4.0.1.2, Culture=neutral, PublicKeyToken=cc7b13ffcd2ddd51" [D:\XML\PersonalFinanceManager\packages\System.Memory.4.5.5\lib\net461\System.Memory.dll]. [D:\XML\PersonalFinanceManager\PersonalFinanceManager.UI\PersonalFinanceManager.UI.csproj]
C:\Program Files\Microsoft Visual Studio\18\Insiders\MSBuild\Current\Bin\Microsoft.Common.CurrentVersion.targets(2451,5): warning MSB3277:         D:\XML\PersonalFinanceManager\packages\System.Memory.4.5.5\lib\net461\System.Memory.dll [D:\XML\PersonalFinanceManager\PersonalFinanceManager.UI\PersonalFinanceManager.UI.csproj]
C:\Program Files\Microsoft Visual Studio\18\Insiders\MSBuild\Current\Bin\Microsoft.Common.CurrentVersion.targets(2451,5): warning MSB3277:           Project file item includes which caused reference "D:\XML\PersonalFinanceManager\packages\System.Memory.4.5.5\lib\net461\System.Memory.dll". [D:\XML\PersonalFinanceManager\PersonalFinanceManager.UI\PersonalFinanceManager.UI.csproj]
C:\Program Files\Microsoft Visual Studio\18\Insiders\MSBuild\Current\Bin\Microsoft.Common.CurrentVersion.targets(2451,5): warning MSB3277:             System.Memory, Version=4.0.1.2, Culture=neutral, PublicKeyToken=cc7b13ffcd2ddd51, processorArchitecture=MSIL [D:\XML\PersonalFinanceManager\PersonalFinanceManager.UI\PersonalFinanceManager.UI.csproj]
C:\Program Files\Microsoft Visual Studio\18\Insiders\MSBuild\Current\Bin\Microsoft.Common.CurrentVersion.targets(2451,5): warning MSB3277:     References which depend on or have been unified to "System.Memory, Version=4.0.5.0, Culture=neutral, PublicKeyToken=cc7b13ffcd2ddd51" [C:\Program Files\Microsoft Visual Studio\18\Insiders\Common7\IDE\PublicAssemblies\System.Memory.dll]. [D:\XML\PersonalFinanceManager\PersonalFinanceManager.UI\PersonalFinanceManager.UI.csproj]
C:\Program Files\Microsoft Visual Studio\18\Insiders\MSBuild\Current\Bin\Microsoft.Common.CurrentVersion.targets(2451,5): warning MSB3277:         D:\XML\PersonalFinanceManager\packages\BCrypt.Net-Next.4.0.3\lib\net472\BCrypt.Net-Next.dll [D:\XML\PersonalFinanceManager\PersonalFinanceManager.UI\PersonalFinanceManager.UI.csproj]
C:\Program Files\Microsoft Visual Studio\18\Insiders\MSBuild\Current\Bin\Microsoft.Common.CurrentVersion.targets(2451,5): warning MSB3277:           Project file item includes which caused reference "D:\XML\PersonalFinanceManager\packages\BCrypt.Net-Next.4.0.3\lib\net472\BCrypt.Net-Next.dll". [D:\XML\PersonalFinanceManager\PersonalFinanceManager.UI\PersonalFinanceManager.UI.csproj]
C:\Program Files\Microsoft Visual Studio\18\Insiders\MSBuild\Current\Bin\Microsoft.Common.CurrentVersion.targets(2451,5): warning MSB3277:             BCrypt.Net-Next, Version=4.0.3.0, Culture=neutral, PublicKeyToken=1e11be04b6288443, processorArchitecture=MSIL [D:\XML\PersonalFinanceManager\PersonalFinanceManager.UI\PersonalFinanceManager.UI.csproj]
C:\Program Files\Microsoft Visual Studio\18\Insiders\MSBuild\Current\Bin\Microsoft.Common.CurrentVersion.targets(2451,5): warning MSB3277:         D:\XML\PersonalFinanceManager\packages\Microsoft.IO.RecyclableMemoryStream.3.0.1\lib\netstandard2.0\Microsoft.IO.RecyclableMemoryStream.dll [D:\XML\PersonalFinanceManager\PersonalFinanceManager.UI\PersonalFinanceManager.UI.csproj]
C:\Program Files\Microsoft Visual Studio\18\Insiders\MSBuild\Current\Bin\Microsoft.Common.CurrentVersion.targets(2451,5): warning MSB3277:           Project file item includes which caused reference "D:\XML\PersonalFinanceManager\packages\Microsoft.IO.RecyclableMemoryStream.3.0.1\lib\netstandard2.0\Microsoft.IO.RecyclableMemoryStream.dll". [D:\XML\PersonalFinanceManager\PersonalFinanceManager.UI\PersonalFinanceManager.UI.csproj]
C:\Program Files\Microsoft Visual Studio\18\Insiders\MSBuild\Current\Bin\Microsoft.Common.CurrentVersion.targets(2451,5): warning MSB3277:             Microsoft.IO.RecyclableMemoryStream, Version=3.0.1.0, Culture=neutral, PublicKeyToken=31bf3856ad364e35, processorArchitecture=MSIL [D:\XML\PersonalFinanceManager\PersonalFinanceManager.UI\PersonalFinanceManager.UI.csproj]
C:\Program Files\Microsoft Visual Studio\18\Insiders\MSBuild\Current\Bin\Microsoft.Common.CurrentVersion.targets(2451,5): warning MSB3277:             EPPlus, Version=8.5.0.0, Culture=neutral, PublicKeyToken=ea159fdaa78159a1, processorArchitecture=MSIL [D:\XML\PersonalFinanceManager\PersonalFinanceManager.UI\PersonalFinanceManager.UI.csproj]
C:\Program Files\Microsoft Visual Studio\18\Insiders\MSBuild\Current\Bin\Microsoft.Common.CurrentVersion.targets(2451,5): warning MSB3277:         D:\XML\PersonalFinanceManager\PersonalFinanceManager.BLL\bin\Debug\Microsoft.ML.Data.dll [D:\XML\PersonalFinanceManager\PersonalFinanceManager.UI\PersonalFinanceManager.UI.csproj]
C:\Program Files\Microsoft Visual Studio\18\Insiders\MSBuild\Current\Bin\Microsoft.Common.CurrentVersion.targets(2451,5): warning MSB3277:           Project file item includes which caused reference "D:\XML\PersonalFinanceManager\PersonalFinanceManager.BLL\bin\Debug\Microsoft.ML.Data.dll". [D:\XML\PersonalFinanceManager\PersonalFinanceManager.UI\PersonalFinanceManager.UI.csproj]
C:\Program Files\Microsoft Visual Studio\18\Insiders\MSBuild\Current\Bin\Microsoft.Common.CurrentVersion.targets(2451,5): warning MSB3277:             D:\XML\PersonalFinanceManager\PersonalFinanceManager.BLL\bin\Debug\PersonalFinanceManager.BLL.dll [D:\XML\PersonalFinanceManager\PersonalFinanceManager.UI\PersonalFinanceManager.UI.csproj]
C:\Program Files\Microsoft Visual Studio\18\Insiders\MSBuild\Current\Bin\Microsoft.Common.CurrentVersion.targets(2451,5): warning MSB3277:             D:\XML\PersonalFinanceManager\PersonalFinanceManager.Infrastructure\bin\Debug\PersonalFinanceManager.Infrastructure.dll [D:\XML\PersonalFinanceManager\PersonalFinanceManager.UI\PersonalFinanceManager.UI.csproj]
C:\Program Files\Microsoft Visual Studio\18\Insiders\MSBuild\Current\Bin\Microsoft.Common.CurrentVersion.targets(2451,5): warning MSB3277:         D:\XML\PersonalFinanceManager\PersonalFinanceManager.BLL\bin\Debug\Microsoft.ML.Core.dll [D:\XML\PersonalFinanceManager\PersonalFinanceManager.UI\PersonalFinanceManager.UI.csproj]
C:\Program Files\Microsoft Visual Studio\18\Insiders\MSBuild\Current\Bin\Microsoft.Common.CurrentVersion.targets(2451,5): warning MSB3277:           Project file item includes which caused reference "D:\XML\PersonalFinanceManager\PersonalFinanceManager.BLL\bin\Debug\Microsoft.ML.Core.dll". [D:\XML\PersonalFinanceManager\PersonalFinanceManager.UI\PersonalFinanceManager.UI.csproj]
C:\Program Files\Microsoft Visual Studio\18\Insiders\MSBuild\Current\Bin\Microsoft.Common.CurrentVersion.targets(2451,5): warning MSB3277:             D:\XML\PersonalFinanceManager\PersonalFinanceManager.BLL\bin\Debug\PersonalFinanceManager.BLL.dll [D:\XML\PersonalFinanceManager\PersonalFinanceManager.UI\PersonalFinanceManager.UI.csproj]
C:\Program Files\Microsoft Visual Studio\18\Insiders\MSBuild\Current\Bin\Microsoft.Common.CurrentVersion.targets(2451,5): warning MSB3277:             D:\XML\PersonalFinanceManager\PersonalFinanceManager.Infrastructure\bin\Debug\PersonalFinanceManager.Infrastructure.dll [D:\XML\PersonalFinanceManager\PersonalFinanceManager.UI\PersonalFinanceManager.UI.csproj]
C:\Program Files\Microsoft Visual Studio\18\Insiders\MSBuild\Current\Bin\Microsoft.Common.CurrentVersion.targets(2451,5): warning MSB3277:         D:\XML\PersonalFinanceManager\PersonalFinanceManager.BLL\bin\Debug\Microsoft.ML.DataView.dll [D:\XML\PersonalFinanceManager\PersonalFinanceManager.UI\PersonalFinanceManager.UI.csproj]
C:\Program Files\Microsoft Visual Studio\18\Insiders\MSBuild\Current\Bin\Microsoft.Common.CurrentVersion.targets(2451,5): warning MSB3277:           Project file item includes which caused reference "D:\XML\PersonalFinanceManager\PersonalFinanceManager.BLL\bin\Debug\Microsoft.ML.DataView.dll". [D:\XML\PersonalFinanceManager\PersonalFinanceManager.UI\PersonalFinanceManager.UI.csproj]
C:\Program Files\Microsoft Visual Studio\18\Insiders\MSBuild\Current\Bin\Microsoft.Common.CurrentVersion.targets(2451,5): warning MSB3277:             D:\XML\PersonalFinanceManager\PersonalFinanceManager.BLL\bin\Debug\PersonalFinanceManager.BLL.dll [D:\XML\PersonalFinanceManager\PersonalFinanceManager.UI\PersonalFinanceManager.UI.csproj]
C:\Program Files\Microsoft Visual Studio\18\Insiders\MSBuild\Current\Bin\Microsoft.Common.CurrentVersion.targets(2451,5): warning MSB3277:             D:\XML\PersonalFinanceManager\PersonalFinanceManager.Infrastructure\bin\Debug\PersonalFinanceManager.Infrastructure.dll [D:\XML\PersonalFinanceManager\PersonalFinanceManager.UI\PersonalFinanceManager.UI.csproj]
C:\Program Files\Microsoft Visual Studio\18\Insiders\MSBuild\Current\Bin\Microsoft.Common.CurrentVersion.targets(2451,5): warning MSB3277:         D:\XML\PersonalFinanceManager\PersonalFinanceManager.BLL\bin\Debug\Microsoft.ML.FastTree.dll [D:\XML\PersonalFinanceManager\PersonalFinanceManager.UI\PersonalFinanceManager.UI.csproj]
C:\Program Files\Microsoft Visual Studio\18\Insiders\MSBuild\Current\Bin\Microsoft.Common.CurrentVersion.targets(2451,5): warning MSB3277:           Project file item includes which caused reference "D:\XML\PersonalFinanceManager\PersonalFinanceManager.BLL\bin\Debug\Microsoft.ML.FastTree.dll". [D:\XML\PersonalFinanceManager\PersonalFinanceManager.UI\PersonalFinanceManager.UI.csproj]
C:\Program Files\Microsoft Visual Studio\18\Insiders\MSBuild\Current\Bin\Microsoft.Common.CurrentVersion.targets(2451,5): warning MSB3277:             D:\XML\PersonalFinanceManager\PersonalFinanceManager.BLL\bin\Debug\PersonalFinanceManager.BLL.dll [D:\XML\PersonalFinanceManager\PersonalFinanceManager.UI\PersonalFinanceManager.UI.csproj]
C:\Program Files\Microsoft Visual Studio\18\Insiders\MSBuild\Current\Bin\Microsoft.Common.CurrentVersion.targets(2451,5): warning MSB3277:             D:\XML\PersonalFinanceManager\PersonalFinanceManager.Infrastructure\bin\Debug\PersonalFinanceManager.Infrastructure.dll [D:\XML\PersonalFinanceManager\PersonalFinanceManager.UI\PersonalFinanceManager.UI.csproj]
C:\Program Files\Microsoft Visual Studio\18\Insiders\MSBuild\Current\Bin\Microsoft.Common.CurrentVersion.targets(2451,5): warning MSB3277:         D:\XML\PersonalFinanceManager\PersonalFinanceManager.BLL\bin\Debug\System.Collections.Immutable.dll [D:\XML\PersonalFinanceManager\PersonalFinanceManager.UI\PersonalFinanceManager.UI.csproj]
C:\Program Files\Microsoft Visual Studio\18\Insiders\MSBuild\Current\Bin\Microsoft.Common.CurrentVersion.targets(2451,5): warning MSB3277:           Project file item includes which caused reference "D:\XML\PersonalFinanceManager\PersonalFinanceManager.BLL\bin\Debug\System.Collections.Immutable.dll". [D:\XML\PersonalFinanceManager\PersonalFinanceManager.UI\PersonalFinanceManager.UI.csproj]
C:\Program Files\Microsoft Visual Studio\18\Insiders\MSBuild\Current\Bin\Microsoft.Common.CurrentVersion.targets(2451,5): warning MSB3277:             D:\XML\PersonalFinanceManager\PersonalFinanceManager.BLL\bin\Debug\PersonalFinanceManager.BLL.dll [D:\XML\PersonalFinanceManager\PersonalFinanceManager.UI\PersonalFinanceManager.UI.csproj]
C:\Program Files\Microsoft Visual Studio\18\Insiders\MSBuild\Current\Bin\Microsoft.Common.CurrentVersion.targets(2451,5): warning MSB3277:             D:\XML\PersonalFinanceManager\PersonalFinanceManager.Infrastructure\bin\Debug\PersonalFinanceManager.Infrastructure.dll [D:\XML\PersonalFinanceManager\PersonalFinanceManager.UI\PersonalFinanceManager.UI.csproj]
C:\Program Files\Microsoft Visual Studio\18\Insiders\MSBuild\Current\Bin\Microsoft.Common.CurrentVersion.targets(2451,5): warning MSB3277:         D:\XML\PersonalFinanceManager\PersonalFinanceManager.BLL\bin\Debug\Microsoft.ML.CpuMath.dll [D:\XML\PersonalFinanceManager\PersonalFinanceManager.UI\PersonalFinanceManager.UI.csproj]
C:\Program Files\Microsoft Visual Studio\18\Insiders\MSBuild\Current\Bin\Microsoft.Common.CurrentVersion.targets(2451,5): warning MSB3277:           Project file item includes which caused reference "D:\XML\PersonalFinanceManager\PersonalFinanceManager.BLL\bin\Debug\Microsoft.ML.CpuMath.dll". [D:\XML\PersonalFinanceManager\PersonalFinanceManager.UI\PersonalFinanceManager.UI.csproj]
C:\Program Files\Microsoft Visual Studio\18\Insiders\MSBuild\Current\Bin\Microsoft.Common.CurrentVersion.targets(2451,5): warning MSB3277:             D:\XML\PersonalFinanceManager\PersonalFinanceManager.BLL\bin\Debug\PersonalFinanceManager.BLL.dll [D:\XML\PersonalFinanceManager\PersonalFinanceManager.UI\PersonalFinanceManager.UI.csproj]
C:\Program Files\Microsoft Visual Studio\18\Insiders\MSBuild\Current\Bin\Microsoft.Common.CurrentVersion.targets(2451,5): warning MSB3277:             D:\XML\PersonalFinanceManager\PersonalFinanceManager.Infrastructure\bin\Debug\PersonalFinanceManager.Infrastructure.dll [D:\XML\PersonalFinanceManager\PersonalFinanceManager.UI\PersonalFinanceManager.UI.csproj]
C:\Program Files\Microsoft Visual Studio\18\Insiders\MSBuild\Current\Bin\Microsoft.Common.CurrentVersion.targets(2451,5): warning MSB3277:         D:\XML\PersonalFinanceManager\PersonalFinanceManager.BLL\bin\Debug\System.Numerics.Tensors.dll [D:\XML\PersonalFinanceManager\PersonalFinanceManager.UI\PersonalFinanceManager.UI.csproj]
C:\Program Files\Microsoft Visual Studio\18\Insiders\MSBuild\Current\Bin\Microsoft.Common.CurrentVersion.targets(2451,5): warning MSB3277:           Project file item includes which caused reference "D:\XML\PersonalFinanceManager\PersonalFinanceManager.BLL\bin\Debug\System.Numerics.Tensors.dll". [D:\XML\PersonalFinanceManager\PersonalFinanceManager.UI\PersonalFinanceManager.UI.csproj]
C:\Program Files\Microsoft Visual Studio\18\Insiders\MSBuild\Current\Bin\Microsoft.Common.CurrentVersion.targets(2451,5): warning MSB3277:             D:\XML\PersonalFinanceManager\PersonalFinanceManager.BLL\bin\Debug\PersonalFinanceManager.BLL.dll [D:\XML\PersonalFinanceManager\PersonalFinanceManager.UI\PersonalFinanceManager.UI.csproj]
C:\Program Files\Microsoft Visual Studio\18\Insiders\MSBuild\Current\Bin\Microsoft.Common.CurrentVersion.targets(2451,5): warning MSB3277:             D:\XML\PersonalFinanceManager\PersonalFinanceManager.Infrastructure\bin\Debug\PersonalFinanceManager.Infrastructure.dll [D:\XML\PersonalFinanceManager\PersonalFinanceManager.UI\PersonalFinanceManager.UI.csproj]
  C:\Program Files\Microsoft Visual Studio\18\Insiders\MSBuild\Current\Bin\Microsoft.Common.CurrentVersion.targets(2451,5): warning MSB3277: Found conflicts between different versions of "Microsoft.Bcl.AsyncInterfaces" that could not be resolved. [D:\XML\PersonalFinanceManager\PersonalFinanceManager.UI\PersonalFinanceManager.UI.csproj]
C:\Program Files\Microsoft Visual Studio\18\Insiders\MSBuild\Current\Bin\Microsoft.Common.CurrentVersion.targets(2451,5): warning MSB3277: There was a conflict between "Microsoft.Bcl.AsyncInterfaces, Version=9.0.0.1, Culture=neutral, PublicKeyToken=cc7b13ffcd2ddd51" and "Microsoft.Bcl.AsyncInterfaces, Version=9.0.0.4, Culture=neutral, PublicKeyToken=cc7b13ffcd2ddd51". [D:\XML\PersonalFinanceManager\PersonalFinanceManager.UI\PersonalFinanceManager.UI.csproj]
C:\Program Files\Microsoft Visual Studio\18\Insiders\MSBuild\Current\Bin\Microsoft.Common.CurrentVersion.targets(2451,5): warning MSB3277:     "Microsoft.Bcl.AsyncInterfaces, Version=9.0.0.1, Culture=neutral, PublicKeyToken=cc7b13ffcd2ddd51" was chosen because it was primary and "Microsoft.Bcl.AsyncInterfaces, Version=9.0.0.4, Culture=neutral, PublicKeyToken=cc7b13ffcd2ddd51" was not. [D:\XML\PersonalFinanceManager\PersonalFinanceManager.UI\PersonalFinanceManager.UI.csproj]
C:\Program Files\Microsoft Visual Studio\18\Insiders\MSBuild\Current\Bin\Microsoft.Common.CurrentVersion.targets(2451,5): warning MSB3277:     References which depend on "Microsoft.Bcl.AsyncInterfaces, Version=9.0.0.1, Culture=neutral, PublicKeyToken=cc7b13ffcd2ddd51" [D:\XML\PersonalFinanceManager\packages\Microsoft.Bcl.AsyncInterfaces.9.0.1\lib\net462\Microsoft.Bcl.AsyncInterfaces.dll]. [D:\XML\PersonalFinanceManager\PersonalFinanceManager.UI\PersonalFinanceManager.UI.csproj]
C:\Program Files\Microsoft Visual Studio\18\Insiders\MSBuild\Current\Bin\Microsoft.Common.CurrentVersion.targets(2451,5): warning MSB3277:         D:\XML\PersonalFinanceManager\packages\Microsoft.Bcl.AsyncInterfaces.9.0.1\lib\net462\Microsoft.Bcl.AsyncInterfaces.dll [D:\XML\PersonalFinanceManager\PersonalFinanceManager.UI\PersonalFinanceManager.UI.csproj]
C:\Program Files\Microsoft Visual Studio\18\Insiders\MSBuild\Current\Bin\Microsoft.Common.CurrentVersion.targets(2451,5): warning MSB3277:           Project file item includes which caused reference "D:\XML\PersonalFinanceManager\packages\Microsoft.Bcl.AsyncInterfaces.9.0.1\lib\net462\Microsoft.Bcl.AsyncInterfaces.dll". [D:\XML\PersonalFinanceManager\PersonalFinanceManager.UI\PersonalFinanceManager.UI.csproj]
C:\Program Files\Microsoft Visual Studio\18\Insiders\MSBuild\Current\Bin\Microsoft.Common.CurrentVersion.targets(2451,5): warning MSB3277:             Microsoft.Bcl.AsyncInterfaces, Version=9.0.0.1, Culture=neutral, PublicKeyToken=cc7b13ffcd2ddd51, processorArchitecture=MSIL [D:\XML\PersonalFinanceManager\PersonalFinanceManager.UI\PersonalFinanceManager.UI.csproj]
C:\Program Files\Microsoft Visual Studio\18\Insiders\MSBuild\Current\Bin\Microsoft.Common.CurrentVersion.targets(2451,5): warning MSB3277:     References which depend on or have been unified to "Microsoft.Bcl.AsyncInterfaces, Version=9.0.0.4, Culture=neutral, PublicKeyToken=cc7b13ffcd2ddd51" [D:\XML\PersonalFinanceManager\PersonalFinanceManager.BLL\bin\Debug\Microsoft.Bcl.AsyncInterfaces.dll]. [D:\XML\PersonalFinanceManager\PersonalFinanceManager.UI\PersonalFinanceManager.UI.csproj]
C:\Program Files\Microsoft Visual Studio\18\Insiders\MSBuild\Current\Bin\Microsoft.Common.CurrentVersion.targets(2451,5): warning MSB3277:         D:\XML\PersonalFinanceManager\packages\Dapper.2.1.66\lib\net461\Dapper.dll [D:\XML\PersonalFinanceManager\PersonalFinanceManager.UI\PersonalFinanceManager.UI.csproj]
C:\Program Files\Microsoft Visual Studio\18\Insiders\MSBuild\Current\Bin\Microsoft.Common.CurrentVersion.targets(2451,5): warning MSB3277:           Project file item includes which caused reference "D:\XML\PersonalFinanceManager\packages\Dapper.2.1.66\lib\net461\Dapper.dll". [D:\XML\PersonalFinanceManager\PersonalFinanceManager.UI\PersonalFinanceManager.UI.csproj]
C:\Program Files\Microsoft Visual Studio\18\Insiders\MSBuild\Current\Bin\Microsoft.Common.CurrentVersion.targets(2451,5): warning MSB3277:             Dapper, Version=2.0.0.0, Culture=neutral, processorArchitecture=MSIL [D:\XML\PersonalFinanceManager\PersonalFinanceManager.UI\PersonalFinanceManager.UI.csproj]
C:\Program Files\Microsoft Visual Studio\18\Insiders\MSBuild\Current\Bin\Microsoft.Common.CurrentVersion.targets(2451,5): warning MSB3277:             D:\XML\PersonalFinanceManager\PersonalFinanceManager.DAL\bin\Debug\PersonalFinanceManager.DAL.dll [D:\XML\PersonalFinanceManager\PersonalFinanceManager.UI\PersonalFinanceManager.UI.csproj]
C:\Program Files\Microsoft Visual Studio\18\Insiders\MSBuild\Current\Bin\Microsoft.Common.CurrentVersion.targets(2451,5): warning MSB3277:             D:\XML\PersonalFinanceManager\PersonalFinanceManager.Infrastructure\bin\Debug\PersonalFinanceManager.Infrastructure.dll [D:\XML\PersonalFinanceManager\PersonalFinanceManager.UI\PersonalFinanceManager.UI.csproj]
C:\Program Files\Microsoft Visual Studio\18\Insiders\MSBuild\Current\Bin\Microsoft.Common.CurrentVersion.targets(2451,5): warning MSB3277:         D:\XML\PersonalFinanceManager\PersonalFinanceManager.BLL\bin\Debug\System.Threading.Channels.dll [D:\XML\PersonalFinanceManager\PersonalFinanceManager.UI\PersonalFinanceManager.UI.csproj]
C:\Program Files\Microsoft Visual Studio\18\Insiders\MSBuild\Current\Bin\Microsoft.Common.CurrentVersion.targets(2451,5): warning MSB3277:           Project file item includes which caused reference "D:\XML\PersonalFinanceManager\PersonalFinanceManager.BLL\bin\Debug\System.Threading.Channels.dll". [D:\XML\PersonalFinanceManager\PersonalFinanceManager.UI\PersonalFinanceManager.UI.csproj]
C:\Program Files\Microsoft Visual Studio\18\Insiders\MSBuild\Current\Bin\Microsoft.Common.CurrentVersion.targets(2451,5): warning MSB3277:             D:\XML\PersonalFinanceManager\PersonalFinanceManager.BLL\bin\Debug\PersonalFinanceManager.BLL.dll [D:\XML\PersonalFinanceManager\PersonalFinanceManager.UI\PersonalFinanceManager.UI.csproj]
C:\Program Files\Microsoft Visual Studio\18\Insiders\MSBuild\Current\Bin\Microsoft.Common.CurrentVersion.targets(2451,5): warning MSB3277:             D:\XML\PersonalFinanceManager\PersonalFinanceManager.Infrastructure\bin\Debug\PersonalFinanceManager.Infrastructure.dll [D:\XML\PersonalFinanceManager\PersonalFinanceManager.UI\PersonalFinanceManager.UI.csproj]


"D:\XML\PersonalFinanceManager\PersonalFinanceManager.slnx" (Rebuild target) (1) ->
"D:\XML\PersonalFinanceManager\PersonalFinanceManager.UI\PersonalFinanceManager.UI.csproj" (Rebuild target) (7) ->
(CoreCompile target) -> 
  D:\XML\PersonalFinanceManager\PersonalFinanceManager.UI\Forms\Accounts\AccountForm.cs(19,22): warning CS0414: The field 'AccountForm.currentChildForm' is assigned but its value is never used [D:\XML\PersonalFinanceManager\PersonalFinanceManager.UI\PersonalFinanceManager.UI.csproj]

    11 Warning(s)
    0 Error(s)

Time Elapsed 00:00:01.89
